species,functional,program,energy_hartree,wall_time_seconds,cpu_time_seconds,cpu_time_source,nprocs,completed,output_file
1-P1,B2GP-PLYP-D4,ORCA,-616.44871970082,249.289,2991.468,estimated_from_wall_time_and_nprocs,12,True,calculations/single_points/raw_outputs/B2GP-PLYP-D4/1-P1_B2GP-PLYP-D4.out
1-R1,B2GP-PLYP-D4,ORCA,-616.457190924782,270.84,3250.08,estimated_from_wall_time_and_nprocs,12,True,calculations/single_points/raw_outputs/B2GP-PLYP-D4/1-R1_B2GP-PLYP-D4.out
1-TS,B2GP-PLYP-D4,ORCA,-616.436914711358,284.82,3417.84,estimated_from_wall_time_and_nprocs,12,True,calculations/single_points/raw_outputs/B2GP-PLYP-D4/1-TS_B2GP-PLYP-D4.out
10-P1,B2GP-PLYP-D4,ORCA,-153.117667601688,6.693,53.544,estimated_from_wall_time_and_nprocs,8,True,calculations/single_points/raw_outputs/B2GP-PLYP-D4/10-P1_B2GP-PLYP-D4.out
10-P2,B2GP-PLYP-D4,ORCA,-39.810039180143,2.749,21.992,estimated_from_wall_time_and_nprocs,8,True,calculations/single_points/raw_outputs/B2GP-PLYP-D4/10-P2_B2GP-PLYP-D4.out
10-R1,B2GP-PLYP-D4,ORCA,-192.936614774161,43.545,174.18,estimated_from_wall_time_and_nprocs,4,True,calculations/single_points/raw_outputs/B2GP-PLYP-D4/10-R1_B2GP-PLYP-D4.out
10-TS,B2GP-PLYP-D4,ORCA,-192.911676577485,16.553,132.424,estimated_from_wall_time_and_nprocs,8,True,calculations/single_points/raw_outputs/B2GP-PLYP-D4/10-TS_B2GP-PLYP-D4.out
11-P1,B2GP-PLYP-D4,ORCA,-344.751619486125,46.986,375.888,estimated_from_wall_time_and_nprocs,8,True,calculations/single_points/raw_outputs/B2GP-PLYP-D4/11-P1_B2GP-PLYP-D4.out
11-P2,B2GP-PLYP-D4,ORCA,-203.351896491212,9.292,74.336,estimated_from_wall_time_and_nprocs,8,True,calculations/single_points/raw_outputs/B2GP-PLYP-D4/11-P2_B2GP-PLYP-D4.out
11-R1,B2GP-PLYP-D4,ORCA,-548.104060479202,162.009,1296.072,estimated_from_wall_time_and_nprocs,8,True,calculations/single_points/raw_outputs/B2GP-PLYP-D4/11-R1_B2GP-PLYP-D4.out
11-TS,B2GP-PLYP-D4,ORCA,-548.092041130137,139.699,1117.592,estimated_from_wall_time_and_nprocs,8,True,calculations/single_points/raw_outputs/B2GP-PLYP-D4/11-TS_B2GP-PLYP-D4.out
12-P1,B2GP-PLYP-D4,ORCA,-803.269846341202,164.333,1314.664,estimated_from_wall_time_and_nprocs,8,True,calculations/single_points/raw_outputs/B2GP-PLYP-D4/12-P1_B2GP-PLYP-D4.out
12-R1,B2GP-PLYP-D4,ORCA,-646.085374217204,40.166,321.328,estimated_from_wall_time_and_nprocs,8,True,calculations/single_points/raw_outputs/B2GP-PLYP-D4/12-R1_B2GP-PLYP-D4.out
12-R2,B2GP-PLYP-D4,ORCA,-157.125138480883,14.595,116.76,estimated_from_wall_time_and_nprocs,8,True,calculations/single_points/raw_outputs/B2GP-PLYP-D4/12-R2_B2GP-PLYP-D4.out
12-TS,B2GP-PLYP-D4,ORCA,-803.211474343511,177.694,1421.552,estimated_from_wall_time_and_nprocs,8,True,calculations/single_points/raw_outputs/B2GP-PLYP-D4/12-TS_B2GP-PLYP-D4.out
13-P1,B2GP-PLYP-D4,ORCA,-455.916369051723,233.866,935.464,estimated_from_wall_time_and_nprocs,4,True,calculations/single_points/raw_outputs/B2GP-PLYP-D4/13-P1_B2GP-PLYP-D4.out
13-R1,B2GP-PLYP-D4,ORCA,-192.936614774161,43.545,174.18,estimated_from_wall_time_and_nprocs,4,True,calculations/single_points/raw_outputs/B2GP-PLYP-D4/13-R1_B2GP-PLYP-D4.out
13-R2,B2GP-PLYP-D4,ORCA,-262.947185563573,30.873,123.492,estimated_from_wall_time_and_nprocs,4,True,calculations/single_points/raw_outputs/B2GP-PLYP-D4/13-R2_B2GP-PLYP-D4.out
13-TS,B2GP-PLYP-D4,ORCA,-455.867086070081,544.408,2177.632,estimated_from_wall_time_and_nprocs,4,True,calculations/single_points/raw_outputs/B2GP-PLYP-D4/13-TS_B2GP-PLYP-D4.out
14-P1,B2GP-PLYP-D4,ORCA,-388.173101046667,101.058,808.464,estimated_from_wall_time_and_nprocs,8,True,calculations/single_points/raw_outputs/B2GP-PLYP-D4/14-P1_B2GP-PLYP-D4.out
14-R1,B2GP-PLYP-D4,ORCA,-192.929549740934,14.254,114.032,estimated_from_wall_time_and_nprocs,8,True,calculations/single_points/raw_outputs/B2GP-PLYP-D4/14-R1_B2GP-PLYP-D4.out
14-R2,B2GP-PLYP-D4,ORCA,-195.168951214656,15.183,121.464,estimated_from_wall_time_and_nprocs,8,True,calculations/single_points/raw_outputs/B2GP-PLYP-D4/14-R2_B2GP-PLYP-D4.out
14-TS,B2GP-PLYP-D4,ORCA,-388.123456182648,103.482,827.856,estimated_from_wall_time_and_nprocs,8,True,calculations/single_points/raw_outputs/B2GP-PLYP-D4/14-TS_B2GP-PLYP-D4.out
15-P1,B2GP-PLYP-D4,ORCA,-384.81563013154,206.693,826.772,estimated_from_wall_time_and_nprocs,4,True,calculations/single_points/raw_outputs/B2GP-PLYP-D4/15-P1_B2GP-PLYP-D4.out
15-R1,B2GP-PLYP-D4,ORCA,-306.266351103689,73.015,292.06,estimated_from_wall_time_and_nprocs,4,True,calculations/single_points/raw_outputs/B2GP-PLYP-D4/15-R1_B2GP-PLYP-D4.out
15-R2,B2GP-PLYP-D4,ORCA,-78.536970974891,4.063,32.504,estimated_from_wall_time_and_nprocs,8,True,calculations/single_points/raw_outputs/B2GP-PLYP-D4/15-R2_B2GP-PLYP-D4.out
15-TS,B2GP-PLYP-D4,ORCA,-384.763859746598,225.682,902.728,estimated_from_wall_time_and_nprocs,4,True,calculations/single_points/raw_outputs/B2GP-PLYP-D4/15-TS_B2GP-PLYP-D4.out
16-P1,B2GP-PLYP-D4,ORCA,-460.012543656309,79.522,636.176,estimated_from_wall_time_and_nprocs,8,True,calculations/single_points/raw_outputs/B2GP-PLYP-D4/16-P1_B2GP-PLYP-D4.out
16-R1,B2GP-PLYP-D4,ORCA,-381.460245418593,36.487,291.896,estimated_from_wall_time_and_nprocs,8,True,calculations/single_points/raw_outputs/B2GP-PLYP-D4/16-R1_B2GP-PLYP-D4.out
16-TS,B2GP-PLYP-D4,ORCA,-459.970839586656,83.119,664.952,estimated_from_wall_time_and_nprocs,8,True,calculations/single_points/raw_outputs/B2GP-PLYP-D4/16-TS_B2GP-PLYP-D4.out
17-P1,B2GP-PLYP-D4,ORCA,-647.351990478912,360.544,1442.176,estimated_from_wall_time_and_nprocs,4,True,calculations/single_points/raw_outputs/B2GP-PLYP-D4/17-P1_B2GP-PLYP-D4.out
17-R2,B2GP-PLYP-D4,ORCA,-341.063892162565,36.404,145.616,estimated_from_wall_time_and_nprocs,4,True,calculations/single_points/raw_outputs/B2GP-PLYP-D4/17-R2_B2GP-PLYP-D4.out
17-TS,B2GP-PLYP-D4,ORCA,-647.311567636822,393.954,1575.816,estimated_from_wall_time_and_nprocs,4,True,calculations/single_points/raw_outputs/B2GP-PLYP-D4/17-TS_B2GP-PLYP-D4.out
18-P1,B2GP-PLYP-D4,ORCA,-555.095537460722,29.959,239.672,estimated_from_wall_time_and_nprocs,8,True,calculations/single_points/raw_outputs/B2GP-PLYP-D4/18-P1_B2GP-PLYP-D4.out
18-R1,B2GP-PLYP-D4,ORCA,-397.961929102415,1.77,14.16,estimated_from_wall_time_and_nprocs,8,True,calculations/single_points/raw_outputs/B2GP-PLYP-D4/18-R1_B2GP-PLYP-D4.out
18-TS,B2GP-PLYP-D4,ORCA,-555.082614973481,45.803,366.424,estimated_from_wall_time_and_nprocs,8,True,calculations/single_points/raw_outputs/B2GP-PLYP-D4/18-TS_B2GP-PLYP-D4.out
19-P1,B2GP-PLYP-D4,ORCA,-553.858585501139,32.298,258.384,estimated_from_wall_time_and_nprocs,8,True,calculations/single_points/raw_outputs/B2GP-PLYP-D4/19-P1_B2GP-PLYP-D4.out
19-R2,B2GP-PLYP-D4,ORCA,-155.89498166576,10.057,80.456,estimated_from_wall_time_and_nprocs,8,True,calculations/single_points/raw_outputs/B2GP-PLYP-D4/19-R2_B2GP-PLYP-D4.out
19-TS,B2GP-PLYP-D4,ORCA,-553.849662326125,36.793,294.344,estimated_from_wall_time_and_nprocs,8,True,calculations/single_points/raw_outputs/B2GP-PLYP-D4/19-TS_B2GP-PLYP-D4.out
2-P1,B2GP-PLYP-D4,ORCA,-616.475224297354,260.659,3127.908,estimated_from_wall_time_and_nprocs,12,True,calculations/single_points/raw_outputs/B2GP-PLYP-D4/2-P1_B2GP-PLYP-D4.out
2-TS,B2GP-PLYP-D4,ORCA,-616.444975432003,303.311,3639.732,estimated_from_wall_time_and_nprocs,12,True,calculations/single_points/raw_outputs/B2GP-PLYP-D4/2-TS_B2GP-PLYP-D4.out
20-P1,B2GP-PLYP-D4,ORCA,-779.940622823259,66.793,534.344,estimated_from_wall_time_and_nprocs,8,True,calculations/single_points/raw_outputs/B2GP-PLYP-D4/20-P1_B2GP-PLYP-D4.out
20-P2,B2GP-PLYP-D4,ORCA,-231.422827104614,27.069,216.552,estimated_from_wall_time_and_nprocs,8,True,calculations/single_points/raw_outputs/B2GP-PLYP-D4/20-P2_B2GP-PLYP-D4.out
20-R1,B2GP-PLYP-D4,ORCA,-1011.360373199353,313.619,2508.952,estimated_from_wall_time_and_nprocs,8,True,calculations/single_points/raw_outputs/B2GP-PLYP-D4/20-R1_B2GP-PLYP-D4.out
20-TS,B2GP-PLYP-D4,ORCA,-1011.347115846907,307.976,2463.808,estimated_from_wall_time_and_nprocs,8,True,calculations/single_points/raw_outputs/B2GP-PLYP-D4/20-TS_B2GP-PLYP-D4.out
21-P1,B2GP-PLYP-D4,ORCA,-914.183492675698,189.974,1519.792,estimated_from_wall_time_and_nprocs,8,True,calculations/single_points/raw_outputs/B2GP-PLYP-D4/21-P1_B2GP-PLYP-D4.out
21-R1,B2GP-PLYP-D4,ORCA,-914.173272913074,180.265,1442.12,estimated_from_wall_time_and_nprocs,8,True,calculations/single_points/raw_outputs/B2GP-PLYP-D4/21-R1_B2GP-PLYP-D4.out
21-TS,B2GP-PLYP-D4,ORCA,-914.160613961442,180.173,1441.384,estimated_from_wall_time_and_nprocs,8,True,calculations/single_points/raw_outputs/B2GP-PLYP-D4/21-TS_B2GP-PLYP-D4.out
22-P1,B2GP-PLYP-D4,ORCA,-594.94094206757,177.959,2135.508,estimated_from_wall_time_and_nprocs,12,True,calculations/single_points/raw_outputs/B2GP-PLYP-D4/22-P1_B2GP-PLYP-D4.out
22-R1,B2GP-PLYP-D4,ORCA,-594.921483047063,180.152,2161.8239999999996,estimated_from_wall_time_and_nprocs,12,True,calculations/single_points/raw_outputs/B2GP-PLYP-D4/22-R1_B2GP-PLYP-D4.out
22-TS,B2GP-PLYP-D4,ORCA,-594.90683863703,185.853,2230.236,estimated_from_wall_time_and_nprocs,12,True,calculations/single_points/raw_outputs/B2GP-PLYP-D4/22-TS_B2GP-PLYP-D4.out
23-P1,B2GP-PLYP-D4,ORCA,-310.81068122919,66.096,528.768,estimated_from_wall_time_and_nprocs,8,True,calculations/single_points/raw_outputs/B2GP-PLYP-D4/23-P1_B2GP-PLYP-D4.out
23-R1,B2GP-PLYP-D4,ORCA,-310.80260134167,67.035,536.28,estimated_from_wall_time_and_nprocs,8,True,calculations/single_points/raw_outputs/B2GP-PLYP-D4/23-R1_B2GP-PLYP-D4.out
23-TS,B2GP-PLYP-D4,ORCA,-310.789516361146,69.944,559.552,estimated_from_wall_time_and_nprocs,8,True,calculations/single_points/raw_outputs/B2GP-PLYP-D4/23-TS_B2GP-PLYP-D4.out
24-P1,B2GP-PLYP-D4,ORCA,-463.17665690743,191.313,1530.504,estimated_from_wall_time_and_nprocs,8,True,calculations/single_points/raw_outputs/B2GP-PLYP-D4/24-P1_B2GP-PLYP-D4.out
24-R1,B2GP-PLYP-D4,ORCA,-463.155419799504,210.893,1687.144,estimated_from_wall_time_and_nprocs,8,True,calculations/single_points/raw_outputs/B2GP-PLYP-D4/24-R1_B2GP-PLYP-D4.out
24-TS,B2GP-PLYP-D4,ORCA,-463.149547999936,195.782,1566.256,estimated_from_wall_time_and_nprocs,8,True,calculations/single_points/raw_outputs/B2GP-PLYP-D4/24-TS_B2GP-PLYP-D4.out
25-P1,B2GP-PLYP-D4,ORCA,-385.255260815662,305.828,1223.312,estimated_from_wall_time_and_nprocs,4,True,calculations/single_points/raw_outputs/B2GP-PLYP-D4/25-P1_B2GP-PLYP-D4.out
25-P2,B2GP-PLYP-D4,ORCA,-39.810040437523,8.227,32.908,estimated_from_wall_time_and_nprocs,4,True,calculations/single_points/raw_outputs/B2GP-PLYP-D4/25-P2_B2GP-PLYP-D4.out
25-R1,B2GP-PLYP-D4,ORCA,-384.576603503794,238.755,955.02,estimated_from_wall_time_and_nprocs,4,True,calculations/single_points/raw_outputs/B2GP-PLYP-D4/25-R1_B2GP-PLYP-D4.out
25-R2,B2GP-PLYP-D4,ORCA,-40.486531190929,2.74,21.92,estimated_from_wall_time_and_nprocs,8,True,calculations/single_points/raw_outputs/B2GP-PLYP-D4/25-R2_B2GP-PLYP-D4.out
25-TS,B2GP-PLYP-D4,ORCA,-425.043148129815,441.864,1767.456,estimated_from_wall_time_and_nprocs,4,True,calculations/single_points/raw_outputs/B2GP-PLYP-D4/25-TS_B2GP-PLYP-D4.out
26-P2,B2GP-PLYP-D4,ORCA,-115.004484879049,14.221,56.884,estimated_from_wall_time_and_nprocs,4,True,calculations/single_points/raw_outputs/B2GP-PLYP-D4/26-P2_B2GP-PLYP-D4.out
26-R2,B2GP-PLYP-D4,ORCA,-115.680965649804,13.143,52.572,estimated_from_wall_time_and_nprocs,4,True,calculations/single_points/raw_outputs/B2GP-PLYP-D4/26-R2_B2GP-PLYP-D4.out
26-TS,B2GP-PLYP-D4,ORCA,-500.243882042369,527.955,2111.82,estimated_from_wall_time_and_nprocs,4,True,calculations/single_points/raw_outputs/B2GP-PLYP-D4/26-TS_B2GP-PLYP-d4.out
27-P1,B2GP-PLYP-D4,ORCA,-75.716924515636,1.996,15.968,estimated_from_wall_time_and_nprocs,8,True,calculations/single_points/raw_outputs/B2GP-PLYP-D4/27-P1_B2GP-PLYP-D4.out
27-P2,B2GP-PLYP-D4,ORCA,-549.038039792309,5.188,41.504,estimated_from_wall_time_and_nprocs,8,True,calculations/single_points/raw_outputs/B2GP-PLYP-D4/27-P2_B2GP-PLYP-D4.out
27-R1,B2GP-PLYP-D4,ORCA,-548.350834912824,4.001,32.008,estimated_from_wall_time_and_nprocs,8,True,calculations/single_points/raw_outputs/B2GP-PLYP-D4/27-R1_B2GP-PLYP-D4.out
27-R2,B2GP-PLYP-D4,ORCA,-76.413617777854,1.9449999999999998,15.559999999999999,estimated_from_wall_time_and_nprocs,8,True,calculations/single_points/raw_outputs/B2GP-PLYP-D4/27-R2_B2GP-PLYP-D4.out
27-TS,B2GP-PLYP-D4,ORCA,-624.746850753738,14.262,114.096,estimated_from_wall_time_and_nprocs,8,True,calculations/single_points/raw_outputs/B2GP-PLYP-D4/27-TS_B2GP-PLYP-D4.out
28-R1,B2GP-PLYP-D4,ORCA,-40.486531190929,2.74,21.92,estimated_from_wall_time_and_nprocs,8,True,calculations/single_points/raw_outputs/B2GP-PLYP-D4/28-R1_B2GP-PLYP-D4.out
28-TS,B2GP-PLYP-D4,ORCA,-588.825876811364,14.928,119.424,estimated_from_wall_time_and_nprocs,8,True,calculations/single_points/raw_outputs/B2GP-PLYP-D4/28-TS_B2GP-PLYP-D4.out
29-P1,B2GP-PLYP-D4,ORCA,-157.689542252066,21.629,173.032,estimated_from_wall_time_and_nprocs,8,True,calculations/single_points/raw_outputs/B2GP-PLYP-D4/29-P1_B2GP-PLYP-D4.out
29-R1,B2GP-PLYP-D4,ORCA,-158.351784078201,17.055,136.44,estimated_from_wall_time_and_nprocs,8,True,calculations/single_points/raw_outputs/B2GP-PLYP-D4/29-R1_B2GP-PLYP-D4.out
29-TS,B2GP-PLYP-D4,ORCA,-706.696829561282,81.908,655.264,estimated_from_wall_time_and_nprocs,8,True,calculations/single_points/raw_outputs/B2GP-PLYP-D4/29-TS_B2GP-PLYP-D4.out
3-P1,B2GP-PLYP-D4,ORCA,-833.892337055555,182.359,1458.872,estimated_from_wall_time_and_nprocs,8,True,calculations/single_points/raw_outputs/B2GP-PLYP-D4/3-P1_B2GP-PLYP-D4.out
3-R1,B2GP-PLYP-D4,ORCA,-833.87776934358,148.397,1187.176,estimated_from_wall_time_and_nprocs,8,True,calculations/single_points/raw_outputs/B2GP-PLYP-D4/3-R1_B2GP-PLYP-D4.out
3-TS,B2GP-PLYP-D4,ORCA,-833.855043514034,184.623,1476.984,estimated_from_wall_time_and_nprocs,8,True,calculations/single_points/raw_outputs/B2GP-PLYP-D4/3-TS_B2GP-PLYP-D4.out
30-P1,B2GP-PLYP-D4,ORCA,-117.18177027925,9.708,77.664,estimated_from_wall_time_and_nprocs,8,True,calculations/single_points/raw_outputs/B2GP-PLYP-D4/30-P1_B2GP-PLYP-D4.out
30-R1,B2GP-PLYP-D4,ORCA,-117.830629030169,8.493,67.944,estimated_from_wall_time_and_nprocs,8,True,calculations/single_points/raw_outputs/B2GP-PLYP-D4/30-R1_B2GP-PLYP-D4.out
30-TS,B2GP-PLYP-D4,ORCA,-666.173750471631,39.107,312.856,estimated_from_wall_time_and_nprocs,8,True,calculations/single_points/raw_outputs/B2GP-PLYP-D4/30-TS_B2GP-PLYP-D4.out
31-P1,B2GP-PLYP-D4,ORCA,-753.795120533635,582.095,1164.19,estimated_from_wall_time_and_nprocs,2,True,calculations/single_points/raw_outputs/B2GP-PLYP-D4/31-P1_B2GP-PLYP-D4.out
31-R1,B2GP-PLYP-D4,ORCA,-753.768494814315,1024.46,2048.92,estimated_from_wall_time_and_nprocs,2,True,calculations/single_points/raw_outputs/B2GP-PLYP-D4/31-R1_B2GP-PLYP-D4.out
31-TS,B2GP-PLYP-D4,ORCA,-753.759892980042,928.416,1856.832,estimated_from_wall_time_and_nprocs,2,True,calculations/single_points/raw_outputs/B2GP-PLYP-D4/31-TS_B2GP-PLYP-D4.out
32-P1,B2GP-PLYP-D4,ORCA,-562.149986300172,65.853,526.824,estimated_from_wall_time_and_nprocs,8,True,calculations/single_points/raw_outputs/B2GP-PLYP-D4/32-P1_B2GP-PLYP-D4.out
32-R1,B2GP-PLYP-D4,ORCA,-562.127749771115,69.437,555.496,estimated_from_wall_time_and_nprocs,8,True,calculations/single_points/raw_outputs/B2GP-PLYP-D4/32-R1_B2GP-PLYP-D4.out
32-TS,B2GP-PLYP-D4,ORCA,-562.117810630501,63.74,509.92,estimated_from_wall_time_and_nprocs,8,True,calculations/single_points/raw_outputs/B2GP-PLYP-D4/32-TS_B2GP-PLYP-D4.out
33-P1,B2GP-PLYP-D4,ORCA,-678.785243117314,2640.053,5280.106,estimated_from_wall_time_and_nprocs,2,True,calculations/single_points/raw_outputs/B2GP-PLYP-D4/33-P1_B2GP-PLYP-D4.out
33-R1,B2GP-PLYP-D4,ORCA,-678.76587530033,164.283,1314.264,estimated_from_wall_time_and_nprocs,8,True,calculations/single_points/raw_outputs/B2GP-PLYP-D4/33-R1_B2GP-PLYP-D4.out
33-TS,B2GP-PLYP-D4,ORCA,-678.753807949144,140.916,1127.328,estimated_from_wall_time_and_nprocs,8,True,calculations/single_points/raw_outputs/B2GP-PLYP-D4/33-TS_B2GP-PLYP-D4.out
34-P1,B2GP-PLYP-D4,ORCA,-1139.480829486909,2404.528,4809.056,estimated_from_wall_time_and_nprocs,2,True,calculations/single_points/raw_outputs/B2GP-PLYP-D4/34-P1_B2GP-PLYP-D4.out
34-R1,B2GP-PLYP-D4,ORCA,-1139.460246756414,215.275,1722.2,estimated_from_wall_time_and_nprocs,8,True,calculations/single_points/raw_outputs/B2GP-PLYP-D4/34-R1_B2GP-PLYP-D4.out
34-TS,B2GP-PLYP-D4,ORCA,-1139.448859552144,181.568,1452.544,estimated_from_wall_time_and_nprocs,8,True,calculations/single_points/raw_outputs/B2GP-PLYP-D4/34-TS_B2GP-PLYP-D4.out
35-P1,B2GP-PLYP-D4,ORCA,-3253.230439122588,947.579,1895.158,estimated_from_wall_time_and_nprocs,2,True,calculations/single_points/raw_outputs/B2GP-PLYP-D4/35-P1_B2GP-PLYP-D4.out
35-R1,B2GP-PLYP-D4,ORCA,-3253.209312942042,1101.928,2203.856,estimated_from_wall_time_and_nprocs,2,True,calculations/single_points/raw_outputs/B2GP-PLYP-D4/35-R1_B2GP-PLYP-D4.out
35-TS,B2GP-PLYP-D4,ORCA,-3253.198287736829,991.716,1983.432,estimated_from_wall_time_and_nprocs,2,True,calculations/single_points/raw_outputs/B2GP-PLYP-D4/35-TS_B2GP-PLYP-D4.out
36-P1,B2GP-PLYP-D4,ORCA,-1074.470400591025,167.052,1336.416,estimated_from_wall_time_and_nprocs,8,True,calculations/single_points/raw_outputs/B2GP-PLYP-D4/36-P1_B2GP-PLYP-D4.out
36-R1,B2GP-PLYP-D4,ORCA,-1074.442146399689,191.446,1531.568,estimated_from_wall_time_and_nprocs,8,True,calculations/single_points/raw_outputs/B2GP-PLYP-D4/36-R1_B2GP-PLYP-D4.out
36-TS,B2GP-PLYP-D4,ORCA,-1074.432722772319,181.184,1449.472,estimated_from_wall_time_and_nprocs,8,True,calculations/single_points/raw_outputs/B2GP-PLYP-D4/36-TS_B2GP-PLYP-D4.out
37-P1,B2GP-PLYP-D4,ORCA,-751.603122134171,160.829,1286.632,estimated_from_wall_time_and_nprocs,8,True,calculations/single_points/raw_outputs/B2GP-PLYP-D4/37-P1_B2GP-PLYP-D4.out
37-R1,B2GP-PLYP-D4,ORCA,-751.579038271719,202.557,1620.456,estimated_from_wall_time_and_nprocs,8,True,calculations/single_points/raw_outputs/B2GP-PLYP-D4/37-R1_b2GP-PLYP-D4.out
37-TS,B2GP-PLYP-D4,ORCA,-751.566657835991,169.613,1356.904,estimated_from_wall_time_and_nprocs,8,True,calculations/single_points/raw_outputs/B2GP-PLYP-D4/37-TS_B2GP-PLYP-D4.out
38-P1,B2GP-PLYP-D4,ORCA,-348.115304441356,91.402,731.216,estimated_from_wall_time_and_nprocs,8,True,calculations/single_points/raw_outputs/B2GP-PLYP-D4/38-P1_B2GP-PLYP-D4.out
38-P2,B2GP-PLYP-D4,ORCA,-459.995962390809,1.7389999999999999,13.911999999999999,estimated_from_wall_time_and_nprocs,8,True,calculations/single_points/raw_outputs/B2GP-PLYP-D4/38-P2_B2GP-PLYP-D4.out
38-R1,B2GP-PLYP-D4,ORCA,-808.127240941724,111.514,892.112,estimated_from_wall_time_and_nprocs,8,True,calculations/single_points/raw_outputs/B2GP-PLYP-D4/38-R1_B2GP-PLYP-D4.out
38-TS,B2GP-PLYP-D4,ORCA,-808.114281533678,113.47,907.76,estimated_from_wall_time_and_nprocs,8,True,calculations/single_points/raw_outputs/B2GP-PLYP-D4/38-TS_B2GP-PLYP-D4.out
39-P2,B2GP-PLYP-D4,ORCA,-2573.762204349939,2.286,18.288,estimated_from_wall_time_and_nprocs,8,True,calculations/single_points/raw_outputs/B2GP-PLYP-D4/39-P2_B2GP-PLYP-D4.out
39-R1,B2GP-PLYP-D4,ORCA,-2921.879174844256,112.168,897.344,estimated_from_wall_time_and_nprocs,8,True,calculations/single_points/raw_outputs/B2GP-PLYP-D4/39-R1_B2GP-PLYP-D4.out
39-TS,B2GP-PLYP-D4,ORCA,-2921.873585476472,119.288,954.304,estimated_from_wall_time_and_nprocs,8,True,calculations/single_points/raw_outputs/B2GP-PLYP-D4/39-TS_B2GP-PLYP-D4.out
4-P1,B2GP-PLYP-D4,ORCA,-833.900494869702,164.896,1319.168,estimated_from_wall_time_and_nprocs,8,True,calculations/single_points/raw_outputs/B2GP-PLYP-D4/4-P1_B2GP-PLYP-D4.out
4-TS,B2GP-PLYP-D4,ORCA,-833.848964854856,179.003,1432.024,estimated_from_wall_time_and_nprocs,8,True,calculations/single_points/raw_outputs/B2GP-PLYP-D4/4-TS_B2GP-PLYP-D4.out
40-P1,B2GP-PLYP-D4,ORCA,-462.595436810971,144.872,1158.976,estimated_from_wall_time_and_nprocs,8,True,calculations/single_points/raw_outputs/B2GP-PLYP-D4/40-P1_B2GP-PLYP-D4.out
40-R1,B2GP-PLYP-D4,ORCA,-922.61193993366,179.679,1437.432,estimated_from_wall_time_and_nprocs,8,True,calculations/single_points/raw_outputs/B2GP-PLYP-D4/40-R1_B2GP-PLYP-D4.out
40-TS,B2GP-PLYP-D4,ORCA,-922.598927806501,185.352,1482.816,estimated_from_wall_time_and_nprocs,8,True,calculations/single_points/raw_outputs/B2GP-PLYP-D4/40-TS_B2GP-PLYP-D4.out
41-P1,B2GP-PLYP-D4,ORCA,-822.350174177134,180.017,1440.136,estimated_from_wall_time_and_nprocs,8,True,calculations/single_points/raw_outputs/B2GP-PLYP-D4/41-P1_B2GP-PLYP-D4.out
41-R1,B2GP-PLYP-D4,ORCA,-1282.368016844151,199.189,1593.512,estimated_from_wall_time_and_nprocs,8,True,calculations/single_points/raw_outputs/B2GP-PLYP-D4/41-R1_B2GP-PLYP-D4.out
41-TS,B2GP-PLYP-D4,ORCA,-1282.360525289932,204.937,1639.496,estimated_from_wall_time_and_nprocs,8,True,calculations/single_points/raw_outputs/B2GP-PLYP-D4/41-TS_B2GP-PLYP-D4.out
42-P1,B2GP-PLYP-D4,ORCA,-509.142585716952,77.374,618.992,estimated_from_wall_time_and_nprocs,8,True,calculations/single_points/raw_outputs/B2GP-PLYP-D4/42-P1_B2GP-PLYP-D4.out
42-R1,B2GP-PLYP-D4,ORCA,-430.571696522095,36.738,293.904,estimated_from_wall_time_and_nprocs,8,True,calculations/single_points/raw_outputs/B2GP-PLYP-D4/42-R1_B2GP-PLYP-D4.out
42-R2,B2GP-PLYP-D4,ORCA,-78.536970974891,4.063,32.504,estimated_from_wall_time_and_nprocs,8,True,calculations/single_points/raw_outputs/B2GP-PLYP-D4/42-R2_B2GP-PLYP-D4.out
42-TS,B2GP-PLYP-D4,ORCA,-509.095255837131,86.911,695.288,estimated_from_wall_time_and_nprocs,8,True,calculations/single_points/raw_outputs/B2GP-PLYP-D4/42-TS_B2GP-PLYP-D4.out
43-P1,B2GP-PLYP-D4,ORCA,-304.57119347743,55.799,446.392,estimated_from_wall_time_and_nprocs,8,True,calculations/single_points/raw_outputs/B2GP-PLYP-D4/43-P1_B2GP-PLYP-D4.out
43-R1,B2GP-PLYP-D4,ORCA,-304.53423836257,53.858,430.864,estimated_from_wall_time_and_nprocs,8,True,calculations/single_points/raw_outputs/B2GP-PLYP-D4/43-R1_B2GP-PLYP-D4.out
43-TS,B2GP-PLYP-D4,ORCA,-304.522156108818,55.782,446.256,estimated_from_wall_time_and_nprocs,8,True,calculations/single_points/raw_outputs/B2GP-PLYP-D4/43-TS_B2GP-PLYP-D4.out
44-P1,B2GP-PLYP-D4,ORCA,-109.495295542788,1.875,15.0,estimated_from_wall_time_and_nprocs,8,True,calculations/single_points/raw_outputs/B2GP-PLYP-D4/44-P1_B2GP-PLYP-D4.out
44-P2,B2GP-PLYP-D4,ORCA,-195.103119962933,25.022,200.176,estimated_from_wall_time_and_nprocs,8,True,calculations/single_points/raw_outputs/B2GP-PLYP-D4/44-P2_B2GP-PLYP-D4.out
44-TS,B2GP-PLYP-D4,ORCA,-304.568077696737,57.301,458.408,estimated_from_wall_time_and_nprocs,8,True,calculations/single_points/raw_outputs/B2GP-PLYP-D4/44-TS_B2GP-PLYP-D4.out
45-P1,B2GP-PLYP-D4,ORCA,-422.432132773285,164.26,1314.08,estimated_from_wall_time_and_nprocs,8,True,calculations/single_points/raw_outputs/B2GP-PLYP-D4/45-P1_B2GP-PLYP-D4.out
45-R1,B2GP-PLYP-D4,ORCA,-422.413049594166,155.601,1244.808,estimated_from_wall_time_and_nprocs,8,True,calculations/single_points/raw_outputs/B2GP-PLYP-D4/45-R1_B2GP-PLYP-D4.out
45-TS,B2GP-PLYP-D4,ORCA,-422.395280696094,166.144,1329.152,estimated_from_wall_time_and_nprocs,8,True,calculations/single_points/raw_outputs/B2GP-PLYP-D4/45-TS_B2GP-PLYP-D4.out
46-P1,B2GP-PLYP-D4,ORCA,-312.986016891181,94.45,755.6,estimated_from_wall_time_and_nprocs,8,True,calculations/single_points/raw_outputs/B2GP-PLYP-D4/46-P1_B2GP-PLYP-D4.out
46-TS,B2GP-PLYP-D4,ORCA,-422.431433719372,167.725,1341.8,estimated_from_wall_time_and_nprocs,8,True,calculations/single_points/raw_outputs/B2GP-PLYP-D4/46-TS_B2GP-PLYP-D4.out
47-P1,B2GP-PLYP-D4,ORCA,-309.361707464657,62.008,496.064,estimated_from_wall_time_and_nprocs,8,True,calculations/single_points/raw_outputs/B2GP-PLYP-D4/47-P1_B2GP-PLYP-D4.out
47-R1,B2GP-PLYP-D4,ORCA,-418.851748424701,105.564,844.512,estimated_from_wall_time_and_nprocs,8,True,calculations/single_points/raw_outputs/B2GP-PLYP-D4/47-R1_B2GP-PLYP-D4.out
47-TS,B2GP-PLYP-D4,ORCA,-418.83299656788,104.698,837.584,estimated_from_wall_time_and_nprocs,8,True,calculations/single_points/raw_outputs/B2GP-PLYP-D4/47-TS_B2GP-PLYP-D4.out
48-P1,B2GP-PLYP-D4,ORCA,-951.104440374436,616.843,4934.744,estimated_from_wall_time_and_nprocs,8,True,calculations/single_points/raw_outputs/B2GP-PLYP-D4/48-P1_B2GP-PLYP-D4.out
48-R1,B2GP-PLYP-D4,ORCA,-1060.554531494229,885.503,7084.024,estimated_from_wall_time_and_nprocs,8,True,calculations/single_points/raw_outputs/B2GP-PLYP-D4/48-R1_B2GP-PLYP-D4.out
48-TS,B2GP-PLYP-D4,ORCA,-1060.552107844853,804.795,6438.36,estimated_from_wall_time_and_nprocs,8,True,calculations/single_points/raw_outputs/B2GP-PLYP-D4/48-TS_B2GP-PLYP-D4.out
49-P1,B2GP-PLYP-D4,ORCA,-477.037573554676,108.434,867.472,estimated_from_wall_time_and_nprocs,8,True,calculations/single_points/raw_outputs/B2GP-PLYP-D4/49-P1_B2GP-PLYP-D4.out
49-R1,B2GP-PLYP-D4,ORCA,-586.457612728226,146.719,1173.752,estimated_from_wall_time_and_nprocs,8,True,calculations/single_points/raw_outputs/B2GP-PLYP-D4/49-R1_B2GP-PLYP-D4.out
49-TS,B2GP-PLYP-D4,ORCA,-586.447132776453,157.449,1259.592,estimated_from_wall_time_and_nprocs,8,True,calculations/single_points/raw_outputs/B2GP-PLYP-D4/49-TS_B2GP-PLYP-D4.out
5-P1,B2GP-PLYP-D4,ORCA,-439.88724035137,231.829,927.316,estimated_from_wall_time_and_nprocs,4,True,calculations/single_points/raw_outputs/B2GP-PLYP-D4/5-P1_B2GP-PLYP-D4.out
5-R1,B2GP-PLYP-D4,ORCA,-170.745636568538,18.085,72.34,estimated_from_wall_time_and_nprocs,4,True,calculations/single_points/raw_outputs/B2GP-PLYP-D4/5-R1_B2GP-PLYP-D4.out
5-R2,B2GP-PLYP-D4,ORCA,-269.096415724918,84.822,339.288,estimated_from_wall_time_and_nprocs,4,True,calculations/single_points/raw_outputs/B2GP-PLYP-D4/5-R2_B2GP-PLYP-D4.out
5-TS,B2GP-PLYP-D4,ORCA,-439.854854376794,278.243,1112.972,estimated_from_wall_time_and_nprocs,4,True,calculations/single_points/raw_outputs/B2GP-PLYP-D4/5-TS_B2GP-PLYP-D4.out
50-R1,B2GP-PLYP-D4,ORCA,-644.731893813386,137.87,1102.96,estimated_from_wall_time_and_nprocs,8,True,calculations/single_points/raw_outputs/B2GP-PLYP-D4/50-R1_B2GP-PLYP-D4.out
50-R2,B2GP-PLYP-D4,ORCA,-415.78447514624,29.76,238.08,estimated_from_wall_time_and_nprocs,8,True,calculations/single_points/raw_outputs/B2GP-PLYP-D4/50-R2_B2GP-PLYP-D4.out
50-TS,B2GP-PLYP-D4,ORCA,-1060.514992382735,710.288,5682.304,estimated_from_wall_time_and_nprocs,8,True,calculations/single_points/raw_outputs/B2GP-PLYP-D4/50-TS_B2GP-PLYP-D4.out
6-P1,B2GP-PLYP-D4,ORCA,-439.91173477039,272.568,1090.272,estimated_from_wall_time_and_nprocs,4,True,calculations/single_points/raw_outputs/B2GP-PLYP-D4/6-P1_B2GP-PLYP-D4.out
6-TS,B2GP-PLYP-D4,ORCA,-439.846966763536,275.02,1100.08,estimated_from_wall_time_and_nprocs,4,True,calculations/single_points/raw_outputs/B2GP-PLYP-D4/6-TS_B2GP-PLYP-D4.out
7-P1,B2GP-PLYP-D4,ORCA,-615.723062940684,287.725,2301.8,estimated_from_wall_time_and_nprocs,8,True,calculations/single_points/raw_outputs/B2GP-PLYP-D4/7-P1_B2GP-PLYP-D4.out
7-R1,B2GP-PLYP-D4,ORCA,-615.701108580214,299.74,2397.92,estimated_from_wall_time_and_nprocs,8,True,calculations/single_points/raw_outputs/B2GP-PLYP-D4/7-R1_B2GP-PLYP-D4.out
7-TS,B2GP-PLYP-D4,ORCA,-615.691255365611,281.845,2254.76,estimated_from_wall_time_and_nprocs,8,True,calculations/single_points/raw_outputs/B2GP-PLYP-D4/7-TS_B2GP-PLYP-D4.out
8-P1,B2GP-PLYP-D4,ORCA,-1115.239591917806,45.588,364.704,estimated_from_wall_time_and_nprocs,8,True,calculations/single_points/raw_outputs/B2GP-PLYP-D4/8-P1_B2GP-PLYP-D4.out
8-R1,B2GP-PLYP-D4,ORCA,-157.121745308871,11.624,92.992,estimated_from_wall_time_and_nprocs,8,True,calculations/single_points/raw_outputs/B2GP-PLYP-D4/8-R1_B2GP-PLYP-D4.out
8-R2,B2GP-PLYP-D4,ORCA,-958.062632333522,4.421,35.368,estimated_from_wall_time_and_nprocs,8,True,calculations/single_points/raw_outputs/B2GP-PLYP-D4/8-R2_B2GP-PLYP-D4.out
8-TS,B2GP-PLYP-D4,ORCA,-1115.186002759402,49.26,394.08,estimated_from_wall_time_and_nprocs,8,True,calculations/single_points/raw_outputs/B2GP-PLYP-D4/8-TS_B2GP-PLYP-D4.out
9-P1,B2GP-PLYP-D4,ORCA,-614.536170701189,250.852,2006.816,estimated_from_wall_time_and_nprocs,8,True,calculations/single_points/raw_outputs/B2GP-PLYP-D4/9-P1_B2GP-PLYP-D4.out
9-R1,B2GP-PLYP-D4,ORCA,-614.529886202826,237.186,1897.488,estimated_from_wall_time_and_nprocs,8,True,calculations/single_points/raw_outputs/B2GP-PLYP-D4/9-R1_B2GP-PLYP-D4.out
9-TS,B2GP-PLYP-D4,ORCA,-614.509076358931,272.615,2180.92,estimated_from_wall_time_and_nprocs,8,True,calculations/single_points/raw_outputs/B2GP-PLYP-D4/9-TS_B2GP-PLYP-D4.out
1-P1,B3PW91-D4,Q-Chem,-616.8817355287,654.15,18786.26,reported_by_qchem,,True,calculations/single_points/raw_outputs/B3PW91-D4/1-P1_B3PW91-D4.out
1-R1,B3PW91-D4,Q-Chem,-616.8828543992,694.7,19911.01,reported_by_qchem,,True,calculations/single_points/raw_outputs/B3PW91-D4/1-R1_B3PW91-D4.out
1-TS,B3PW91-D4,Q-Chem,-616.8691813735,782.36,22149.07,reported_by_qchem,,True,calculations/single_points/raw_outputs/B3PW91-D4/1-TS_B3PW91-D4.out
10-P1,B3PW91-D4,Q-Chem,-153.1973282277,6.39,171.2,reported_by_qchem,,True,calculations/single_points/raw_outputs/B3PW91-D4/10-P1_B3PW91-D4.out
10-P2,B3PW91-D4,Q-Chem,-39.8465160721,19.78,49.5,reported_by_qchem,,True,calculations/single_points/raw_outputs/B3PW91-D4/10-P2_B3PW91-D4.out
10-R1,B3PW91-D4,Q-Chem,-193.0611258249,108.45,563.64,reported_by_qchem,,True,calculations/single_points/raw_outputs/B3PW91-D4/10-R1_B3PW91-D4.out
10-TS,B3PW91-D4,Q-Chem,-193.0335364422,23.7,653.1,reported_by_qchem,,True,calculations/single_points/raw_outputs/B3PW91-D4/10-TS_B3PW91-D4.out
11-P1,B3PW91-D4,Q-Chem,-344.9522421226,77.18,2301.16,reported_by_qchem,,True,calculations/single_points/raw_outputs/B3PW91-D4/11-P1_B3PW91-D4.out
11-P2,B3PW91-D4,Q-Chem,-203.4584158532,11.67,268.28,reported_by_qchem,,True,calculations/single_points/raw_outputs/B3PW91-D4/11-P2_B3PW91-D4.out
11-R1,B3PW91-D4,Q-Chem,-548.4217494427,388.59,11215.1,reported_by_qchem,,True,calculations/single_points/raw_outputs/B3PW91-D4/11-R1_B3PW91-D4.out
11-TS,B3PW91-D4,Q-Chem,-548.403610768,267.72,7706.8,reported_by_qchem,,True,calculations/single_points/raw_outputs/B3PW91-D4/11-TS_B3PW91-D4.out
12-P1,B3PW91-D4,Q-Chem,-803.701260785,336.25,9450.96,reported_by_qchem,,True,calculations/single_points/raw_outputs/B3PW91-D4/12-P1_B3PW91-D4.out
12-R1,B3PW91-D4,Q-Chem,-646.3878907653,66.42,2005.76,reported_by_qchem,,True,calculations/single_points/raw_outputs/B3PW91-D4/12-R1_B3PW91-D4.out
12-R2,B3PW91-D4,Q-Chem,-157.2501491699,28.88,778.07,reported_by_qchem,,True,calculations/single_points/raw_outputs/B3PW91-D4/12-R2_B3PW91-D4.out
12-TS,B3PW91-D4,Q-Chem,-803.6436032799,289.52,8172.54,reported_by_qchem,,True,calculations/single_points/raw_outputs/B3PW91-D4/12-TS_B3PW91-D4.out
13-P1,B3PW91-D4,Q-Chem,-456.1727240486,168.51,4963.34,reported_by_qchem,,True,calculations/single_points/raw_outputs/B3PW91-D4/13-P1_B3PW91-D4.out
13-R1,B3PW91-D4,Q-Chem,-193.0611239356,28.39,868.54,reported_by_qchem,,True,calculations/single_points/raw_outputs/B3PW91-D4/13-R1_B3PW91-D4.out
13-R2,B3PW91-D4,Q-Chem,-263.0765400528,20.82,634.87,reported_by_qchem,,True,calculations/single_points/raw_outputs/B3PW91-D4/13-R2_B3PW91-D4.out
13-TS,B3PW91-D4,Q-Chem,-456.1372356176,158.69,4705.66,reported_by_qchem,,True,calculations/single_points/raw_outputs/B3PW91-D4/13-TS_B3PW91-D4.out
14-P1,B3PW91-D4,Q-Chem,-388.4477166537,234.65,5043.32,reported_by_qchem,,True,calculations/single_points/raw_outputs/B3PW91-D4/14-P1_B3PW91-D4.out
14-R1,B3PW91-D4,Q-Chem,-193.0541295702,21.32,633.05,reported_by_qchem,,True,calculations/single_points/raw_outputs/B3PW91-D4/14-R1_B3PW91-D4.out
14-R2,B3PW91-D4,Q-Chem,-195.3178944065,32.21,893.68,reported_by_qchem,,True,calculations/single_points/raw_outputs/B3PW91-D4/14-R2_B3PW91-D4.out
14-TS,B3PW91-D4,Q-Chem,-388.401891975,193.64,5375.7,reported_by_qchem,,True,calculations/single_points/raw_outputs/B3PW91-D4/14-TS_B3PW91-D4.out
15-P1,B3PW91-D4,Q-Chem,-385.0477393609,128.53,3690.0,reported_by_qchem,,True,calculations/single_points/raw_outputs/B3PW91-D4/15-P1_B3PW91-D4.out
15-R1,B3PW91-D4,Q-Chem,-306.4373420572,41.0,1212.32,reported_by_qchem,,True,calculations/single_points/raw_outputs/B3PW91-D4/15-R1_B3PW91-D4.out
15-R2,B3PW91-D4,Q-Chem,-78.5976640417,3.45,83.51,reported_by_qchem,,True,calculations/single_points/raw_outputs/B3PW91-D4/15-R2_B3PW91-D4.out
15-TS,B3PW91-D4,Q-Chem,-384.9992052424,119.86,3294.74,reported_by_qchem,,True,calculations/single_points/raw_outputs/B3PW91-D4/15-TS_B3PW91-D4.out
16-P1,B3PW91-D4,Q-Chem,-460.2658526018,144.86,3999.74,reported_by_qchem,,True,calculations/single_points/raw_outputs/B3PW91-D4/16-P1_B3PW91-D4.out
16-R1,B3PW91-D4,Q-Chem,-381.6565134622,81.95,2070.03,reported_by_qchem,,True,calculations/single_points/raw_outputs/B3PW91-D4/16-R1_B3PW91-D4.out
16-TS,B3PW91-D4,Q-Chem,-460.227716469,140.46,3752.0,reported_by_qchem,,True,calculations/single_points/raw_outputs/B3PW91-D4/16-TS_B3PW91-D4.out
17-P1,B3PW91-D4,Q-Chem,-647.6657364494,227.47,6645.48,reported_by_qchem,,True,calculations/single_points/raw_outputs/B3PW91-D4/17-P1_B3PW91-D4.out
17-R2,B3PW91-D4,Q-Chem,-341.2077064565,22.73,694.7,reported_by_qchem,,True,calculations/single_points/raw_outputs/B3PW91-D4/17-R2_B3PW91-D4.out
17-TS,B3PW91-D4,Q-Chem,-647.6356944046,307.39,9036.29,reported_by_qchem,,True,calculations/single_points/raw_outputs/B3PW91-D4/17-TS_B3PW91-D4.out
18-P1,B3PW91-D4,Q-Chem,-555.3587449291,46.9,1353.73,reported_by_qchem,,True,calculations/single_points/raw_outputs/B3PW91-D4/18-P1_B3PW91-D4.out
18-R1,B3PW91-D4,Q-Chem,-398.091065006,2.47,36.17,reported_by_qchem,,True,calculations/single_points/raw_outputs/B3PW91-D4/18-R1_B3PW91-D4.out
18-TS,B3PW91-D4,Q-Chem,-555.3462258507,48.57,1378.18,reported_by_qchem,,True,calculations/single_points/raw_outputs/B3PW91-D4/18-TS_B3PW91-D4.out
19-P1,B3PW91-D4,Q-Chem,-554.1113595678,36.65,1046.39,reported_by_qchem,,True,calculations/single_points/raw_outputs/B3PW91-D4/19-P1_B3PW91-D4.out
19-R2,B3PW91-D4,Q-Chem,-156.0096597796,14.22,425.65,reported_by_qchem,,True,calculations/single_points/raw_outputs/B3PW91-D4/19-R2_B3PW91-D4.out
19-TS,B3PW91-D4,Q-Chem,-554.1028950071,38.07,1098.09,reported_by_qchem,,True,calculations/single_points/raw_outputs/B3PW91-D4/19-TS_B3PW91-D4.out
2-P1,B3PW91-D4,Q-Chem,-616.9053794961,645.12,18395.4,reported_by_qchem,,True,calculations/single_points/raw_outputs/B3PW91-D4/2-P1_B3PW91-D4.out
2-TS,B3PW91-D4,Q-Chem,-616.8789090934,634.94,18056.54,reported_by_qchem,,True,calculations/single_points/raw_outputs/B3PW91-D4/2-TS_B3PW91-D4.out
20-P1,B3PW91-D4,Q-Chem,-780.2764878109,106.07,3152.27,reported_by_qchem,,True,calculations/single_points/raw_outputs/B3PW91-D4/20-P1_B3PW91-D4.out
20-P2,B3PW91-D4,Q-Chem,-231.5828461551,39.54,1178.9,reported_by_qchem,,True,calculations/single_points/raw_outputs/B3PW91-D4/20-P2_B3PW91-D4.out
20-R1,B3PW91-D4,Q-Chem,-1011.8652903606,504.06,14090.24,reported_by_qchem,,True,calculations/single_points/raw_outputs/B3PW91-D4/20-R1_B3PW91-D4.out
20-TS,B3PW91-D4,Q-Chem,-1011.8545437304,482.34,13939.89,reported_by_qchem,,True,calculations/single_points/raw_outputs/B3PW91-D4/20-TS_B3PW91-D4.out
21-P1,B3PW91-D4,Q-Chem,-914.643438288,336.51,9759.19,reported_by_qchem,,True,calculations/single_points/raw_outputs/B3PW91-D4/21-P1_B3PW91-D4.out
21-R1,B3PW91-D4,Q-Chem,-914.6302613808,421.43,12496.63,reported_by_qchem,,True,calculations/single_points/raw_outputs/B3PW91-D4/21-R1_B3PW91-D4.out
21-TS,B3PW91-D4,Q-Chem,-914.6198284719,369.13,10688.23,reported_by_qchem,,True,calculations/single_points/raw_outputs/B3PW91-D4/21-TS_b3Pw91-D4.out
22-P1,B3PW91-D4,Q-Chem,-595.3141302565,511.99,14547.39,reported_by_qchem,,True,calculations/single_points/raw_outputs/B3PW91-D4/22-P1_B3PW91-D4.out
22-R1,B3PW91-D4,Q-Chem,-595.2951413819,505.34,14365.16,reported_by_qchem,,True,calculations/single_points/raw_outputs/B3PW91-D4/22-R1_B3PW91-D4.out
22-TS,B3PW91-D4,Q-Chem,-595.2840476521,551.06,15617.05,reported_by_qchem,,True,calculations/single_points/raw_outputs/B3PW91-D4/22-TS_B3PW91-D4.out
23-P1,B3PW91-D4,Q-Chem,-311.0293652585,113.04,3169.34,reported_by_qchem,,True,calculations/single_points/raw_outputs/B3PW91-D4/23-P1_B3PW91-D4.out
23-R1,B3PW91-D4,Q-Chem,-311.0223392382,111.65,2932.23,reported_by_qchem,,True,calculations/single_points/raw_outputs/B3PW91-D4/23-R1_B3PW91-D4.out
23-TS,B3PW91-D4,Q-Chem,-311.0147798818,116.08,3231.64,reported_by_qchem,,True,calculations/single_points/raw_outputs/B3PW91-D4/23-TS_B3PW91-D4.out
24-P1,B3PW91-D4,Q-Chem,-463.4879931323,140.08,4106.89,reported_by_qchem,,True,calculations/single_points/raw_outputs/B3PW91-D4/24-P1_B3PW91-D4.out
24-R1,B3PW91-D4,Q-Chem,-463.4726765933,158.24,4847.32,reported_by_qchem,,True,calculations/single_points/raw_outputs/B3PW91-D4/24-R1_B3PW91-D4.out
24-TS,B3PW91-D4,Q-Chem,-463.4714372167,151.38,4686.51,reported_by_qchem,,True,calculations/single_points/raw_outputs/B3PW91-D4/24-TS_B3PW91-D4.out
25-P1,B3PW91-D4,Q-Chem,-385.5066317559,263.39,7820.65,reported_by_qchem,,True,calculations/single_points/raw_outputs/B3PW91-D4/25-P1_B3PW91-D4.out
25-P2,B3PW91-D4,Q-Chem,-39.8465163628,3.37,89.44,reported_by_qchem,,True,calculations/single_points/raw_outputs/B3PW91-D4/25-P2_B3PW91-D4.out
25-R1,B3PW91-D4,Q-Chem,-384.8288718157,337.23,9438.63,reported_by_qchem,,True,calculations/single_points/raw_outputs/B3PW91-D4/25-R1_B3PW91-D4.out
25-R2,B3PW91-D4,Q-Chem,-40.5263823629,4.19,100.38,reported_by_qchem,,True,calculations/single_points/raw_outputs/B3PW91-D4/25-R2_B3PW91-D4.out
25-TS,B3PW91-D4,Q-Chem,-425.3387991474,429.88,12261.94,reported_by_qchem,,True,calculations/single_points/raw_outputs/B3PW91-D4/25-TS_B3PW91-D4.out
26-P2,B3PW91-D4,Q-Chem,-115.0665084607,6.52,190.45,reported_by_qchem,,True,calculations/single_points/raw_outputs/B3PW91-D4/26-P2_B3Pw91-D4.out
26-R2,B3PW91-D4,Q-Chem,-115.7423321189,8.05,223.53,reported_by_qchem,,True,calculations/single_points/raw_outputs/B3PW91-D4/26-R2_B3PW91-D4.out
26-TS,B3PW91-D4,Q-Chem,-500.565278417,556.45,16612.66,reported_by_qchem,,True,calculations/single_points/raw_outputs/B3PW91-D4/26-TS_B3PW91-D4.out
27-P1,B3PW91-D4,Q-Chem,-75.7436361293,5.05,47.45,reported_by_qchem,,True,calculations/single_points/raw_outputs/B3PW91-D4/27-P1_B3PW91-D4.out
27-P2,B3PW91-D4,Q-Chem,-549.2196956312,15.95,113.94,reported_by_qchem,,True,calculations/single_points/raw_outputs/B3PW91-D4/27-P2_B3PW91-D4.out
27-R1,B3PW91-D4,Q-Chem,-548.5315489079,3.23,81.09,reported_by_qchem,,True,calculations/single_points/raw_outputs/B3PW91-D4/27-R1_B3PW91-D4.out
27-R2,B3PW91-D4,Q-Chem,-76.442878552,6.77,30.69,reported_by_qchem,,True,calculations/single_points/raw_outputs/B3PW91-D4/27-R2_B3PW91-D4.out
27-TS,B3PW91-D4,Q-Chem,-624.968019586,11.64,354.17,reported_by_qchem,,True,calculations/single_points/raw_outputs/B3PW91-D4/27-TS_B3PW91-D4.out
28-R1,B3PW91-D4,Q-Chem,-40.526382413,3.13,43.75,reported_by_qchem,,True,calculations/single_points/raw_outputs/B3PW91-D4/28-R1_B3PW91-D4.out
28-TS,B3PW91-D4,Q-Chem,-589.0534783438,19.27,554.21,reported_by_qchem,,True,calculations/single_points/raw_outputs/B3PW91-D4/28-TS_B3PW91-d4.out
29-P1,B3PW91-D4,Q-Chem,-157.8242146642,30.36,815.56,reported_by_qchem,,True,calculations/single_points/raw_outputs/B3PW91-D4/29-P1_B3PW91-D4.out
29-R1,B3PW91-D4,Q-Chem,-158.486268977,37.4,1028.75,reported_by_qchem,,True,calculations/single_points/raw_outputs/B3PW91-D4/29-R1_B3PW91-D4.out
29-TS,B3PW91-D4,Q-Chem,-707.0220210962,103.46,2920.16,reported_by_qchem,,True,calculations/single_points/raw_outputs/B3PW91-D4/29-TS_B3PW91-D4.out
3-P1,B3PW91-D4,Q-Chem,-834.2434096374,357.2,10075.46,reported_by_qchem,,True,calculations/single_points/raw_outputs/B3PW91-D4/3-P1_B3PW91-D4.out
3-R1,B3PW91-D4,Q-Chem,-834.2288737516,266.45,7802.56,reported_by_qchem,,True,calculations/single_points/raw_outputs/B3PW91-D4/3-R1_B3PW91-D4.out
3-TS,B3PW91-D4,Q-Chem,-834.2113498178,349.79,10276.13,reported_by_qchem,,True,calculations/single_points/raw_outputs/B3PW91-D4/3-TS_B3PW91-D4.out
30-P1,B3PW91-D4,Q-Chem,-117.2746445756,9.45,276.52,reported_by_qchem,,True,calculations/single_points/raw_outputs/B3PW91-D4/30-P1_B3PW91-D4.out
30-R1,B3PW91-D4,Q-Chem,-117.9236727151,10.86,328.24,reported_by_qchem,,True,calculations/single_points/raw_outputs/B3PW91-D4/30-R1_B3PW91-D4.out
30-TS,B3PW91-D4,Q-Chem,-666.4606486666,45.26,1324.92,reported_by_qchem,,True,calculations/single_points/raw_outputs/B3PW91-D4/30-TS_B3PW91-D4.out
31-P1,B3PW91-D4,Q-Chem,-754.2422515969,324.61,9201.3,reported_by_qchem,,True,calculations/single_points/raw_outputs/B3PW91-D4/31-P1_B3PW91-D4.out
31-R1,B3PW91-D4,Q-Chem,-754.223692526,470.96,12984.22,reported_by_qchem,,True,calculations/single_points/raw_outputs/B3PW91-D4/31-R1_B3PW91-D4.out
31-TS,B3PW91-D4,Q-Chem,-754.2116742036,341.27,9652.78,reported_by_qchem,,True,calculations/single_points/raw_outputs/B3PW91-D4/31-TS_B3PW91-D4.out
32-P1,B3PW91-D4,Q-Chem,-562.4694705361,96.54,2598.35,reported_by_qchem,,True,calculations/single_points/raw_outputs/B3PW91-D4/32-P1_B3PW91-D4.out
32-R1,B3PW91-D4,Q-Chem,-562.4555813521,105.79,2942.18,reported_by_qchem,,True,calculations/single_points/raw_outputs/B3PW91-D4/32-R1_B3PW91-D4.out
32-TS,B3PW91-D4,Q-Chem,-562.4421739784,115.77,3283.7,reported_by_qchem,,True,calculations/single_points/raw_outputs/B3PW91-D4/32-TS_B3PW91-D4.out
33-P1,B3PW91-D4,Q-Chem,-679.1906718671,250.56,7032.41,reported_by_qchem,,True,calculations/single_points/raw_outputs/B3PW91-D4/33-P1_B3PW91-D4.out
33-R1,B3PW91-D4,Q-Chem,-679.1797063789,264.93,7367.58,reported_by_qchem,,True,calculations/single_points/raw_outputs/B3PW91-D4/33-R1_B3PW91-D4.out
33-TS,B3PW91-D4,Q-Chem,-679.1639209083,247.04,6832.72,reported_by_qchem,,True,calculations/single_points/raw_outputs/B3PW91-D4/33-TS_B3PW91-D4.out
34-P1,B3PW91-D4,Q-Chem,-1140.022841159,288.02,8103.82,reported_by_qchem,,True,calculations/single_points/raw_outputs/B3PW91-D4/34-P1_B3PW91-D4.out
34-R1,B3PW91-D4,Q-Chem,-1140.0105015259,354.26,9909.39,reported_by_qchem,,True,calculations/single_points/raw_outputs/B3PW91-D4/34-R1_B3PW91-D4.out
34-TS,B3PW91-D4,Q-Chem,-1139.9955594364,330.91,9301.77,reported_by_qchem,,True,calculations/single_points/raw_outputs/B3PW91-D4/34-TS_B3PW91-D4.out
35-P1,B3PW91-D4,Q-Chem,-3254.0561476765,345.75,9606.46,reported_by_qchem,,True,calculations/single_points/raw_outputs/B3PW91-D4/35-P1_B3PW91-D4.out
35-R1,B3PW91-D4,Q-Chem,-3254.0431888443,456.9,12973.32,reported_by_qchem,,True,calculations/single_points/raw_outputs/B3PW91-D4/35-R1_B3PW91-D4.out
35-TS,B3PW91-D4,Q-Chem,-3254.0284306935,304.23,8676.14,reported_by_qchem,,True,calculations/single_points/raw_outputs/B3PW91-D4/35-TS_B3PW91-D4.out
36-P1,B3PW91-D4,Q-Chem,-1074.9974595218,146.33,4313.72,reported_by_qchem,,True,calculations/single_points/raw_outputs/B3PW91-D4/36-P1_B3PW91-D4.out
36-R1,B3PW91-D4,Q-Chem,-1074.9768728112,182.23,5579.0,reported_by_qchem,,True,calculations/single_points/raw_outputs/B3PW91-D4/36-R1_B3PW91-D4.out
36-TS,B3PW91-D4,Q-Chem,-1074.9646391725,128.73,3764.67,reported_by_qchem,,True,calculations/single_points/raw_outputs/B3PW91-D4/36-TS_B3PW91-D4.out
37-P1,B3PW91-D4,Q-Chem,-752.0184231185,110.57,3449.99,reported_by_qchem,,True,calculations/single_points/raw_outputs/B3PW91-D4/37-P1_B3PW91-D4.out
37-R1,B3PW91-D4,Q-Chem,-752.0022564544,112.49,3430.05,reported_by_qchem,,True,calculations/single_points/raw_outputs/B3PW91-D4/37-R1_B3PW91-D4.out
37-TS,B3PW91-D4,Q-Chem,-751.9867556373,117.07,3584.16,reported_by_qchem,,True,calculations/single_points/raw_outputs/B3PW91-D4/37-TS_B3PW91-D4.out
38-P1,B3PW91-D4,Q-Chem,-348.3661476404,132.58,3846.81,reported_by_qchem,,True,calculations/single_points/raw_outputs/B3PW91-D4/38-P1_B3PW91-D4.out
38-P2,B3PW91-D4,Q-Chem,-460.1252410041,14.66,31.5,reported_by_qchem,,True,calculations/single_points/raw_outputs/B3PW91-D4/38-P2_B3PW91-D4.out
38-R1,B3PW91-D4,Q-Chem,-808.5136023928,177.02,5111.94,reported_by_qchem,,True,calculations/single_points/raw_outputs/B3PW91-D4/38-R1_B3PW91-D4.out
38-TS,B3PW91-D4,Q-Chem,-808.501824387,213.6,6231.38,reported_by_qchem,,True,calculations/single_points/raw_outputs/B3PW91-D4/38-TS_B3PW91-D4.out
39-P2,B3PW91-D4,Q-Chem,-2574.1760310588,2.25,45.52,reported_by_qchem,,True,calculations/single_points/raw_outputs/B3PW91-D4/39-P2_B3PW91-D4.out
39-R1,B3PW91-D4,Q-Chem,-2922.5496575756,212.45,5526.53,reported_by_qchem,,True,calculations/single_points/raw_outputs/B3PW91-D4/39-R1_B3PW91-D4.out
39-TS,B3PW91-D4,Q-Chem,-2922.5447236676,198.63,5343.99,reported_by_qchem,,True,calculations/single_points/raw_outputs/B3PW91-D4/39-TS_B3PW91-D4.out
4-P1,B3PW91-D4,Q-Chem,-834.2521213001,286.6,8141.71,reported_by_qchem,,True,calculations/single_points/raw_outputs/B3PW91-D4/4-P1_B3PW91-D4.out
4-TS,B3PW91-D4,Q-Chem,-834.2071528804,310.66,9067.46,reported_by_qchem,,True,calculations/single_points/raw_outputs/B3PW91-D4/4-TS_B3PW91-D4.out
40-P1,B3PW91-D4,Q-Chem,-462.8998478055,233.16,6553.92,reported_by_qchem,,True,calculations/single_points/raw_outputs/B3PW91-D4/40-P1_B3PW91-D4.out
40-R1,B3PW91-D4,Q-Chem,-923.0523801989,435.05,7422.52,reported_by_qchem,,True,calculations/single_points/raw_outputs/B3PW91-D4/40-R1_B3PW91-D4.out
40-TS,B3PW91-D4,Q-Chem,-923.0408169702,273.28,7710.91,reported_by_qchem,,True,calculations/single_points/raw_outputs/B3PW91-D4/40-TS_B3PW91-D4.out
41-P1,B3PW91-D4,Q-Chem,-822.7826987072,462.23,8194.61,reported_by_qchem,,True,calculations/single_points/raw_outputs/B3PW91-D4/41-P1_b3PW91-D4.out
41-R1,B3PW91-D4,Q-Chem,-1282.9361342645,333.95,9598.9,reported_by_qchem,,True,calculations/single_points/raw_outputs/B3PW91-D4/41-R1_B3PW91-D4.out
41-TS,B3PW91-D4,Q-Chem,-1282.9298957623,382.6,11083.0,reported_by_qchem,,True,calculations/single_points/raw_outputs/B3PW91-D4/41-TS_B3PW91-D4.out
42-P1,B3PW91-D4,Q-Chem,-509.4107103779,173.18,4980.67,reported_by_qchem,,True,calculations/single_points/raw_outputs/B3PW91-D4/42-P1_B3PW91-D4.out
42-R1,B3PW91-D4,Q-Chem,-430.7777513658,86.83,2265.87,reported_by_qchem,,True,calculations/single_points/raw_outputs/B3PW91-D4/42-R1_B3PW91-D4.out
42-R2,B3PW91-D4,Q-Chem,-78.5976641158,3.91,93.84,reported_by_qchem,,True,calculations/single_points/raw_outputs/B3PW91-D4/42-R2_B3PW91-D4.out
42-TS,B3PW91-D4,Q-Chem,-509.3683126277,150.26,4356.04,reported_by_qchem,,True,calculations/single_points/raw_outputs/B3PW91-D4/42-TS_B3PW91-D4.out
43-P1,B3PW91-D4,Q-Chem,-304.7708473569,231.43,2445.07,reported_by_qchem,,True,calculations/single_points/raw_outputs/B3PW91-D4/43-P1_B3PW91-D4.out
43-R1,B3PW91-D4,Q-Chem,-304.740836321,120.59,3472.29,reported_by_qchem,,True,calculations/single_points/raw_outputs/B3PW91-D4/43-R1_B3PW91-D4.out
43-TS,B3PW91-D4,Q-Chem,-304.7278289752,111.91,3173.18,reported_by_qchem,,True,calculations/single_points/raw_outputs/B3PW91-D4/43-TS_B3PW91-D4.out
44-P1,B3PW91-D4,Q-Chem,-109.530125473,6.81,41.74,reported_by_qchem,,True,calculations/single_points/raw_outputs/B3PW91-D4/44-P1_B3PW91-D4.out
44-P2,B3PW91-D4,Q-Chem,-195.2609510559,47.78,1330.6,reported_by_qchem,,True,calculations/single_points/raw_outputs/B3PW91-D4/44-P2_B3PW91-D4.out
44-TS,B3PW91-D4,Q-Chem,-304.768366267,91.7,2554.14,reported_by_qchem,,True,calculations/single_points/raw_outputs/B3PW91-D4/44-TS_B3PW91-D4.out
45-P1,B3PW91-D4,Q-Chem,-422.7266659494,291.64,8078.94,reported_by_qchem,,True,calculations/single_points/raw_outputs/B3PW91-D4/45-P1_B3PW91-D4.out
45-R1,B3PW91-D4,Q-Chem,-422.7115274791,284.31,7754.37,reported_by_qchem,,True,calculations/single_points/raw_outputs/B3PW91-D4/45-R1_B3PW91-D4.out
45-TS,B3PW91-D4,Q-Chem,-422.6938039999,274.61,7719.24,reported_by_qchem,,True,calculations/single_points/raw_outputs/B3PW91-D4/45-TS_B3PW91-D4.out
46-P1,B3PW91-D4,Q-Chem,-313.2393304188,180.94,4917.98,reported_by_qchem,,True,calculations/single_points/raw_outputs/B3PW91-D4/46-P1_B3PW91-D4.out
46-TS,B3PW91-D4,Q-Chem,-422.7263546019,293.44,8348.34,reported_by_qchem,,True,calculations/single_points/raw_outputs/B3PW91-D4/46-TS_B3PW91-D4.out
47-P1,B3PW91-D4,Q-Chem,-309.589039177,131.89,3564.64,reported_by_qchem,,True,calculations/single_points/raw_outputs/B3PW91-D4/47-P1_B3PW91-D4.out
47-R1,B3PW91-D4,Q-Chem,-419.1257664919,257.65,5090.76,reported_by_qchem,,True,calculations/single_points/raw_outputs/B3PW91-D4/47-R1_B3PW91-d4.out
47-TS,B3PW91-D4,Q-Chem,-419.103191238,169.32,4924.04,reported_by_qchem,,True,calculations/single_points/raw_outputs/B3PW91-D4/47-TS_B3PW91-d4.out
48-P1,B3PW91-D4,Q-Chem,-951.587675371,758.09,15852.52,reported_by_qchem,,True,calculations/single_points/raw_outputs/B3PW91-D4/48-P1_B3PW91-D4.out
48-R1,B3PW91-D4,Q-Chem,-1061.0799130609,780.18,22571.56,reported_by_qchem,,True,calculations/single_points/raw_outputs/B3PW91-D4/48-R1_B3PW91-D4.out
48-TS,B3PW91-D4,Q-Chem,-1061.0770971514,764.07,22100.55,reported_by_qchem,,True,calculations/single_points/raw_outputs/B3PW91-D4/48-TS_B3PW91-D4.out
49-P1,B3PW91-D4,Q-Chem,-477.3110495902,158.24,4629.19,reported_by_qchem,,True,calculations/single_points/raw_outputs/B3PW91-D4/49-P1_B3PW91-D4.out
49-R1,B3PW91-D4,Q-Chem,-586.7788449497,227.17,6449.14,reported_by_qchem,,True,calculations/single_points/raw_outputs/B3PW91-D4/49-R1_B3PW91-D4.out
49-TS,B3PW91-D4,Q-Chem,-586.771360411,255.36,7363.81,reported_by_qchem,,True,calculations/single_points/raw_outputs/B3PW91-D4/49-TS_B3PW91-D4.out
5-P1,B3PW91-D4,Q-Chem,-440.1532783432,348.92,9823.64,reported_by_qchem,,True,calculations/single_points/raw_outputs/B3PW91-D4/5-P1_B3PW91-D4.out
5-R1,B3PW91-D4,Q-Chem,-170.8406199018,12.86,390.7,reported_by_qchem,,True,calculations/single_points/raw_outputs/B3PW91-D4/5-R1_B3PW91-D4.out
5-R2,B3PW91-D4,Q-Chem,-269.272370183,101.04,2984.81,reported_by_qchem,,True,calculations/single_points/raw_outputs/B3PW91-D4/5-R2_B3PW91-D4.out
5-TS,B3PW91-D4,Q-Chem,-440.1266241649,338.26,10059.09,reported_by_qchem,,True,calculations/single_points/raw_outputs/B3PW91-D4/5-TS_B3PW91-D4.out
50-R1,B3PW91-D4,Q-Chem,-645.0535451413,194.83,5661.71,reported_by_qchem,,True,calculations/single_points/raw_outputs/B3PW91-D4/50-R1_B3PW91-D4.out
50-R2,B3PW91-D4,Q-Chem,-415.9890139775,63.44,1900.27,reported_by_qchem,,True,calculations/single_points/raw_outputs/B3PW91-D4/50-R2_B3PW91-D4.out
50-TS,B3PW91-D4,Q-Chem,-1061.0462432627,755.42,21809.01,reported_by_qchem,,True,calculations/single_points/raw_outputs/B3PW91-D4/50-TS_B3PW91-D4.out
6-P1,B3PW91-D4,Q-Chem,-440.1833468399,317.89,9508.75,reported_by_qchem,,True,calculations/single_points/raw_outputs/B3PW91-D4/6-P1_B3PW91-D4.out
6-TS,B3PW91-D4,Q-Chem,-440.1174405702,293.18,8729.71,reported_by_qchem,,True,calculations/single_points/raw_outputs/B3PW91-D4/6-TS_B3PW91-D4.out
7-P1,B3PW91-D4,Q-Chem,-616.1131905006,551.06,14401.24,reported_by_qchem,,True,calculations/single_points/raw_outputs/B3PW91-D4/7-P1_B3PW91-D4.out
7-R1,B3PW91-D4,Q-Chem,-616.0904584046,511.9,14099.37,reported_by_qchem,,True,calculations/single_points/raw_outputs/B3PW91-D4/7-R1_B3PW91-D4.out
7-TS,B3PW91-D4,Q-Chem,-616.0860726904,620.81,16429.13,reported_by_qchem,,True,calculations/single_points/raw_outputs/B3PW91-D4/7-TS_B3PW91-D4.out
8-P1,B3PW91-D4,Q-Chem,-1115.658882087,88.07,2258.86,reported_by_qchem,,True,calculations/single_points/raw_outputs/B3PW91-D4/8-P1_B3PW91-D4.out
8-R1,B3PW91-D4,Q-Chem,-157.2474006612,25.37,726.74,reported_by_qchem,,True,calculations/single_points/raw_outputs/B3PW91-D4/8-R1_B3PW91-D4.out
8-R2,B3PW91-D4,Q-Chem,-958.3536558097,8.5,98.47,reported_by_qchem,,True,calculations/single_points/raw_outputs/B3PW91-D4/8-R2_B3PW91-D4.out
8-TS,B3PW91-D4,Q-Chem,-1115.6069527974,143.75,2252.67,reported_by_qchem,,True,calculations/single_points/raw_outputs/B3PW91-D4/8-TS_B3PW91-D4.out
9-P1,B3PW91-D4,Q-Chem,-614.9252442351,602.81,15097.81,reported_by_qchem,,True,calculations/single_points/raw_outputs/B3PW91-D4/9-P1_B3PW91-D4.out
9-R1,B3PW91-D4,Q-Chem,-614.9125935997,441.31,12435.87,reported_by_qchem,,True,calculations/single_points/raw_outputs/B3PW91-D4/9-R1_B3PW91-D4.out
9-TS,B3PW91-D4,Q-Chem,-614.9002401706,506.86,14468.65,reported_by_qchem,,True,calculations/single_points/raw_outputs/B3PW91-D4/9-TS_B3PW91-D4.out
1-P1,B97M-V,Q-Chem,-617.1039518587,300.2,8941.79,reported_by_qchem,,True,calculations/single_points/raw_outputs/B97M-V/1-P1_B97M-V.out
1-R1,B97M-V,Q-Chem,-617.1040034061,275.81,8309.43,reported_by_qchem,,True,calculations/single_points/raw_outputs/B97M-V/1-R1_B97M-V.out
1-TS,B97M-V,Q-Chem,-617.0923284806,291.6,8700.59,reported_by_qchem,,True,calculations/single_points/raw_outputs/B97M-V/1-TS_B97M-V.out
10-P1,B97M-V,Q-Chem,-153.2252814893,12.9,260.6,reported_by_qchem,,True,calculations/single_points/raw_outputs/B97M-V/10-P1_B97M-V.out
10-P2,B97M-V,Q-Chem,-39.8544774277,16.96,56.58,reported_by_qchem,,True,calculations/single_points/raw_outputs/B97M-V/10-P2_B97M-V.out
10-R1,B97M-V,Q-Chem,-193.0977541781,104.65,538.26,reported_by_qchem,,True,calculations/single_points/raw_outputs/B97M-V/10-R1_B97M-V.out
10-TS,B97M-V,Q-Chem,-193.0686779865,17.63,538.03,reported_by_qchem,,True,calculations/single_points/raw_outputs/B97M-V/10-TS_B97M-V.out
11-P1,B97M-V,Q-Chem,-345.0584374916,46.56,1424.27,reported_by_qchem,,True,calculations/single_points/raw_outputs/B97M-V/11-P1_B97M-V.out
11-P2,B97M-V,Q-Chem,-203.5030097029,11.08,263.32,reported_by_qchem,,True,calculations/single_points/raw_outputs/B97M-V/11-P2_B97M-V.out
11-R1,B97M-V,Q-Chem,-548.5749561819,150.66,4556.57,reported_by_qchem,,True,calculations/single_points/raw_outputs/B97M-V/11-R1_B97M-V.out
11-TS,B97M-V,Q-Chem,-548.5540623228,152.22,4712.69,reported_by_qchem,,True,calculations/single_points/raw_outputs/B97M-V/11-TS_B97M-V.out
12-P1,B97M-V,Q-Chem,-803.7359920914,165.87,5094.44,reported_by_qchem,,True,calculations/single_points/raw_outputs/B97M-V/12-P1_B97M-V.out
12-R1,B97M-V,Q-Chem,-646.380589319,37.51,1158.82,reported_by_qchem,,True,calculations/single_points/raw_outputs/B97M-V/12-R1_B97M-V.out
12-R2,B97M-V,Q-Chem,-157.2972237783,22.29,585.44,reported_by_qchem,,True,calculations/single_points/raw_outputs/B97M-V/12-R2_B97M-V.out
12-TS,B97M-V,Q-Chem,-803.6801870494,154.78,4765.03,reported_by_qchem,,True,calculations/single_points/raw_outputs/B97M-V/12-TS_B97M-V.out
13-P1,B97M-V,Q-Chem,-456.295174428,167.03,5017.02,reported_by_qchem,,True,calculations/single_points/raw_outputs/B97M-V/13-P1_B97M-V.out
13-R1,B97M-V,Q-Chem,-193.0977501697,27.94,849.33,reported_by_qchem,,True,calculations/single_points/raw_outputs/B97M-V/13-R1_B97M-V.out
13-R2,B97M-V,Q-Chem,-263.1657965865,18.27,567.28,reported_by_qchem,,True,calculations/single_points/raw_outputs/B97M-V/13-R2_B97M-V.out
13-TS,B97M-V,Q-Chem,-456.2683403953,148.82,4440.72,reported_by_qchem,,True,calculations/single_points/raw_outputs/B97M-V/13-TS_B97M-V.out
14-P1,B97M-V,Q-Chem,-388.544200922,87.3,2639.08,reported_by_qchem,,True,calculations/single_points/raw_outputs/B97M-V/14-P1_B97M-V.out
14-R1,B97M-V,Q-Chem,-193.091510401,48.78,571.15,reported_by_qchem,,True,calculations/single_points/raw_outputs/B97M-V/14-R1_B97M-V.out
14-R2,B97M-V,Q-Chem,-195.3807023996,52.92,666.77,reported_by_qchem,,True,calculations/single_points/raw_outputs/B97M-V/14-R2_B97M-V.out
14-TS,B97M-V,Q-Chem,-388.503239006,93.68,2888.16,reported_by_qchem,,True,calculations/single_points/raw_outputs/B97M-V/14-TS_B97M-V.out
15-P1,B97M-V,Q-Chem,-385.1272571454,130.04,3665.71,reported_by_qchem,,True,calculations/single_points/raw_outputs/B97M-V/15-P1_B97M-V.out
15-R1,B97M-V,Q-Chem,-306.4990774441,40.75,1212.77,reported_by_qchem,,True,calculations/single_points/raw_outputs/B97M-V/15-R1_B97M-V.out
15-R2,B97M-V,Q-Chem,-78.6215469249,3.77,80.51,reported_by_qchem,,True,calculations/single_points/raw_outputs/B97M-V/15-R2_B97M-V.out
15-TS,B97M-V,Q-Chem,-385.0823826538,115.27,3309.43,reported_by_qchem,,True,calculations/single_points/raw_outputs/B97M-V/15-TS_B97M-V.out
16-P1,B97M-V,Q-Chem,-460.3477715958,89.6,2767.64,reported_by_qchem,,True,calculations/single_points/raw_outputs/B97M-V/16-P1_B97M-V.out
16-R1,B97M-V,Q-Chem,-381.7212599144,48.8,1443.27,reported_by_qchem,,True,calculations/single_points/raw_outputs/B97M-V/16-R1_B97M-V.out
16-TS,B97M-V,Q-Chem,-460.3139566071,80.94,2385.27,reported_by_qchem,,True,calculations/single_points/raw_outputs/B97M-V/16-TS_B97M-V.out
17-P1,B97M-V,Q-Chem,-647.7770801951,227.9,6647.8,reported_by_qchem,,True,calculations/single_points/raw_outputs/B97M-V/17-P1_B97M-V.out
17-R2,B97M-V,Q-Chem,-341.2623003761,20.16,621.87,reported_by_qchem,,True,calculations/single_points/raw_outputs/B97M-V/17-R2_B97M-V.out
17-TS,B97M-V,Q-Chem,-647.753569197,285.0,8285.73,reported_by_qchem,,True,calculations/single_points/raw_outputs/B97M-V/17-TS_B97M-V.out
18-P1,B97M-V,Q-Chem,-555.3129518428,34.47,1069.8,reported_by_qchem,,True,calculations/single_points/raw_outputs/B97M-V/18-P1_B97M-V.out
18-R1,B97M-V,Q-Chem,-398.0009885614,182.31,30.38,reported_by_qchem,,True,calculations/single_points/raw_outputs/B97M-V/18-R1_B97M-V.out
18-TS,B97M-V,Q-Chem,-555.3013033375,39.98,1234.35,reported_by_qchem,,True,calculations/single_points/raw_outputs/B97M-V/18-TS_B97M-V.out
19-P1,B97M-V,Q-Chem,-554.071786332,27.94,840.59,reported_by_qchem,,True,calculations/single_points/raw_outputs/B97M-V/19-P1_B97M-V.out
19-R2,B97M-V,Q-Chem,-156.0635428072,12.05,294.63,reported_by_qchem,,True,calculations/single_points/raw_outputs/B97M-V/19-R2_B97M-V.out
19-TS,B97M-V,Q-Chem,-554.0641050072,30.83,950.46,reported_by_qchem,,True,calculations/single_points/raw_outputs/B97M-V/19-TS_B97M-V.out
2-P1,B97M-V,Q-Chem,-617.1276962997,266.54,8115.94,reported_by_qchem,,True,calculations/single_points/raw_outputs/B97M-V/2-P1_B97M-V.out
2-TS,B97M-V,Q-Chem,-617.1029424605,294.33,8820.56,reported_by_qchem,,True,calculations/single_points/raw_outputs/B97M-V/2-TS_B97M-V.out
20-P1,B97M-V,Q-Chem,-780.2833863818,53.59,1651.16,reported_by_qchem,,True,calculations/single_points/raw_outputs/B97M-V/20-P1_B97M-V.out
20-P2,B97M-V,Q-Chem,-231.6694227622,25.61,787.82,reported_by_qchem,,True,calculations/single_points/raw_outputs/B97M-V/20-P2_B97M-V.out
20-R1,B97M-V,Q-Chem,-1011.9542004099,185.73,5696.18,reported_by_qchem,,True,calculations/single_points/raw_outputs/B97M-V/20-R1_B97M-V.out
20-TS,B97M-V,Q-Chem,-1011.9418528472,207.04,6348.14,reported_by_qchem,,True,calculations/single_points/raw_outputs/B97M-V/20-TS_B97M-V.out
21-P1,B97M-V,Q-Chem,-914.7056948835,160.07,4905.22,reported_by_qchem,,True,calculations/single_points/raw_outputs/B97M-V/21-P1_B97M-V.out
21-R1,B97M-V,Q-Chem,-914.699273102,145.69,4485.95,reported_by_qchem,,True,calculations/single_points/raw_outputs/B97M-V/21-R1_B97M-V.out
21-TS,B97M-V,Q-Chem,-914.6839803542,144.62,4425.52,reported_by_qchem,,True,calculations/single_points/raw_outputs/B97M-V/21-TS_B97M-V.out
22-P1,B97M-V,Q-Chem,-595.4524956619,236.55,7097.28,reported_by_qchem,,True,calculations/single_points/raw_outputs/B97M-V/22-P1_B97M-V.out
22-R1,B97M-V,Q-Chem,-595.4332015084,227.46,7032.77,reported_by_qchem,,True,calculations/single_points/raw_outputs/B97M-V/22-R1_B97M-V.out
22-TS,B97M-V,Q-Chem,-595.4200976641,248.86,7581.07,reported_by_qchem,,True,calculations/single_points/raw_outputs/B97M-V/22-TS_B97M-V.out
23-P1,B97M-V,Q-Chem,-311.0949031035,66.22,2032.05,reported_by_qchem,,True,calculations/single_points/raw_outputs/B97M-V/23-P1_B97M-V.out
23-R1,B97M-V,Q-Chem,-311.0936975002,87.48,2698.51,reported_by_qchem,,True,calculations/single_points/raw_outputs/B97M-V/23-R1_B97M-V.out
23-TS,B97M-V,Q-Chem,-311.0802487681,99.11,2423.94,reported_by_qchem,,True,calculations/single_points/raw_outputs/B97M-V/23-TS_B97M-V.out
24-P1,B97M-V,Q-Chem,-463.6222591702,140.24,4335.3,reported_by_qchem,,True,calculations/single_points/raw_outputs/B97M-V/24-P1_B97M-V.out
24-R1,B97M-V,Q-Chem,-463.6109456738,225.58,4887.8,reported_by_qchem,,True,calculations/single_points/raw_outputs/B97M-V/24-R1_B97M-V.out
24-TS,B97M-V,Q-Chem,-463.6053321804,213.31,5014.5,reported_by_qchem,,True,calculations/single_points/raw_outputs/B97M-V/24-TS_B97M-V.out
25-P1,B97M-V,Q-Chem,-385.6181339892,266.49,8005.43,reported_by_qchem,,True,calculations/single_points/raw_outputs/B97M-V/25-P1_B97M-V.out
25-P2,B97M-V,Q-Chem,-39.8544776293,3.71,102.66,reported_by_qchem,,True,calculations/single_points/raw_outputs/B97M-V/25-P2_B97M-V.out
25-R1,B97M-V,Q-Chem,-384.9447075039,298.79,9005.36,reported_by_qchem,,True,calculations/single_points/raw_outputs/B97M-V/25-R1_B97M-V.out
25-R2,B97M-V,Q-Chem,-40.5339974024,3.7,94.47,reported_by_qchem,,True,calculations/single_points/raw_outputs/B97M-V/25-R2_B97M-V.out
25-TS,B97M-V,Q-Chem,-425.4576517364,413.83,12283.46,reported_by_qchem,,True,calculations/single_points/raw_outputs/B97M-V/25-TS_B97M-V.out
26-P2,B97M-V,Q-Chem,-115.0788614463,7.12,207.41,reported_by_qchem,,True,calculations/single_points/raw_outputs/B97M-V/26-P2_B97M-V.out
26-R2,B97M-V,Q-Chem,-115.7502766958,7.56,221.95,reported_by_qchem,,True,calculations/single_points/raw_outputs/B97M-V/26-R2_B97M-V.out
26-TS,B97M-V,Q-Chem,-500.6893329409,557.93,16651.23,reported_by_qchem,,True,calculations/single_points/raw_outputs/B97M-V/26-TS_B97M-V.out
27-P1,B97M-V,Q-Chem,-75.7445321556,27.16,38.71,reported_by_qchem,,True,calculations/single_points/raw_outputs/B97M-V/27-P1_B97M-V.out
27-P2,B97M-V,Q-Chem,-549.1335505303,16.1,114.65,reported_by_qchem,,True,calculations/single_points/raw_outputs/B97M-V/27-P2_B97M-V.out
27-R1,B97M-V,Q-Chem,-548.4499502725,4.32,107.06,reported_by_qchem,,True,calculations/single_points/raw_outputs/B97M-V/27-R1_B97M-V.out
27-R2,B97M-V,Q-Chem,-76.4396742024,1.92,35.9,reported_by_qchem,,True,calculations/single_points/raw_outputs/B97M-V/27-R2_B97M-V.out
27-TS,B97M-V,Q-Chem,-624.8833574145,10.49,296.66,reported_by_qchem,,True,calculations/single_points/raw_outputs/B97M-V/27-TS_B97M-V.out
28-R1,B97M-V,Q-Chem,-40.5339974067,15.31,61.45,reported_by_qchem,,True,calculations/single_points/raw_outputs/B97M-V/28-R1_B97M-V.out
28-TS,B97M-V,Q-Chem,-588.9781821778,13.49,390.09,reported_by_qchem,,True,calculations/single_points/raw_outputs/B97M-V/28-TS_B97M-V.out
29-P1,B97M-V,Q-Chem,-157.8665120894,25.27,721.53,reported_by_qchem,,True,calculations/single_points/raw_outputs/B97M-V/29-P1_B97M-V.out
29-R1,B97M-V,Q-Chem,-158.5281757469,22.79,645.87,reported_by_qchem,,True,calculations/single_points/raw_outputs/B97M-V/29-R1_B97M-V.out
29-TS,B97M-V,Q-Chem,-706.9832288106,79.79,2258.22,reported_by_qchem,,True,calculations/single_points/raw_outputs/B97M-V/29-TS_B97M-V.out
3-P1,B97M-V,Q-Chem,-834.3491965128,179.02,5304.96,reported_by_qchem,,True,calculations/single_points/raw_outputs/B97M-V/3-P1_B97M-V.out
3-R1,B97M-V,Q-Chem,-834.3339252191,121.45,3693.67,reported_by_qchem,,True,calculations/single_points/raw_outputs/B97M-V/3-R1_B97M-V.out
3-TS,B97M-V,Q-Chem,-834.3153294345,165.07,5086.79,reported_by_qchem,,True,calculations/single_points/raw_outputs/B97M-V/3-TS_B97M-V.out
30-P1,B97M-V,Q-Chem,-117.3125995249,8.6,251.86,reported_by_qchem,,True,calculations/single_points/raw_outputs/B97M-V/30-P1_B97M-V.out
30-R1,B97M-V,Q-Chem,-117.9596631976,9.47,263.39,reported_by_qchem,,True,calculations/single_points/raw_outputs/B97M-V/30-R1_B97M-V.out
30-TS,B97M-V,Q-Chem,-666.418281779,39.44,1214.03,reported_by_qchem,,True,calculations/single_points/raw_outputs/B97M-V/30-TS_B97M-V.out
31-P1,B97M-V,Q-Chem,-754.3128448782,162.08,4873.77,reported_by_qchem,,True,calculations/single_points/raw_outputs/B97M-V/31-P1_B97M-V.out
31-R1,B97M-V,Q-Chem,-754.2932805202,187.63,5717.05,reported_by_qchem,,True,calculations/single_points/raw_outputs/B97M-V/31-R1_B97M-V.out
31-TS,B97M-V,Q-Chem,-754.2795169646,192.08,5895.68,reported_by_qchem,,True,calculations/single_points/raw_outputs/B97M-V/31-TS_B97M-V.out
32-P1,B97M-V,Q-Chem,-562.4616334987,60.93,1878.49,reported_by_qchem,,True,calculations/single_points/raw_outputs/B97M-V/32-P1_B97M-V.out
32-R1,B97M-V,Q-Chem,-562.4474315561,74.33,2306.17,reported_by_qchem,,True,calculations/single_points/raw_outputs/B97M-V/32-R1_B97M-V.out
32-TS,B97M-V,Q-Chem,-562.4328477885,73.4,2166.02,reported_by_qchem,,True,calculations/single_points/raw_outputs/B97M-V/32-TS_B97M-V.out
33-P1,B97M-V,Q-Chem,-679.2197280567,138.13,4195.71,reported_by_qchem,,True,calculations/single_points/raw_outputs/B97M-V/33-P1_B97M-V.out
33-R1,B97M-V,Q-Chem,-679.2085821814,154.11,4680.6,reported_by_qchem,,True,calculations/single_points/raw_outputs/B97M-V/33-R1_B97M-V.out
33-TS,B97M-V,Q-Chem,-679.1908024578,199.57,5877.53,reported_by_qchem,,True,calculations/single_points/raw_outputs/B97M-V/33-TS_B97M-V.out
34-P1,B97M-V,Q-Chem,-1139.9429366619,166.57,5040.81,reported_by_qchem,,True,calculations/single_points/raw_outputs/B97M-V/34-P1_B97M-V.out
34-R1,B97M-V,Q-Chem,-1139.9308572293,177.6,5442.59,reported_by_qchem,,True,calculations/single_points/raw_outputs/B97M-V/34-R1_B97M-V.out
34-TS,B97M-V,Q-Chem,-1139.9132492793,161.25,4956.11,reported_by_qchem,,True,calculations/single_points/raw_outputs/B97M-V/34-TS_B97M-V.out
35-P1,B97M-V,Q-Chem,-3253.6019918623,160.2,4906.06,reported_by_qchem,,True,calculations/single_points/raw_outputs/B97M-V/35-P1_B97M-V.out
35-R1,B97M-V,Q-Chem,-3253.5882252804,271.1,7934.45,reported_by_qchem,,True,calculations/single_points/raw_outputs/B97M-V/35-R1_B97M-V.out
35-TS,B97M-V,Q-Chem,-3253.5709974489,165.83,5150.74,reported_by_qchem,,True,calculations/single_points/raw_outputs/B97M-V/35-TS_B97M-V.out
36-P1,B97M-V,Q-Chem,-1074.950916662,181.83,3929.91,reported_by_qchem,,True,calculations/single_points/raw_outputs/B97M-V/36-P1_B97M-V.out
36-R1,B97M-V,Q-Chem,-1074.930531113,191.98,5524.73,reported_by_qchem,,True,calculations/single_points/raw_outputs/B97M-V/36-R1_B97M-V.out
36-TS,B97M-V,Q-Chem,-1074.916935559,129.99,3992.44,reported_by_qchem,,True,calculations/single_points/raw_outputs/B97M-V/36-TS_B97M-V.out
37-P1,B97M-V,Q-Chem,-752.0622003411,110.15,3356.85,reported_by_qchem,,True,calculations/single_points/raw_outputs/B97M-V/37-P1_B97M-V.out
37-R1,B97M-V,Q-Chem,-752.0469841448,129.21,3989.76,reported_by_qchem,,True,calculations/single_points/raw_outputs/B97M-V/37-R1_B97M-V.out
37-TS,B97M-V,Q-Chem,-752.0291362668,131.05,3732.13,reported_by_qchem,,True,calculations/single_points/raw_outputs/B97M-V/37-TS_B97M-V.out
38-P1,B97M-V,Q-Chem,-348.495039756,85.43,2617.52,reported_by_qchem,,True,calculations/single_points/raw_outputs/B97M-V/38-P1_B97M-V.out
38-P2,B97M-V,Q-Chem,-460.0181227258,3.03,36.03,reported_by_qchem,,True,calculations/single_points/raw_outputs/B97M-V/38-P2_B97M-V.out
38-R1,B97M-V,Q-Chem,-808.5318533347,87.87,2693.09,reported_by_qchem,,True,calculations/single_points/raw_outputs/B97M-V/38-R1_B97M-V.out
38-TS,B97M-V,Q-Chem,-808.5233229297,82.04,2519.14,reported_by_qchem,,True,calculations/single_points/raw_outputs/B97M-V/38-TS_B97M-V.out
39-P2,B97M-V,Q-Chem,-2573.6975355315,2.33,36.16,reported_by_qchem,,True,calculations/single_points/raw_outputs/B97M-V/39-P2_B97M-V.out
39-R1,B97M-V,Q-Chem,-2922.1933245254,92.07,2787.34,reported_by_qchem,,True,calculations/single_points/raw_outputs/B97M-V/39-R1_B97M-V.out
39-TS,B97M-V,Q-Chem,-2922.1912051749,95.98,2890.85,reported_by_qchem,,True,calculations/single_points/raw_outputs/B97M-V/39-TS_B97M-V.out
4-P1,B97M-V,Q-Chem,-834.3561241441,150.13,4624.32,reported_by_qchem,,True,calculations/single_points/raw_outputs/B97M-V/4-P1_B97M-V.out
4-TS,B97M-V,Q-Chem,-834.3093752309,159.73,4902.18,reported_by_qchem,,True,calculations/single_points/raw_outputs/B97M-V/4-TS_B97M-V.out
40-P1,B97M-V,Q-Chem,-463.0406144733,144.15,4011.42,reported_by_qchem,,True,calculations/single_points/raw_outputs/B97M-V/40-P1_B97M-V.out
40-R1,B97M-V,Q-Chem,-923.0850414944,131.62,3998.81,reported_by_qchem,,True,calculations/single_points/raw_outputs/B97M-V/40-R1_B97M-V.out
40-TS,B97M-V,Q-Chem,-923.0761892976,133.75,4093.08,reported_by_qchem,,True,calculations/single_points/raw_outputs/B97M-V/40-TS_B97M-V.out
41-P1,B97M-V,Q-Chem,-822.8521578177,119.66,3678.76,reported_by_qchem,,True,calculations/single_points/raw_outputs/B97M-V/41-P1_B97M-V.out
41-R1,B97M-V,Q-Chem,-1282.8972884732,146.24,4531.09,reported_by_qchem,,True,calculations/single_points/raw_outputs/B97M-V/41-R1_B97M-V.out
41-TS,B97M-V,Q-Chem,-1282.8944769974,150.28,4642.91,reported_by_qchem,,True,calculations/single_points/raw_outputs/B97M-V/41-TS_B97M-V.out
42-P1,B97M-V,Q-Chem,-509.5072383081,80.47,2447.29,reported_by_qchem,,True,calculations/single_points/raw_outputs/B97M-V/42-P1_B97M-V.out
42-R1,B97M-V,Q-Chem,-430.8549248745,70.54,1208.91,reported_by_qchem,,True,calculations/single_points/raw_outputs/B97M-V/42-R1_B97M-V.out
42-R2,B97M-V,Q-Chem,-78.6215467535,3.92,102.74,reported_by_qchem,,True,calculations/single_points/raw_outputs/B97M-V/42-R2_B97M-V.out
42-TS,B97M-V,Q-Chem,-509.4681423448,72.72,2187.8,reported_by_qchem,,True,calculations/single_points/raw_outputs/B97M-V/42-TS_B97M-V.out
43-P1,B97M-V,Q-Chem,-304.8507136419,53.85,1589.0,reported_by_qchem,,True,calculations/single_points/raw_outputs/B97M-V/43-P1_B97M-V.out
43-R1,B97M-V,Q-Chem,-304.8186866413,110.6,2059.59,reported_by_qchem,,True,calculations/single_points/raw_outputs/B97M-V/43-R1_B97M-V.out
43-TS,B97M-V,Q-Chem,-304.8069394036,75.17,1993.53,reported_by_qchem,,True,calculations/single_points/raw_outputs/B97M-V/43-TS_B97M-V.out
44-P1,B97M-V,Q-Chem,-109.555830255,14.92,39.35,reported_by_qchem,,True,calculations/single_points/raw_outputs/B97M-V/44-P1_B97M-V.out
44-P2,B97M-V,Q-Chem,-195.3171411326,65.44,1194.67,reported_by_qchem,,True,calculations/single_points/raw_outputs/B97M-V/44-P2_B97M-V.out
44-TS,B97M-V,Q-Chem,-304.8489368329,55.83,1728.93,reported_by_qchem,,True,calculations/single_points/raw_outputs/B97M-V/44-TS_B97M-V.out
45-P1,B97M-V,Q-Chem,-422.8431000733,151.65,4611.72,reported_by_qchem,,True,calculations/single_points/raw_outputs/B97M-V/45-P1_B97M-V.out
45-R1,B97M-V,Q-Chem,-422.8250117227,149.13,4487.89,reported_by_qchem,,True,calculations/single_points/raw_outputs/B97M-V/45-R1_B97M-V.out
45-TS,B97M-V,Q-Chem,-422.8088736042,169.68,4831.7,reported_by_qchem,,True,calculations/single_points/raw_outputs/B97M-V/45-TS_B97M-V.out
46-P1,B97M-V,Q-Chem,-313.3339115188,142.12,3301.45,reported_by_qchem,,True,calculations/single_points/raw_outputs/B97M-V/46-P1_B97M-V.out
46-TS,B97M-V,Q-Chem,-422.8444657753,149.42,4625.2,reported_by_qchem,,True,calculations/single_points/raw_outputs/B97M-V/46-TS_B97M-V.out
47-P1,B97M-V,Q-Chem,-309.6999396608,240.77,1817.32,reported_by_qchem,,True,calculations/single_points/raw_outputs/B97M-V/47-P1_B97M-V.out
47-R1,B97M-V,Q-Chem,-419.2604783237,121.5,2942.96,reported_by_qchem,,True,calculations/single_points/raw_outputs/B97M-V/47-R1_B97M-V.out
47-TS,B97M-V,Q-Chem,-419.2397106504,85.96,2667.89,reported_by_qchem,,True,calculations/single_points/raw_outputs/B97M-V/47-TS_B97M-V.out
48-P1,B97M-V,Q-Chem,-951.7553790114,262.96,8020.9,reported_by_qchem,,True,calculations/single_points/raw_outputs/B97M-V/48-P1_B97M-V.out
48-R1,B97M-V,Q-Chem,-1061.269198646,382.5,11729.19,reported_by_qchem,,True,calculations/single_points/raw_outputs/B97M-V/48-R1_B97M-V.out
48-TS,B97M-V,Q-Chem,-1061.2682096347,329.81,9988.19,reported_by_qchem,,True,calculations/single_points/raw_outputs/B97M-V/48-TS_B97M-V.out
49-P1,B97M-V,Q-Chem,-477.4265825916,80.74,2324.61,reported_by_qchem,,True,calculations/single_points/raw_outputs/B97M-V/49-P1_B97M-V.out
49-R1,B97M-V,Q-Chem,-586.9140254569,123.97,3824.85,reported_by_qchem,,True,calculations/single_points/raw_outputs/B97M-V/49-R1_B97M-V.out
49-TS,B97M-V,Q-Chem,-586.9088439329,119.96,3716.16,reported_by_qchem,,True,calculations/single_points/raw_outputs/B97M-V/49-TS_B97M-V.out
5-P1,B97M-V,Q-Chem,-440.271950308,333.17,9915.5,reported_by_qchem,,True,calculations/single_points/raw_outputs/B97M-V/5-P1_B97M-V.out
5-R1,B97M-V,Q-Chem,-170.8970481045,13.04,396.49,reported_by_qchem,,True,calculations/single_points/raw_outputs/B97M-V/5-R1_B97M-V.out
5-R2,B97M-V,Q-Chem,-269.3412453578,99.2,3023.68,reported_by_qchem,,True,calculations/single_points/raw_outputs/B97M-V/5-R2_B97M-V.out
5-TS,B97M-V,Q-Chem,-440.2467420482,334.17,9933.72,reported_by_qchem,,True,calculations/single_points/raw_outputs/B97M-V/5-TS_B97M-V.out
50-R1,B97M-V,Q-Chem,-645.1645540011,97.54,3015.94,reported_by_qchem,,True,calculations/single_points/raw_outputs/B97M-V/50-R1_B97M-V.out
50-R2,B97M-V,Q-Chem,-416.0726635195,37.19,1133.48,reported_by_qchem,,True,calculations/single_points/raw_outputs/B97M-V/50-R2_B97M-V.out
50-TS,B97M-V,Q-Chem,-1061.2384183717,349.46,10039.59,reported_by_qchem,,True,calculations/single_points/raw_outputs/B97M-V/50-TS_B97M-V.out
6-P1,B97M-V,Q-Chem,-440.3068932009,327.47,9795.87,reported_by_qchem,,True,calculations/single_points/raw_outputs/B97M-V/6-P1_B97M-V.out
6-TS,B97M-V,Q-Chem,-440.2421733685,308.0,9159.22,reported_by_qchem,,True,calculations/single_points/raw_outputs/B97M-V/6-TS_B97M-V.out
7-P1,B97M-V,Q-Chem,-616.2774045071,211.16,6348.72,reported_by_qchem,,True,calculations/single_points/raw_outputs/B97M-V/7-P1_B97M-V.out
7-R1,B97M-V,Q-Chem,-616.2588088321,231.74,6946.2,reported_by_qchem,,True,calculations/single_points/raw_outputs/B97M-V/7-R1_B97M-V.out
7-TS,B97M-V,Q-Chem,-616.2527091224,260.81,7815.67,reported_by_qchem,,True,calculations/single_points/raw_outputs/B97M-V/7-TS_B97M-V.out
8-P1,B97M-V,Q-Chem,-1115.5065105968,58.94,1772.74,reported_by_qchem,,True,calculations/single_points/raw_outputs/B97M-V/8-P1_B97M-V.out
8-R1,B97M-V,Q-Chem,-157.2938024618,16.63,461.83,reported_by_qchem,,True,calculations/single_points/raw_outputs/B97M-V/8-R1_B97M-V.out
8-R2,B97M-V,Q-Chem,-958.1572502011,480.55,130.72,reported_by_qchem,,True,calculations/single_points/raw_outputs/B97M-V/8-R2_B97M-V.out
8-TS,B97M-V,Q-Chem,-1115.4550415745,59.82,1664.91,reported_by_qchem,,True,calculations/single_points/raw_outputs/B97M-V/8-TS_B97M-V.out
9-P1,B97M-V,Q-Chem,-615.0904257287,266.54,8158.54,reported_by_qchem,,True,calculations/single_points/raw_outputs/B97M-V/9-P1_B97M-V.out
9-R1,B97M-V,Q-Chem,-615.0813579689,218.27,6376.96,reported_by_qchem,,True,calculations/single_points/raw_outputs/B97M-V/9-R1_B97M-V.out
9-TS,B97M-V,Q-Chem,-615.0658555877,225.68,6820.26,reported_by_qchem,,True,calculations/single_points/raw_outputs/B97M-V/9-TS_B97M-V.out
1-P1,M06-2X-D30,ORCA,-616.814421643595,330.115,2640.92,estimated_from_wall_time_and_nprocs,8,True,calculations/single_points/raw_outputs/M06-2X-D30/1-P1_M06-2X-D30.out
1-R1,M06-2X-D30,ORCA,-616.815060076085,318.989,2551.912,estimated_from_wall_time_and_nprocs,8,True,calculations/single_points/raw_outputs/M06-2X-D30/1-R1_M06-2X-D30.out
1-TS,M06-2X-D30,ORCA,-616.799127731055,392.416,3139.328,estimated_from_wall_time_and_nprocs,8,True,calculations/single_points/raw_outputs/M06-2X-D30/1-TS_M06-2X-D30.out
10-P1,M06-2X-D30,ORCA,-153.185190527278,12.373,98.984,estimated_from_wall_time_and_nprocs,8,True,calculations/single_points/raw_outputs/M06-2X-D30/10-P1_M06-2X-D30.out
10-P2,M06-2X-D30,ORCA,-39.829647854532,6.554,52.432,estimated_from_wall_time_and_nprocs,8,True,calculations/single_points/raw_outputs/M06-2X-D30/10-P2_M06-2X-D30.out
10-R1,M06-2X-D30,ORCA,-193.029497623831,24.576999999999998,196.61599999999999,estimated_from_wall_time_and_nprocs,8,True,calculations/single_points/raw_outputs/M06-2X-D30/10-R1_M06-2X-D30.out
10-TS,M06-2X-D30,ORCA,-193.001901558855,25.378,203.024,estimated_from_wall_time_and_nprocs,8,True,calculations/single_points/raw_outputs/M06-2X-D30/10-TS_M06-2X-D30.out
11-P1,M06-2X-D30,ORCA,-344.931951501841,64.655,517.24,estimated_from_wall_time_and_nprocs,8,True,calculations/single_points/raw_outputs/M06-2X-D30/11-P1_M06-2X-D30.out
11-P2,M06-2X-D30,ORCA,-203.44721371044,14.837,118.696,estimated_from_wall_time_and_nprocs,8,True,calculations/single_points/raw_outputs/M06-2X-D30/11-P2_M06-2X-D30.out
11-R1,M06-2X-D30,ORCA,-548.386195814136,176.999,1415.992,estimated_from_wall_time_and_nprocs,8,True,calculations/single_points/raw_outputs/M06-2X-D30/11-R1_M06-2X-D30.out
11-TS,M06-2X-D30,ORCA,-548.369430365989,139.767,1118.136,estimated_from_wall_time_and_nprocs,8,True,calculations/single_points/raw_outputs/M06-2X-D30/11-TS_M06-2X-D30.out
12-P1,M06-2X-D30,ORCA,-803.64917076066,163.595,1308.76,estimated_from_wall_time_and_nprocs,8,True,calculations/single_points/raw_outputs/M06-2X-D30/12-P1_M06-2X-D30.out
12-R1,M06-2X-D30,ORCA,-646.378264706639,50.187,401.496,estimated_from_wall_time_and_nprocs,8,True,calculations/single_points/raw_outputs/M06-2X-D30/12-R1_M06-2X-D30.out
12-R2,M06-2X-D30,ORCA,-157.214622947468,21.64,173.12,estimated_from_wall_time_and_nprocs,8,True,calculations/single_points/raw_outputs/M06-2X-D30/12-R2_M06-2X-D30.out
12-TS,M06-2X-D30,ORCA,-803.593884267343,154.521,1236.168,estimated_from_wall_time_and_nprocs,8,True,calculations/single_points/raw_outputs/M06-2X-D30/12-TS_M06-2X-D30.out
13-P1,M06-2X-D30,ORCA,-456.15276439551,99.678,797.424,estimated_from_wall_time_and_nprocs,8,True,calculations/single_points/raw_outputs/M06-2X-D30/13-P1_M06-2X-D30.out
13-R2,M06-2X-D30,ORCA,-263.085068658966,18.505,148.04,estimated_from_wall_time_and_nprocs,8,True,calculations/single_points/raw_outputs/M06-2X-D30/13-R2_M06-2X-D30.out
13-TS,M06-2X-D30,ORCA,-456.102436438213,210.298,1682.384,estimated_from_wall_time_and_nprocs,8,True,calculations/single_points/raw_outputs/M06-2X-D30/13-TS_M06-2X-D30.out
14-P1,M06-2X-D30,ORCA,-388.382750126546,108.82,870.56,estimated_from_wall_time_and_nprocs,8,True,calculations/single_points/raw_outputs/M06-2X-D30/14-P1_M06-2X-D30.out
14-R1,M06-2X-D30,ORCA,-193.022670672903,26.185,209.48,estimated_from_wall_time_and_nprocs,8,True,calculations/single_points/raw_outputs/M06-2X-D30/14-R1_M06-2X-D30.out
14-R2,M06-2X-D30,ORCA,-195.283555937091,25.98,207.84,estimated_from_wall_time_and_nprocs,8,True,calculations/single_points/raw_outputs/M06-2X-D30/14-R2_M06-2X-D30.out
14-TS,M06-2X-D30,ORCA,-388.330933516511,121.397,971.176,estimated_from_wall_time_and_nprocs,8,True,calculations/single_points/raw_outputs/M06-2X-D30/14-TS_M06-2X-D30.out
15-P1,M06-2X-D30,ORCA,-385.00713227918,81.541,652.328,estimated_from_wall_time_and_nprocs,8,True,calculations/single_points/raw_outputs/M06-2X-D30/15-P1_M06-2X-D30.out
15-R1,M06-2X-D30,ORCA,-306.401118144001,35.93,287.44,estimated_from_wall_time_and_nprocs,8,True,calculations/single_points/raw_outputs/M06-2X-D30/15-R1_M06-2X-D30.out
15-R2,M06-2X-D30,ORCA,-78.580912766726,8.395,67.16,estimated_from_wall_time_and_nprocs,8,True,calculations/single_points/raw_outputs/M06-2X-D30/15-R2_M06-2X-D30.out
15-TS,M06-2X-D30,ORCA,-384.951009632721,87.134,697.072,estimated_from_wall_time_and_nprocs,8,True,calculations/single_points/raw_outputs/M06-2X-D30/15-TS_M06-2X-D30.out
16-P1,M06-2X-D30,ORCA,-460.232659023566,95.387,763.096,estimated_from_wall_time_and_nprocs,8,True,calculations/single_points/raw_outputs/M06-2X-D30/16-P1_M06-2X-D30.out
16-R1,M06-2X-D30,ORCA,-381.631469967085,61.825,494.6,estimated_from_wall_time_and_nprocs,8,True,calculations/single_points/raw_outputs/M06-2X-D30/16-R1_M06-2X-D30.out
16-TS,M06-2X-D30,ORCA,-460.185136703935,102.961,823.688,estimated_from_wall_time_and_nprocs,8,True,calculations/single_points/raw_outputs/M06-2X-D30/16-TS_M06-2X-D30.out
17-P1,M06-2X-D30,ORCA,-647.647772763521,134.592,1076.736,estimated_from_wall_time_and_nprocs,8,True,calculations/single_points/raw_outputs/M06-2X-D30/17-P1_M06-2X-D30.out
17-R2,M06-2X-D30,ORCA,-341.21330580091,22.442,179.536,estimated_from_wall_time_and_nprocs,8,True,calculations/single_points/raw_outputs/M06-2X-D30/17-R2_M06-2X-D30.out
17-TS,M06-2X-D30,ORCA,-647.605840821658,152.266,1218.128,estimated_from_wall_time_and_nprocs,8,True,calculations/single_points/raw_outputs/M06-2X-D30/17-TS_M06-2X-D30.out
18-P1,M06-2X-D30,ORCA,-555.333831892798,57.724,461.792,estimated_from_wall_time_and_nprocs,8,True,calculations/single_points/raw_outputs/M06-2X-D30/18-P1_M06-2X-D30.out
18-R1,M06-2X-D30,ORCA,-398.107395204365,4.4719999999999995,35.775999999999996,estimated_from_wall_time_and_nprocs,8,True,calculations/single_points/raw_outputs/M06-2X-D30/18-R1_M06-2X-D30.out
18-TS,M06-2X-D30,ORCA,-555.321096456628,62.855,502.84,estimated_from_wall_time_and_nprocs,8,True,calculations/single_points/raw_outputs/M06-2X-D30/18-TS_M06-2X-D30.out
19-P1,M06-2X-D30,ORCA,-554.097004670113,48.761,390.088,estimated_from_wall_time_and_nprocs,8,True,calculations/single_points/raw_outputs/M06-2X-D30/19-P1_M06-2X-D30.out
19-R2,M06-2X-D30,ORCA,-155.984542209158,18.372,146.976,estimated_from_wall_time_and_nprocs,8,True,calculations/single_points/raw_outputs/M06-2X-D30/19-R2_M06-2X-D30.out
19-TS,M06-2X-D30,ORCA,-554.088442092504,51.65,413.2,estimated_from_wall_time_and_nprocs,8,True,calculations/single_points/raw_outputs/M06-2X-D30/19-TS_M06-2X-D30.out
2-P1,M06-2X-D30,ORCA,-616.836361650075,329.311,2634.488,estimated_from_wall_time_and_nprocs,8,True,calculations/single_points/raw_outputs/M06-2X-D30/2-P1_M06-2X-D30.out
2-TS,M06-2X-D30,ORCA,-616.809774073645,321.931,2575.448,estimated_from_wall_time_and_nprocs,8,True,calculations/single_points/raw_outputs/M06-2X-D30/2-TS_M06-2X-D30.out
20-P1,M06-2X-D30,ORCA,-780.264181538928,92.058,736.464,estimated_from_wall_time_and_nprocs,8,True,calculations/single_points/raw_outputs/M06-2X-D30/20-P1_M06-2X-D30.out
20-P2,M06-2X-D30,ORCA,-231.560081894436,48.814,390.512,estimated_from_wall_time_and_nprocs,8,True,calculations/single_points/raw_outputs/M06-2X-D30/20-P2_M06-2X-D30.out
20-R1,M06-2X-D30,ORCA,-1011.821265932733,308.06,2464.48,estimated_from_wall_time_and_nprocs,8,True,calculations/single_points/raw_outputs/M06-2X-D30/20-R1_M06-2X-D30.out
20-TS,M06-2X-D30,ORCA,-1011.810302126221,339.869,2718.952,estimated_from_wall_time_and_nprocs,8,True,calculations/single_points/raw_outputs/M06-2X-D30/20-TS_M06-2X-D30.out
21-P1,M06-2X-D30,ORCA,-914.613329206588,227.886,1823.088,estimated_from_wall_time_and_nprocs,8,True,calculations/single_points/raw_outputs/M06-2X-D30/21-P1_M06-2X-D30.out
21-R1,M06-2X-D30,ORCA,-914.601236255048,224.338,1794.704,estimated_from_wall_time_and_nprocs,8,True,calculations/single_points/raw_outputs/M06-2X-D30/21-R1_M06-2X-D30.out
21-TS,M06-2X-D30,ORCA,-914.588674474599,251.526,2012.208,estimated_from_wall_time_and_nprocs,8,True,calculations/single_points/raw_outputs/M06-2X-D30/21-TS_M06-2X-D30.out
22-P1,M06-2X-D30,ORCA,-595.248755808693,303.215,2425.72,estimated_from_wall_time_and_nprocs,8,True,calculations/single_points/raw_outputs/M06-2X-D30/22-P1_M06-2X-D30.out
22-R1,M06-2X-D30,ORCA,-595.229710832429,324.926,2599.408,estimated_from_wall_time_and_nprocs,8,True,calculations/single_points/raw_outputs/M06-2X-D30/22-R1_M06-2X-D30.out
22-TS,M06-2X-D30,ORCA,-595.211805015934,280.847,2246.776,estimated_from_wall_time_and_nprocs,8,True,calculations/single_points/raw_outputs/M06-2X-D30/22-TS_M06-2X-D30.out
23-P1,M06-2X-D30,ORCA,-310.973581011602,104.751,838.008,estimated_from_wall_time_and_nprocs,8,True,calculations/single_points/raw_outputs/M06-2X-D30/23-P1_M06-2X-D30.out
23-R1,M06-2X-D30,ORCA,-310.964130530678,120.577,964.616,estimated_from_wall_time_and_nprocs,8,True,calculations/single_points/raw_outputs/M06-2X-D30/23-R1_M06-2X-D30.out
23-TS,M06-2X-D30,ORCA,-310.950008037883,109.034,872.272,estimated_from_wall_time_and_nprocs,8,True,calculations/single_points/raw_outputs/M06-2X-D30/23-TS_M06-2X-D30.out
24-P1,M06-2X-D30,ORCA,-463.429947330791,203.908,1631.264,estimated_from_wall_time_and_nprocs,8,True,calculations/single_points/raw_outputs/M06-2X-D30/24-P1_M06-2X-D30.out
24-R1,M06-2X-D30,ORCA,-463.413882936065,617.148,4937.184,estimated_from_wall_time_and_nprocs,8,True,calculations/single_points/raw_outputs/M06-2X-D30/24-R1_M06-2X-D30.out
24-TS,M06-2X-D30,ORCA,-463.404740091211,217.716,1741.728,estimated_from_wall_time_and_nprocs,8,True,calculations/single_points/raw_outputs/M06-2X-D30/24-TS_M06-2X-D30.out
25-P1,M06-2X-D30,ORCA,-385.466109259186,131.757,1054.056,estimated_from_wall_time_and_nprocs,8,True,calculations/single_points/raw_outputs/M06-2X-D30/25-P1_M06-2X-D30.out
25-R1,M06-2X-D30,ORCA,-384.788565613921,440.764,3526.112,estimated_from_wall_time_and_nprocs,8,True,calculations/single_points/raw_outputs/M06-2X-D30/25-R1_M06-2X-D30.out
25-R2,M06-2X-D30,ORCA,-40.506568321865,6.525,52.2,estimated_from_wall_time_and_nprocs,8,True,calculations/single_points/raw_outputs/M06-2X-D30/25-R2_M06-2X-D30.out
25-TS,M06-2X-D30,ORCA,-425.274896479258,167.621,1340.968,estimated_from_wall_time_and_nprocs,8,True,calculations/single_points/raw_outputs/M06-2X-D30/25-TS_M06-2X-D30.out
26-P2,M06-2X-D30,ORCA,-115.052233371699,9.83,78.64,estimated_from_wall_time_and_nprocs,8,True,calculations/single_points/raw_outputs/M06-2X-D30/26-P2_M06-2X-D30.out
26-R2,M06-2X-D30,ORCA,-115.728202851467,8.433,67.464,estimated_from_wall_time_and_nprocs,8,True,calculations/single_points/raw_outputs/M06-2X-D30/26-R2_M06-2X-D30.out
26-TS,M06-2X-D30,ORCA,-500.502477022609,240.194,1921.552,estimated_from_wall_time_and_nprocs,8,True,calculations/single_points/raw_outputs/M06-2X-D30/26-TS_M06-2X-D30.out
27-P1,M06-2X-D30,ORCA,-75.739717409277,5.14,41.12,estimated_from_wall_time_and_nprocs,8,True,calculations/single_points/raw_outputs/M06-2X-D30/27-P1_M06-2X-D30.out
27-P2,M06-2X-D30,ORCA,-549.23286675667,10.065,80.52,estimated_from_wall_time_and_nprocs,8,True,calculations/single_points/raw_outputs/M06-2X-D30/27-P2_M06-2X-D30.out
27-R1,M06-2X-D30,ORCA,-548.539192907898,8.146,65.168,estimated_from_wall_time_and_nprocs,8,True,calculations/single_points/raw_outputs/M06-2X-D30/27-R1_M06-2X-D30.out
27-R2,M06-2X-D30,ORCA,-76.436379332659,5.049,40.392,estimated_from_wall_time_and_nprocs,8,True,calculations/single_points/raw_outputs/M06-2X-D30/27-R2_M06-2X-D30.out
27-TS,M06-2X-D30,ORCA,-624.967494648936,20.558,164.464,estimated_from_wall_time_and_nprocs,8,True,calculations/single_points/raw_outputs/M06-2X-D30/27-TS_M06-2X-D30.out
28-TS,M06-2X-D30,ORCA,-589.041140176877,23.084,184.672,estimated_from_wall_time_and_nprocs,8,True,calculations/single_points/raw_outputs/M06-2X-D30/28-TS_M06-2X-D30.out
29-P1,M06-2X-D30,ORCA,-157.778255548369,31.455,251.64,estimated_from_wall_time_and_nprocs,8,True,calculations/single_points/raw_outputs/M06-2X-D30/29-P1_M06-2X-D30.out
29-R1,M06-2X-D30,ORCA,-158.440346677479,29.047,232.376,estimated_from_wall_time_and_nprocs,8,True,calculations/single_points/raw_outputs/M06-2X-D30/29-R1_M06-2X-D30.out
29-TS,M06-2X-D30,ORCA,-706.981121796047,88.558,708.464,estimated_from_wall_time_and_nprocs,8,True,calculations/single_points/raw_outputs/M06-2X-D30/29-TS_M06-2X-D30.out
3-P1,M06-2X-D30,ORCA,-834.237813294855,188.973,1511.784,estimated_from_wall_time_and_nprocs,8,True,calculations/single_points/raw_outputs/M06-2X-D30/3-P1_M06-2X-D30.out
3-R1,M06-2X-D30,ORCA,-834.223569308861,142.473,1139.784,estimated_from_wall_time_and_nprocs,8,True,calculations/single_points/raw_outputs/M06-2X-D30/3-R1_M06-2X-D30.out
3-TS,M06-2X-D30,ORCA,-834.200498655182,190.056,1520.448,estimated_from_wall_time_and_nprocs,8,True,calculations/single_points/raw_outputs/M06-2X-D30/3-TS_M06-2X-D30.out
30-P1,M06-2X-D30,ORCA,-117.248106202599,16.235,129.88,estimated_from_wall_time_and_nprocs,8,True,calculations/single_points/raw_outputs/M06-2X-D30/30-P1_M06-2X-D30.out
30-R1,M06-2X-D30,ORCA,-117.897326966656,12.877,103.016,estimated_from_wall_time_and_nprocs,8,True,calculations/single_points/raw_outputs/M06-2X-D30/30-R1_M06-2X-D30.out
30-TS,M06-2X-D30,ORCA,-666.436871194066,48.441,387.528,estimated_from_wall_time_and_nprocs,8,True,calculations/single_points/raw_outputs/M06-2X-D30/30-TS_M06-2X-D30.out
31-P1,M06-2X-D30,ORCA,-754.192641576973,195.787,1566.296,estimated_from_wall_time_and_nprocs,8,True,calculations/single_points/raw_outputs/M06-2X-D30/31-P1_M06-2X-D30.out
31-R1,M06-2X-D30,ORCA,-754.164217849565,208.931,1671.448,estimated_from_wall_time_and_nprocs,8,True,calculations/single_points/raw_outputs/M06-2X-D30/31-R1_M06-2X-D30.out
31-TS,M06-2X-D30,ORCA,-754.155167650209,205.522,1644.176,estimated_from_wall_time_and_nprocs,8,True,calculations/single_points/raw_outputs/M06-2X-D30/31-TS_M06-2X-D30.out
32-P1,M06-2X-D30,ORCA,-562.430109163008,84.354,674.832,estimated_from_wall_time_and_nprocs,8,True,calculations/single_points/raw_outputs/M06-2X-D30/32-P1_M06-2X-D30.out
32-R1,M06-2X-D30,ORCA,-562.406152722612,85.172,681.376,estimated_from_wall_time_and_nprocs,8,True,calculations/single_points/raw_outputs/M06-2X-D30/32-R1_M06-2X-D30.out
32-TS,M06-2X-D30,ORCA,-562.396100951423,89.172,713.376,estimated_from_wall_time_and_nprocs,8,True,calculations/single_points/raw_outputs/M06-2X-D30/32-TS_M06-2X-D30.out
33-P1,M06-2X-D30,ORCA,-679.136078458745,183.159,1465.272,estimated_from_wall_time_and_nprocs,8,True,calculations/single_points/raw_outputs/M06-2X-D30/33-P1_M06-2X-D30.out
33-R1,M06-2X-D30,ORCA,-679.114026282135,189.378,1515.024,estimated_from_wall_time_and_nprocs,8,True,calculations/single_points/raw_outputs/M06-2X-D30/33-R1_M06-2X-D30.out
33-TS,M06-2X-D30,ORCA,-679.102009440726,189.324,1514.592,estimated_from_wall_time_and_nprocs,8,True,calculations/single_points/raw_outputs/M06-2X-D30/33-TS_M06-2X-D30.out
34-P1,M06-2X-D30,ORCA,-1139.985775867947,213.925,1711.4,estimated_from_wall_time_and_nprocs,8,True,calculations/single_points/raw_outputs/M06-2X-D30/34-P1_M06-2X-D30.out
34-R1,M06-2X-D30,ORCA,-1139.963739574725,238.156,1905.248,estimated_from_wall_time_and_nprocs,8,True,calculations/single_points/raw_outputs/M06-2X-D30/34-R1_M06-2X-D30.out
34-TS,M06-2X-D30,ORCA,-1139.951802545391,229.435,1835.48,estimated_from_wall_time_and_nprocs,8,True,calculations/single_points/raw_outputs/M06-2X-D30/34-TS_M06-2X-D30.out
35-P1,M06-2X-D30,ORCA,-3254.025825795702,267.649,2141.192,estimated_from_wall_time_and_nprocs,8,True,calculations/single_points/raw_outputs/M06-2X-D30/35-P1_M06-2X-D30.out
35-R1,M06-2X-D30,ORCA,-3254.0032874411,305.397,2443.176,estimated_from_wall_time_and_nprocs,8,True,calculations/single_points/raw_outputs/M06-2X-D30/35-R1_M06-2X-D30.out
35-TS,M06-2X-D30,ORCA,-3253.99230222949,224.959,1799.672,estimated_from_wall_time_and_nprocs,8,True,calculations/single_points/raw_outputs/M06-2X-D30/35-TS_M06-2X-D30.out
36-P1,M06-2X-D30,ORCA,-1074.969698476748,179.184,1433.472,estimated_from_wall_time_and_nprocs,8,True,calculations/single_points/raw_outputs/M06-2X-D30/36-P1_M06-2X-D30.out
36-R1,M06-2X-D30,ORCA,-1074.940167882248,200.293,1602.344,estimated_from_wall_time_and_nprocs,8,True,calculations/single_points/raw_outputs/M06-2X-D30/36-R1_M06-2X-D30.out
36-TS,M06-2X-D30,ORCA,-1074.93061964915,185.38,1483.04,estimated_from_wall_time_and_nprocs,8,True,calculations/single_points/raw_outputs/M06-2X-D30/36-TS_M06-2X-D30.out
37-P1,M06-2X-D30,ORCA,-751.982970701564,169.889,1359.112,estimated_from_wall_time_and_nprocs,8,True,calculations/single_points/raw_outputs/M06-2X-D30/37-P1_M06-2X-D30.out
37-R1,M06-2X-D30,ORCA,-751.957167516919,452.669,3621.352,estimated_from_wall_time_and_nprocs,8,True,calculations/single_points/raw_outputs/M06-2X-D30/37-R1_M06-2X-D30.out
37-TS,M06-2X-D30,ORCA,-751.944277499423,167.701,1341.608,estimated_from_wall_time_and_nprocs,8,True,calculations/single_points/raw_outputs/M06-2X-D30/37-TS_M06-2X-D30.out
38-P1,M06-2X-D30,ORCA,-348.320733384381,106.449,851.592,estimated_from_wall_time_and_nprocs,8,True,calculations/single_points/raw_outputs/M06-2X-D30/38-P1_M06-2X-D30.out
38-P2,M06-2X-D30,ORCA,-460.147715248295,4.929,39.432,estimated_from_wall_time_and_nprocs,8,True,calculations/single_points/raw_outputs/M06-2X-D30/38-P2_M06-2X-D30.out
38-R1,M06-2X-D30,ORCA,-808.488451253664,131.005,1048.04,estimated_from_wall_time_and_nprocs,8,True,calculations/single_points/raw_outputs/M06-2X-D30/38-R1_M06-2X-D30.out
38-TS,M06-2X-D30,ORCA,-808.472969933789,133.052,1064.416,estimated_from_wall_time_and_nprocs,8,True,calculations/single_points/raw_outputs/M06-2X-D30/38-TS_M06-2X-D30.out
39-P2,M06-2X-D30,ORCA,-2574.210865649539,5.667,45.336,estimated_from_wall_time_and_nprocs,8,True,calculations/single_points/raw_outputs/M06-2X-D30/39-P2_M06-2X-D30.out
39-R1,M06-2X-D30,ORCA,-2922.531374459415,148.099,1184.792,estimated_from_wall_time_and_nprocs,8,True,calculations/single_points/raw_outputs/M06-2X-D30/39-R1_M06-2X-D30.out
39-TS,M06-2X-D30,ORCA,-2922.525247159934,157.992,1263.936,estimated_from_wall_time_and_nprocs,8,True,calculations/single_points/raw_outputs/M06-2X-D30/39-TS_M06-2X-D30.out
4-P1,M06-2X-D30,ORCA,-834.246364590812,187.701,1501.608,estimated_from_wall_time_and_nprocs,8,True,calculations/single_points/raw_outputs/M06-2X-D30/4-P1_M06-2X-D30.out
4-TS,M06-2X-D30,ORCA,-834.196387240339,198.429,1587.432,estimated_from_wall_time_and_nprocs,8,True,calculations/single_points/raw_outputs/M06-2X-D30/4-TS_M06-2X-D30.out
40-P1,M06-2X-D30,ORCA,-462.851379335591,161.099,1288.792,estimated_from_wall_time_and_nprocs,8,True,calculations/single_points/raw_outputs/M06-2X-D30/40-P1_M06-2X-D30.out
40-R1,M06-2X-D30,ORCA,-923.024194030076,184.382,1475.056,estimated_from_wall_time_and_nprocs,8,True,calculations/single_points/raw_outputs/M06-2X-D30/40-R1_M06-2X-D30.out
40-TS,M06-2X-D30,ORCA,-923.008737900606,189.866,1518.928,estimated_from_wall_time_and_nprocs,8,True,calculations/single_points/raw_outputs/M06-2X-D30/40-TS_M06-2X-D30.out
41-P1,M06-2X-D30,ORCA,-822.748259944657,182.159,1457.272,estimated_from_wall_time_and_nprocs,8,True,calculations/single_points/raw_outputs/M06-2X-D30/41-P1_M06-2X-D30.out
41-R1,M06-2X-D30,ORCA,-1282.921842683045,194.544,1556.352,estimated_from_wall_time_and_nprocs,8,True,calculations/single_points/raw_outputs/M06-2X-D30/41-R1_M06-2X-D30.out
41-TS,M06-2X-D30,ORCA,-1282.910604570311,219.923,1759.384,estimated_from_wall_time_and_nprocs,8,True,calculations/single_points/raw_outputs/M06-2X-D30/41-TS_M06-2X-D30.out
42-P1,M06-2X-D30,ORCA,-509.384821508218,110.153,881.224,estimated_from_wall_time_and_nprocs,8,True,calculations/single_points/raw_outputs/M06-2X-D30/42-P1_M06-2X-D30.out
42-R1,M06-2X-D30,ORCA,-430.767027261141,55.591,444.728,estimated_from_wall_time_and_nprocs,8,True,calculations/single_points/raw_outputs/M06-2X-D30/42-R1_M06-2X-D30.out
42-TS,M06-2X-D30,ORCA,-509.336267240432,125.399,1003.192,estimated_from_wall_time_and_nprocs,8,True,calculations/single_points/raw_outputs/M06-2X-D30/42-TS_M06-2X-D30.out
43-P1,M06-2X-D30,ORCA,-304.734613733762,76.694,613.552,estimated_from_wall_time_and_nprocs,8,True,calculations/single_points/raw_outputs/M06-2X-D30/43-P1_M06-2X-D30.out
43-R1,M06-2X-D30,ORCA,-304.699510676301,78.741,629.928,estimated_from_wall_time_and_nprocs,8,True,calculations/single_points/raw_outputs/M06-2X-D30/43-R1_M06-2X-D30.out
43-TS,M06-2X-D30,ORCA,-304.685896718705,80.706,645.648,estimated_from_wall_time_and_nprocs,8,True,calculations/single_points/raw_outputs/M06-2X-D30/43-TS_M06-2X-D30.out
44-P1,M06-2X-D30,ORCA,-109.543183842194,5.15,41.2,estimated_from_wall_time_and_nprocs,8,True,calculations/single_points/raw_outputs/M06-2X-D30/44-P1_M06-2X-D30.out
44-P2,M06-2X-D30,ORCA,-195.215709041269,40.56,324.48,estimated_from_wall_time_and_nprocs,8,True,calculations/single_points/raw_outputs/M06-2X-D30/44-P2_M06-2X-D30.out
44-TS,M06-2X-D30,ORCA,-304.731438949025,73.44,587.52,estimated_from_wall_time_and_nprocs,8,True,calculations/single_points/raw_outputs/M06-2X-D30/44-TS_M06-2X-D30.out
45-P1,M06-2X-D30,ORCA,-422.665359841803,182.241,1457.928,estimated_from_wall_time_and_nprocs,8,True,calculations/single_points/raw_outputs/M06-2X-D30/45-P1_M06-2X-D30.out
45-R1,M06-2X-D30,ORCA,-422.645420969636,194.086,1552.688,estimated_from_wall_time_and_nprocs,8,True,calculations/single_points/raw_outputs/M06-2X-D30/45-R1_M06-2X-D30.out
45-TS,M06-2X-D30,ORCA,-422.626643804705,192.351,1538.808,estimated_from_wall_time_and_nprocs,8,True,calculations/single_points/raw_outputs/M06-2X-D30/45-TS_M06-2X-D30.out
46-P1,M06-2X-D30,ORCA,-313.168037030871,124.543,996.344,estimated_from_wall_time_and_nprocs,8,True,calculations/single_points/raw_outputs/M06-2X-D30/46-P1_M06-2X-D30.out
46-TS,M06-2X-D30,ORCA,-422.664376707543,185.465,1483.72,estimated_from_wall_time_and_nprocs,8,True,calculations/single_points/raw_outputs/M06-2X-D30/46-TS_M06-2X-D30.out
47-P1,M06-2X-D30,ORCA,-309.549548871246,91.503,732.024,estimated_from_wall_time_and_nprocs,8,True,calculations/single_points/raw_outputs/M06-2X-D30/47-P1_M06-2X-D30.out
47-R1,M06-2X-D30,ORCA,-419.088569766337,130.421,1043.368,estimated_from_wall_time_and_nprocs,8,True,calculations/single_points/raw_outputs/M06-2X-D30/47-R1_M06-2X-D30.out
47-TS,M06-2X-D30,ORCA,-419.069790158623,126.381,1011.048,estimated_from_wall_time_and_nprocs,8,True,calculations/single_points/raw_outputs/M06-2X-D30/47-TS_M06-2X-D30.out
48-P1,M06-2X-D30,ORCA,-951.542427148478,335.146,2681.168,estimated_from_wall_time_and_nprocs,8,True,calculations/single_points/raw_outputs/M06-2X-D30/48-P1_M06-2X-D30.out
48-R1,M06-2X-D30,ORCA,-1061.04332597802,431.052,3448.416,estimated_from_wall_time_and_nprocs,8,True,calculations/single_points/raw_outputs/M06-2X-D30/48-R1_M06-2X-D30.out
48-TS,M06-2X-D30,ORCA,-1061.040258635454,424.118,3392.944,estimated_from_wall_time_and_nprocs,8,True,calculations/single_points/raw_outputs/M06-2X-D30/48-TS_M06-2X-D30.out
49-P1,M06-2X-D30,ORCA,-477.277829693193,112.494,899.952,estimated_from_wall_time_and_nprocs,8,True,calculations/single_points/raw_outputs/M06-2X-D30/49-P1_M06-2X-D30.out
49-R1,M06-2X-D30,ORCA,-586.74223575499,157.734,1261.872,estimated_from_wall_time_and_nprocs,8,True,calculations/single_points/raw_outputs/M06-2X-D30/49-R1_M06-2X-D30.out
49-TS,M06-2X-D30,ORCA,-586.732921459764,177.525,1420.2,estimated_from_wall_time_and_nprocs,8,True,calculations/single_points/raw_outputs/M06-2X-D30/49-TS_M06-2X-D30.out
5-P1,M06-2X-D30,ORCA,-440.119858288253,127.062,1016.496,estimated_from_wall_time_and_nprocs,8,True,calculations/single_points/raw_outputs/M06-2X-D30/5-P1_M06-2X-D30.out
5-R1,M06-2X-D30,ORCA,-170.837046437587,13.373,106.984,estimated_from_wall_time_and_nprocs,8,True,calculations/single_points/raw_outputs/M06-2X-D30/5-R1_M06-2X-D30.out
5-R2,M06-2X-D30,ORCA,-269.238178031151,57.842,462.736,estimated_from_wall_time_and_nprocs,8,True,calculations/single_points/raw_outputs/M06-2X-D30/5-R2_M06-2X-D30.out
5-TS,M06-2X-D30,ORCA,-440.086982819137,138.597,1108.776,estimated_from_wall_time_and_nprocs,8,True,calculations/single_points/raw_outputs/M06-2X-D30/5-TS_M06-2X-D30.out
50-R1,M06-2X-D30,ORCA,-645.023693363588,141.025,1128.2,estimated_from_wall_time_and_nprocs,8,True,calculations/single_points/raw_outputs/M06-2X-D30/50-R1_M06-2X-D30.out
50-R2,M06-2X-D30,ORCA,-415.975610986256,45.636,365.088,estimated_from_wall_time_and_nprocs,8,True,calculations/single_points/raw_outputs/M06-2X-D30/50-R2_M06-2X-D30.out
50-TS,M06-2X-D30,ORCA,-1061.000251760289,393.95,3151.6,estimated_from_wall_time_and_nprocs,8,True,calculations/single_points/raw_outputs/M06-2X-D30/50-TS_M06-2X-D30.out
6-P1,M06-2X-D30,ORCA,-440.146062269172,130.584,1044.672,estimated_from_wall_time_and_nprocs,8,True,calculations/single_points/raw_outputs/M06-2X-D30/6-P1_M06-2X-D30.out
6-TS,M06-2X-D30,ORCA,-440.081586240898,157.39,1259.12,estimated_from_wall_time_and_nprocs,8,True,calculations/single_points/raw_outputs/M06-2X-D30/6-TS_M06-2X-D30.out
7-P1,M06-2X-D30,ORCA,-616.051254335291,276.91,2215.28,estimated_from_wall_time_and_nprocs,8,True,calculations/single_points/raw_outputs/M06-2X-D30/7-P1_M06-2X-D30.out
7-R1,M06-2X-D30,ORCA,-616.029241194064,301.753,2414.024,estimated_from_wall_time_and_nprocs,8,True,calculations/single_points/raw_outputs/M06-2X-D30/7-R1_M06-2X-D30.out
7-TS,M06-2X-D30,ORCA,-616.016902862473,315.094,2520.752,estimated_from_wall_time_and_nprocs,8,True,calculations/single_points/raw_outputs/M06-2X-D30/7-TS_M06-2X-D30.out
8-P1,M06-2X-D30,ORCA,-1115.661372156901,73.064,584.512,estimated_from_wall_time_and_nprocs,8,True,calculations/single_points/raw_outputs/M06-2X-D30/8-P1_M06-2X-D30.out
8-R1,M06-2X-D30,ORCA,-157.211204258857,23.446,187.568,estimated_from_wall_time_and_nprocs,8,True,calculations/single_points/raw_outputs/M06-2X-D30/8-R1_M06-2X-D30.out
8-R2,M06-2X-D30,ORCA,-958.395129094175,9.097,72.776,estimated_from_wall_time_and_nprocs,8,True,calculations/single_points/raw_outputs/M06-2X-D30/8-R2_M06-2X-D30.out
8-TS,M06-2X-D30,ORCA,-1115.608517492598,81.874,654.992,estimated_from_wall_time_and_nprocs,8,True,calculations/single_points/raw_outputs/M06-2X-D30/8-TS_M06-2X-D30.out
9-P1,M06-2X-D30,ORCA,-614.866267238654,306.898,2455.184,estimated_from_wall_time_and_nprocs,8,True,calculations/single_points/raw_outputs/M06-2X-D30/9-P1_M06-2X-D30.out
9-R1,M06-2X-D30,ORCA,-614.857272651633,287.819,2302.552,estimated_from_wall_time_and_nprocs,8,True,calculations/single_points/raw_outputs/M06-2X-D30/9-R1_M06-2X-D30.out
9-TS,M06-2X-D30,ORCA,-614.837542042954,297.958,2383.664,estimated_from_wall_time_and_nprocs,8,True,calculations/single_points/raw_outputs/M06-2X-D30/9-TS_M06-2X-D30.out
1-P1,M06-D4,Q-Chem,-616.5968844987,1089.57,32050.58,reported_by_qchem,,True,calculations/single_points/raw_outputs/M06-D4/1-P1_M06-D4.out
1-R1,M06-D4,Q-Chem,-616.5929444953,1204.92,35662.79,reported_by_qchem,,True,calculations/single_points/raw_outputs/M06-D4/1-R1_M06-D4.out
1-TS,M06-D4,Q-Chem,-616.5805105064,1026.3,28420.06,reported_by_qchem,,True,calculations/single_points/raw_outputs/M06-D4/1-TS_M06-D4.out
10-P1,M06-D4,Q-Chem,-153.1565431234,13.76,393.55,reported_by_qchem,,True,calculations/single_points/raw_outputs/M06-D4/10-P1_M06-D4.out
10-P2,M06-D4,Q-Chem,-39.8209682567,5.24,97.92,reported_by_qchem,,True,calculations/single_points/raw_outputs/M06-D4/10-P2_M06-D4.out
10-R1,M06-D4,Q-Chem,-192.9911090714,128.26,1134.22,reported_by_qchem,,True,calculations/single_points/raw_outputs/M06-D4/10-R1_m06-D4.out
10-TS,M06-D4,Q-Chem,-192.9660156941,42.65,1291.1,reported_by_qchem,,True,calculations/single_points/raw_outputs/M06-D4/10-TS_M06-D4.out
11-P1,M06-D4,Q-Chem,-344.8290898144,159.28,4144.6,reported_by_qchem,,True,calculations/single_points/raw_outputs/M06-D4/11-P1_M06-D4.out
11-P2,M06-D4,Q-Chem,-203.4081034895,17.93,519.3,reported_by_qchem,,True,calculations/single_points/raw_outputs/M06-D4/11-P2_M06-D4.out
11-R1,M06-D4,Q-Chem,-548.2458559202,528.44,15559.52,reported_by_qchem,,True,calculations/single_points/raw_outputs/M06-D4/11-R1_M06-D4.out
11-TS,M06-D4,Q-Chem,-548.2277254457,413.17,12519.95,reported_by_qchem,,True,calculations/single_points/raw_outputs/M06-D4/11-TS_M06-D4.out
12-P1,M06-D4,Q-Chem,-803.5175245261,482.2,14232.56,reported_by_qchem,,True,calculations/single_points/raw_outputs/M06-D4/12-P1_M06-D4.out
12-R1,M06-D4,Q-Chem,-646.2901607954,128.08,3325.66,reported_by_qchem,,True,calculations/single_points/raw_outputs/M06-D4/12-R1_M06-D4.out
12-R2,M06-D4,Q-Chem,-157.1675772656,73.94,1319.83,reported_by_qchem,,True,calculations/single_points/raw_outputs/M06-D4/12-R2_M06-D4.out
12-TS,M06-D4,Q-Chem,-803.4640936112,514.74,15086.55,reported_by_qchem,,True,calculations/single_points/raw_outputs/M06-D4/12-TS_M06-D4.out
13-P1,M06-D4,Q-Chem,-456.032389939,167.02,5019.29,reported_by_qchem,,True,calculations/single_points/raw_outputs/M06-D4/13-P1_M06-D4.out
13-R1,M06-D4,Q-Chem,-192.9911233879,28.49,859.78,reported_by_qchem,,True,calculations/single_points/raw_outputs/M06-D4/13-R1_M06-D4.out
13-R2,M06-D4,Q-Chem,-263.0043449372,19.99,613.85,reported_by_qchem,,True,calculations/single_points/raw_outputs/M06-D4/13-R2_M06-D4.out
13-TS,M06-D4,Q-Chem,-455.9935670548,159.16,4751.3,reported_by_qchem,,True,calculations/single_points/raw_outputs/M06-D4/13-TS_M06-D4.out
14-P1,M06-D4,Q-Chem,-388.2834470483,306.67,8586.6,reported_by_qchem,,True,calculations/single_points/raw_outputs/M06-D4/14-P1_M06-D4.out
14-R1,M06-D4,Q-Chem,-192.982813331,106.42,1454.51,reported_by_qchem,,True,calculations/single_points/raw_outputs/M06-D4/14-R1_M06-D4.out
14-R2,M06-D4,Q-Chem,-195.2226807087,61.0,1774.79,reported_by_qchem,,True,calculations/single_points/raw_outputs/M06-D4/14-R2_M06-D4.out
14-TS,M06-D4,Q-Chem,-388.2415617066,326.75,9585.0,reported_by_qchem,,True,calculations/single_points/raw_outputs/M06-D4/14-TS_M06-D4.out
15-P1,M06-D4,Q-Chem,-384.9237977198,123.62,3590.43,reported_by_qchem,,True,calculations/single_points/raw_outputs/M06-D4/15-P1_M06-D4.out
15-R1,M06-D4,Q-Chem,-306.3503783651,41.63,1237.05,reported_by_qchem,,True,calculations/single_points/raw_outputs/M06-D4/15-R1_M06-D4.out
15-R2,M06-D4,Q-Chem,-78.5578320258,3.36,83.13,reported_by_qchem,,True,calculations/single_points/raw_outputs/M06-D4/15-R2_M06-D4.out
15-TS,M06-D4,Q-Chem,-384.876618506,117.0,3267.73,reported_by_qchem,,True,calculations/single_points/raw_outputs/M06-D4/15-TS_M06-D4.out
16-P1,M06-D4,Q-Chem,-460.1407354342,258.92,7625.82,reported_by_qchem,,True,calculations/single_points/raw_outputs/M06-D4/16-P1_M06-D4.out
16-R1,M06-D4,Q-Chem,-381.5701624111,148.71,3763.86,reported_by_qchem,,True,calculations/single_points/raw_outputs/M06-D4/16-R1_M06-D4.out
16-TS,M06-D4,Q-Chem,-460.1033766281,207.24,6139.12,reported_by_qchem,,True,calculations/single_points/raw_outputs/M06-D4/16-TS_M06-D4.out
17-P1,M06-D4,Q-Chem,-647.5279282483,208.7,6116.84,reported_by_qchem,,True,calculations/single_points/raw_outputs/M06-D4/17-P1_M06-D4.out
17-R2,M06-D4,Q-Chem,-341.1558835152,26.38,691.4,reported_by_qchem,,True,calculations/single_points/raw_outputs/M06-D4/17-R2_M06-D4.out
17-TS,M06-D4,Q-Chem,-647.4961625724,314.4,8787.85,reported_by_qchem,,True,calculations/single_points/raw_outputs/M06-D4/17-TS_M06-D4.out
18-P1,M06-D4,Q-Chem,-555.2769864061,179.08,2360.18,reported_by_qchem,,True,calculations/single_points/raw_outputs/M06-D4/18-P1_M06-D4.out
18-R1,M06-D4,Q-Chem,-398.0950499005,1.98,39.7,reported_by_qchem,,True,calculations/single_points/raw_outputs/M06-D4/18-R1_M06-D4.out
18-TS,M06-D4,Q-Chem,-555.2649685418,96.61,2869.5,reported_by_qchem,,True,calculations/single_points/raw_outputs/M06-D4/18-TS_M06-D4.out
19-P1,M06-D4,Q-Chem,-554.0366158065,72.1,2199.72,reported_by_qchem,,True,calculations/single_points/raw_outputs/M06-D4/19-P1_M06-D4.out
19-R2,M06-D4,Q-Chem,-155.9337527171,28.5,861.38,reported_by_qchem,,True,calculations/single_points/raw_outputs/M06-D4/19-R2_M06-D4.out
19-TS,M06-D4,Q-Chem,-554.0295105087,65.99,1996.77,reported_by_qchem,,True,calculations/single_points/raw_outputs/M06-D4/19-TS_M06-D4.out
2-P1,M06-D4,Q-Chem,-616.6168339024,1099.02,32262.06,reported_by_qchem,,True,calculations/single_points/raw_outputs/M06-D4/2-P1_M06-D4.out
2-TS,M06-D4,Q-Chem,-616.5907259723,1112.08,32825.88,reported_by_qchem,,True,calculations/single_points/raw_outputs/M06-D4/2-TS_M06-D4.out
20-P1,M06-D4,Q-Chem,-780.1588464031,191.54,5584.34,reported_by_qchem,,True,calculations/single_points/raw_outputs/M06-D4/20-P1_M06-D4.out
20-P2,M06-D4,Q-Chem,-231.4777418483,69.31,2099.36,reported_by_qchem,,True,calculations/single_points/raw_outputs/M06-D4/20-P2_M06-D4.out
20-R1,M06-D4,Q-Chem,-1011.6427547456,753.97,22273.89,reported_by_qchem,,True,calculations/single_points/raw_outputs/M06-D4/20-R1_M06-D4.out
20-TS,M06-D4,Q-Chem,-1011.6309393646,718.68,21192.52,reported_by_qchem,,True,calculations/single_points/raw_outputs/M06-D4/20-TS_M06-D4.out
21-P1,M06-D4,Q-Chem,-914.4488691847,504.31,14428.68,reported_by_qchem,,True,calculations/single_points/raw_outputs/M06-D4/21-P1_M06-D4.out
21-R1,M06-D4,Q-Chem,-914.4383988649,517.09,15214.6,reported_by_qchem,,True,calculations/single_points/raw_outputs/M06-D4/21-R1_M06-D4.out
21-TS,M06-D4,Q-Chem,-914.4264317498,540.69,16039.95,reported_by_qchem,,True,calculations/single_points/raw_outputs/M06-D4/21-TS_M06-D4.out
22-P1,M06-D4,Q-Chem,-595.1042159632,768.99,22718.08,reported_by_qchem,,True,calculations/single_points/raw_outputs/M06-D4/22-P1_M06-D4.out
22-R1,M06-D4,Q-Chem,-595.0850913284,765.22,22491.06,reported_by_qchem,,True,calculations/single_points/raw_outputs/M06-D4/22-R1_M06-D4.out
22-TS,M06-D4,Q-Chem,-595.0646753903,801.41,23491.78,reported_by_qchem,,True,calculations/single_points/raw_outputs/M06-D4/22-TS_M06-D4.out
23-P1,M06-D4,Q-Chem,-310.9001997365,225.28,6553.05,reported_by_qchem,,True,calculations/single_points/raw_outputs/M06-D4/23-P1_M06-D4.out
23-R1,M06-D4,Q-Chem,-310.8880778507,227.33,6525.84,reported_by_qchem,,True,calculations/single_points/raw_outputs/M06-D4/23-R1_M06-D4.out
23-TS,M06-D4,Q-Chem,-310.8762805943,216.08,6194.51,reported_by_qchem,,True,calculations/single_points/raw_outputs/M06-D4/23-TS_M06-D4.out
24-P1,M06-D4,Q-Chem,-463.2960941942,123.8,3814.04,reported_by_qchem,,True,calculations/single_points/raw_outputs/M06-D4/24-P1_M06-D4.out
24-R1,M06-D4,Q-Chem,-463.2795012797,222.23,4909.25,reported_by_qchem,,True,calculations/single_points/raw_outputs/M06-D4/24-R1_M06-D4.out
24-TS,M06-D4,Q-Chem,-463.2705303791,156.32,4789.44,reported_by_qchem,,True,calculations/single_points/raw_outputs/M06-D4/24-TS_M06-D4.out
25-P1,M06-D4,Q-Chem,-385.3543452773,266.25,8041.73,reported_by_qchem,,True,calculations/single_points/raw_outputs/M06-D4/25-P1_M06-D4.out
25-P2,M06-D4,Q-Chem,-39.8209684443,3.15,83.99,reported_by_qchem,,True,calculations/single_points/raw_outputs/M06-D4/25-P2_M06-D4.out
25-R1,M06-D4,Q-Chem,-384.6778900716,307.64,9271.98,reported_by_qchem,,True,calculations/single_points/raw_outputs/M06-D4/25-R1_M06-D4.out
25-R2,M06-D4,Q-Chem,-40.4991890209,4.67,110.0,reported_by_qchem,,True,calculations/single_points/raw_outputs/M06-D4/25-R2_M06-D4.out
25-TS,M06-D4,Q-Chem,-425.1567144818,403.05,11882.57,reported_by_qchem,,True,calculations/single_points/raw_outputs/M06-D4/25-TS_M06-D4.out
26-P2,M06-D4,Q-Chem,-115.0375416397,6.55,191.95,reported_by_qchem,,True,calculations/single_points/raw_outputs/M06-D4/26-P2_M06-D4.out
26-R2,M06-D4,Q-Chem,-115.7125590127,6.56,194.07,reported_by_qchem,,True,calculations/single_points/raw_outputs/M06-D4/26-R2_M06-D4.out
26-TS,M06-D4,Q-Chem,-500.3797211146,558.14,15727.98,reported_by_qchem,,True,calculations/single_points/raw_outputs/M06-D4/26-TS_M06-D4.out
27-P1,M06-D4,Q-Chem,-75.7341426867,28.98,61.23,reported_by_qchem,,True,calculations/single_points/raw_outputs/M06-D4/27-P1_M06-D4.out
27-P2,M06-D4,Q-Chem,-549.2089711119,101.79,235.14,reported_by_qchem,,True,calculations/single_points/raw_outputs/M06-D4/27-P2_M06-D4.out
27-R1,M06-D4,Q-Chem,-548.5198721195,7.45,164.49,reported_by_qchem,,True,calculations/single_points/raw_outputs/M06-D4/27-R1_M06-D4.out
27-R2,M06-D4,Q-Chem,-76.4316199212,2.15,50.49,reported_by_qchem,,True,calculations/single_points/raw_outputs/M06-D4/27-R2_M06-D4.out
27-TS,M06-D4,Q-Chem,-624.9433651956,31.62,759.18,reported_by_qchem,,True,calculations/single_points/raw_outputs/M06-D4/27-TS_M06-D4.out
28-R1,M06-D4,Q-Chem,-40.4991889939,16.42,113.56,reported_by_qchem,,True,calculations/single_points/raw_outputs/M06-D4/28-R1_M06-D4.out
28-TS,M06-D4,Q-Chem,-589.0135658372,34.86,992.47,reported_by_qchem,,True,calculations/single_points/raw_outputs/M06-D4/28-TS_M06-D4.out
29-P1,M06-D4,Q-Chem,-157.7365644842,72.12,2077.23,reported_by_qchem,,True,calculations/single_points/raw_outputs/M06-D4/29-P1_M06-D4.out
29-R1,M06-D4,Q-Chem,-158.3963709391,71.78,1666.41,reported_by_qchem,,True,calculations/single_points/raw_outputs/M06-D4/29-R1_M06-D4.out
29-TS,M06-D4,Q-Chem,-706.922561396,267.3,8003.3,reported_by_qchem,,True,calculations/single_points/raw_outputs/M06-D4/29-TS_M06-D4.out
3-P1,M06-D4,Q-Chem,-834.1016617675,512.76,15251.1,reported_by_qchem,,True,calculations/single_points/raw_outputs/M06-D4/3-P1_M06-D4.out
3-R1,M06-D4,Q-Chem,-834.0872918425,369.12,11192.65,reported_by_qchem,,True,calculations/single_points/raw_outputs/M06-D4/3-R1_M06-D4.out
3-TS,M06-D4,Q-Chem,-834.0663405288,568.1,17118.53,reported_by_qchem,,True,calculations/single_points/raw_outputs/M06-D4/3-TS_M06-D4.out
30-P1,M06-D4,Q-Chem,-117.21532832,20.06,613.59,reported_by_qchem,,True,calculations/single_points/raw_outputs/M06-D4/30-P1_M06-D4.out
30-R1,M06-D4,Q-Chem,-117.8615790422,19.7,596.81,reported_by_qchem,,True,calculations/single_points/raw_outputs/M06-D4/30-R1_M06-D4.out
30-TS,M06-D4,Q-Chem,-666.3879086638,96.39,2944.86,reported_by_qchem,,True,calculations/single_points/raw_outputs/M06-D4/30-TS_M06-D4.out
31-P1,M06-D4,Q-Chem,-754.0570990767,493.98,14521.59,reported_by_qchem,,True,calculations/single_points/raw_outputs/M06-D4/31-P1_M06-D4.out
31-R1,M06-D4,Q-Chem,-754.0340921867,593.92,17129.65,reported_by_qchem,,True,calculations/single_points/raw_outputs/M06-D4/31-R1_M06-D4.out
31-TS,M06-D4,Q-Chem,-754.0227639233,560.36,16537.61,reported_by_qchem,,True,calculations/single_points/raw_outputs/M06-D4/31-TS_M06-D4.out
32-P1,M06-D4,Q-Chem,-562.3662994104,178.77,5215.99,reported_by_qchem,,True,calculations/single_points/raw_outputs/M06-D4/32-P1_M06-D4.out
32-R1,M06-D4,Q-Chem,-562.3475802874,200.49,5924.35,reported_by_qchem,,True,calculations/single_points/raw_outputs/M06-D4/32-R1_M06-D4.out
32-TS,M06-D4,Q-Chem,-562.3342820096,218.24,6473.14,reported_by_qchem,,True,calculations/single_points/raw_outputs/M06-D4/32-TS_M06-D4.out
33-P1,M06-D4,Q-Chem,-679.0340350105,411.41,12108.25,reported_by_qchem,,True,calculations/single_points/raw_outputs/M06-D4/33-P1_M06-D4.out
33-R1,M06-D4,Q-Chem,-679.017963688,579.35,15539.91,reported_by_qchem,,True,calculations/single_points/raw_outputs/M06-D4/33-R1_M06-D4.out
33-TS,M06-D4,Q-Chem,-679.0034792526,503.43,14808.98,reported_by_qchem,,True,calculations/single_points/raw_outputs/M06-D4/33-TS_M06-D4.out
34-P1,M06-D4,Q-Chem,-1139.8720135105,567.16,16307.5,reported_by_qchem,,True,calculations/single_points/raw_outputs/M06-D4/34-P1_M06-D4.out
34-R1,M06-D4,Q-Chem,-1139.8553742498,639.61,18713.7,reported_by_qchem,,True,calculations/single_points/raw_outputs/M06-D4/34-R1_M06-D4.out
34-TS,M06-D4,Q-Chem,-1139.8414874508,591.97,17156.76,reported_by_qchem,,True,calculations/single_points/raw_outputs/M06-D4/34-TS_M06-D4.out
35-P1,M06-D4,Q-Chem,-3253.7852704682,524.76,15505.66,reported_by_qchem,,True,calculations/single_points/raw_outputs/M06-D4/35-P1_M06-D4.out
35-R1,M06-D4,Q-Chem,-3253.7697960138,816.45,23519.52,reported_by_qchem,,True,calculations/single_points/raw_outputs/M06-D4/35-R1_M06-D4.out
35-TS,M06-D4,Q-Chem,-3253.75537092,564.49,16539.55,reported_by_qchem,,True,calculations/single_points/raw_outputs/M06-D4/35-TS_M06-D4.out
36-P1,M06-D4,Q-Chem,-1074.851248441,141.67,3951.06,reported_by_qchem,,True,calculations/single_points/raw_outputs/M06-D4/36-P1_M06-D4.out
36-R1,M06-D4,Q-Chem,-1074.8253501093,175.82,5293.02,reported_by_qchem,,True,calculations/single_points/raw_outputs/M06-D4/36-R1_M06-D4.out
36-TS,M06-D4,Q-Chem,-1074.8134306857,134.42,3782.6,reported_by_qchem,,True,calculations/single_points/raw_outputs/M06-D4/36-TS_M06-D4.out
37-P1,M06-D4,Q-Chem,-751.8717362385,117.55,3555.21,reported_by_qchem,,True,calculations/single_points/raw_outputs/M06-D4/37-P1_M06-D4.out
37-R1,M06-D4,Q-Chem,-751.8489615277,115.5,3599.0,reported_by_qchem,,True,calculations/single_points/raw_outputs/M06-D4/37-R1_M06-D4.out
37-TS,M06-D4,Q-Chem,-751.8344147752,140.69,4227.14,reported_by_qchem,,True,calculations/single_points/raw_outputs/M06-D4/37-TS_M06-D4.out
38-P1,M06-D4,Q-Chem,-348.2014927075,218.07,6443.72,reported_by_qchem,,True,calculations/single_points/raw_outputs/M06-D4/38-P1_M06-D4.out
38-P2,M06-D4,Q-Chem,-460.1338802253,2.83,40.81,reported_by_qchem,,True,calculations/single_points/raw_outputs/M06-D4/38-P2_M06-D4.out
38-R1,M06-D4,Q-Chem,-808.3587487324,301.88,8996.65,reported_by_qchem,,True,calculations/single_points/raw_outputs/M06-D4/38-R1_M06-D4.out
38-TS,M06-D4,Q-Chem,-808.3451532747,270.21,8033.18,reported_by_qchem,,True,calculations/single_points/raw_outputs/M06-D4/38-TS_M06-D4.out
39-P2,M06-D4,Q-Chem,-2574.0711395512,3.17,59.0,reported_by_qchem,,True,calculations/single_points/raw_outputs/M06-D4/39-P2_M06-D4.out
39-R1,M06-D4,Q-Chem,-2922.2756574564,325.05,9548.82,reported_by_qchem,,True,calculations/single_points/raw_outputs/M06-D4/39-R1_M06-D4.out
39-TS,M06-D4,Q-Chem,-2922.2707731182,285.34,8537.79,reported_by_qchem,,True,calculations/single_points/raw_outputs/M06-D4/39-TS_M06-D4.out
4-P1,M06-D4,Q-Chem,-834.1106067018,515.62,15394.04,reported_by_qchem,,True,calculations/single_points/raw_outputs/M06-D4/4-P1_M06-D4.out
4-TS,M06-D4,Q-Chem,-834.0627125697,474.92,13977.88,reported_by_qchem,,True,calculations/single_points/raw_outputs/M06-D4/4-TS_M06-D4.out
40-P1,M06-D4,Q-Chem,-462.7139447086,366.84,10739.35,reported_by_qchem,,True,calculations/single_points/raw_outputs/M06-D4/40-P1_M06-D4.out
40-R1,M06-D4,Q-Chem,-922.8753199109,477.7,14244.84,reported_by_qchem,,True,calculations/single_points/raw_outputs/M06-D4/40-R1_M06-D4.out
40-TS,M06-D4,Q-Chem,-922.8619124345,455.1,13420.76,reported_by_qchem,,True,calculations/single_points/raw_outputs/M06-D4/40-TS_M06-D4.out
41-P1,M06-D4,Q-Chem,-822.5865036462,419.27,12205.7,reported_by_qchem,,True,calculations/single_points/raw_outputs/M06-D4/41-P1_M06-D4.out
41-R1,M06-D4,Q-Chem,-1282.7483538629,429.65,12839.98,reported_by_qchem,,True,calculations/single_points/raw_outputs/M06-D4/41-R1_M06-D4.out
41-TS,M06-D4,Q-Chem,-1282.7415497227,593.3,17396.97,reported_by_qchem,,True,calculations/single_points/raw_outputs/M06-D4/41-TS_M06-D4.out
42-P1,M06-D4,Q-Chem,-509.2738156679,259.62,7794.62,reported_by_qchem,,True,calculations/single_points/raw_outputs/M06-D4/42-P1_M06-D4.out
42-R1,M06-D4,Q-Chem,-430.6829082616,123.97,3808.51,reported_by_qchem,,True,calculations/single_points/raw_outputs/M06-D4/42-R1_M06-D4.out
42-R2,M06-D4,Q-Chem,-78.5578323491,7.15,198.51,reported_by_qchem,,True,calculations/single_points/raw_outputs/M06-D4/42-R2_M06-D4.out
42-TS,M06-D4,Q-Chem,-509.2331944877,237.92,7097.72,reported_by_qchem,,True,calculations/single_points/raw_outputs/M06-D4/42-TS_M06-D4.out
43-P1,M06-D4,Q-Chem,-304.6473747673,150.23,4458.37,reported_by_qchem,,True,calculations/single_points/raw_outputs/M06-D4/43-P1_M06-D4.out
43-R1,M06-D4,Q-Chem,-304.6152770841,222.71,5540.55,reported_by_qchem,,True,calculations/single_points/raw_outputs/M06-D4/43-R1_M06-D4.out
43-TS,M06-D4,Q-Chem,-304.6020502204,191.57,5707.63,reported_by_qchem,,True,calculations/single_points/raw_outputs/M06-D4/43-TS_M06-D4.out
44-P1,M06-D4,Q-Chem,-109.513304395,5.18,63.97,reported_by_qchem,,True,calculations/single_points/raw_outputs/M06-D4/44-P1_M06-D4.out
44-P2,M06-D4,Q-Chem,-195.1589625696,91.75,2706.02,reported_by_qchem,,True,calculations/single_points/raw_outputs/M06-D4/44-P2_M06-D4.out
44-TS,M06-D4,Q-Chem,-304.6483801126,159.07,4691.03,reported_by_qchem,,True,calculations/single_points/raw_outputs/M06-D4/44-TS_M06-D4.out
45-P1,M06-D4,Q-Chem,-422.5464951665,505.14,14701.3,reported_by_qchem,,True,calculations/single_points/raw_outputs/M06-D4/45-P1_M06-D4.out
45-R1,M06-D4,Q-Chem,-422.5274676635,529.65,15582.07,reported_by_qchem,,True,calculations/single_points/raw_outputs/M06-D4/45-R1_M06-D4.out
45-TS,M06-D4,Q-Chem,-422.5101116095,489.85,14405.64,reported_by_qchem,,True,calculations/single_points/raw_outputs/M06-D4/45-TS_M06-D4.out
46-P1,M06-D4,Q-Chem,-313.0785641216,299.32,8841.02,reported_by_qchem,,True,calculations/single_points/raw_outputs/M06-D4/46-P1_M06-D4.out
46-TS,M06-D4,Q-Chem,-422.5475306622,492.01,14431.39,reported_by_qchem,,True,calculations/single_points/raw_outputs/M06-D4/46-TS_M06-D4.out
47-P1,M06-D4,Q-Chem,-309.4454763741,198.42,5889.16,reported_by_qchem,,True,calculations/single_points/raw_outputs/M06-D4/47-P1_M06-D4.out
47-R1,M06-D4,Q-Chem,-418.9572884809,300.69,8897.61,reported_by_qchem,,True,calculations/single_points/raw_outputs/M06-D4/47-R1_M06-D4.out
47-TS,M06-D4,Q-Chem,-418.9398808514,318.78,8687.2,reported_by_qchem,,True,calculations/single_points/raw_outputs/M06-D4/47-TS_M06-D4.out
48-P1,M06-D4,Q-Chem,-951.3615242853,795.0,23432.4,reported_by_qchem,,True,calculations/single_points/raw_outputs/M06-D4/48-P1_M06-D4.out
48-R1,M06-D4,Q-Chem,-1060.8326810833,1065.3,31486.18,reported_by_qchem,,True,calculations/single_points/raw_outputs/M06-D4/48-R1_M06-D4.out
48-TS,M06-D4,Q-Chem,-1060.8315854199,1087.11,31953.19,reported_by_qchem,,True,calculations/single_points/raw_outputs/M06-D4/48-TS_M06-D4.out
49-P1,M06-D4,Q-Chem,-477.169225012,251.73,7253.31,reported_by_qchem,,True,calculations/single_points/raw_outputs/M06-D4/49-P1_M06-D4.out
49-R1,M06-D4,Q-Chem,-586.6170501195,336.42,10070.33,reported_by_qchem,,True,calculations/single_points/raw_outputs/M06-D4/49-R1_M06-D4.out
49-TS,M06-D4,Q-Chem,-586.6075280356,350.52,10523.71,reported_by_qchem,,True,calculations/single_points/raw_outputs/M06-D4/49-TS_M06-D4.out
5-P1,M06-D4,Q-Chem,-439.9991173017,322.06,9469.08,reported_by_qchem,,True,calculations/single_points/raw_outputs/M06-D4/5-P1_M06-D4.out
5-R1,M06-D4,Q-Chem,-170.7845656527,13.1,399.37,reported_by_qchem,,True,calculations/single_points/raw_outputs/M06-D4/5-R1_M06-D4.out
5-R2,M06-D4,Q-Chem,-269.1727028627,97.85,2999.18,reported_by_qchem,,True,calculations/single_points/raw_outputs/M06-D4/5-R2_M06-D4.out
5-TS,M06-D4,Q-Chem,-439.9709697294,335.83,9991.82,reported_by_qchem,,True,calculations/single_points/raw_outputs/M06-D4/5-TS_M06-D4.out
50-R1,M06-D4,Q-Chem,-644.9035488695,258.9,7708.49,reported_by_qchem,,True,calculations/single_points/raw_outputs/M06-D4/50-R1_M06-D4.out
50-R2,M06-D4,Q-Chem,-415.8941118206,95.28,2858.39,reported_by_qchem,,True,calculations/single_points/raw_outputs/M06-D4/50-R2_M06-D4.out
50-TS,M06-D4,Q-Chem,-1060.7999163475,1084.28,30983.79,reported_by_qchem,,True,calculations/single_points/raw_outputs/M06-D4/50-TS_M06-D4.out
6-P1,M06-D4,Q-Chem,-440.0275839011,330.57,9899.08,reported_by_qchem,,True,calculations/single_points/raw_outputs/M06-D4/6-P1_M06-D4.out
6-TS,M06-D4,Q-Chem,-439.966377563,292.84,8679.62,reported_by_qchem,,True,calculations/single_points/raw_outputs/M06-D4/6-TS_M06-D4.out
7-P1,M06-D4,Q-Chem,-615.8859034218,839.83,23537.57,reported_by_qchem,,True,calculations/single_points/raw_outputs/M06-D4/7-P1_M06-D4.out
7-R1,M06-D4,Q-Chem,-615.8659189707,708.03,20859.69,reported_by_qchem,,True,calculations/single_points/raw_outputs/M06-D4/7-R1_M06-D4.out
7-TS,M06-D4,Q-Chem,-615.8557033324,987.1,28911.17,reported_by_qchem,,True,calculations/single_points/raw_outputs/M06-D4/7-TS_M06-D4.out
8-P1,M06-D4,Q-Chem,-1115.5766564686,158.33,4591.0,reported_by_qchem,,True,calculations/single_points/raw_outputs/M06-D4/8-P1_M06-D4.out
8-R1,M06-D4,Q-Chem,-157.1640489873,43.92,1313.24,reported_by_qchem,,True,calculations/single_points/raw_outputs/M06-D4/8-R1_M06-D4.out
8-R2,M06-D4,Q-Chem,-958.3559053718,33.78,180.63,reported_by_qchem,,True,calculations/single_points/raw_outputs/M06-D4/8-R2_M06-D4.out
8-TS,M06-D4,Q-Chem,-1115.5254686328,249.67,4091.27,reported_by_qchem,,True,calculations/single_points/raw_outputs/M06-D4/8-TS_M06-D4.out
9-P1,M06-D4,Q-Chem,-614.7005388724,819.92,23263.23,reported_by_qchem,,True,calculations/single_points/raw_outputs/M06-D4/9-P1_M06-D4.out
9-R1,M06-D4,Q-Chem,-614.6890220914,794.62,23531.3,reported_by_qchem,,True,calculations/single_points/raw_outputs/M06-D4/9-R1_M06-D4.out
9-TS,M06-D4,Q-Chem,-614.672947259,795.21,23167.76,reported_by_qchem,,True,calculations/single_points/raw_outputs/M06-D4/9-TS_M06-D4.out
1-P1,OLYP-D3BJ,Q-Chem,-617.0067262996,169.36,4733.08,reported_by_qchem,,True,calculations/single_points/raw_outputs/OLYP-D3BJ/1-P1_OLYP-D3BJ.out
1-R1,OLYP-D3BJ,Q-Chem,-617.0076811942,166.79,4688.55,reported_by_qchem,,True,calculations/single_points/raw_outputs/OLYP-D3BJ/1-R1_OLYP-D3BJ.out
1-TS,OLYP-D3BJ,Q-Chem,-616.995145651,185.03,5396.98,reported_by_qchem,,True,calculations/single_points/raw_outputs/OLYP-D3BJ/1-TS_OLYP-D3BJ.out
10-P1,OLYP-D3BJ,Q-Chem,-153.224358284,3.81,89.47,reported_by_qchem,,True,calculations/single_points/raw_outputs/OLYP-D3BJ/10-P1_OLYP-D3BJ.out
10-P2,OLYP-D3BJ,Q-Chem,-39.8436760064,12.16,32.08,reported_by_qchem,,True,calculations/single_points/raw_outputs/OLYP-D3BJ/10-P2_OLYP-D3BJ.out
10-R1,OLYP-D3BJ,Q-Chem,-193.0865518718,93.32,235.05,reported_by_qchem,,True,calculations/single_points/raw_outputs/OLYP-D3BJ/10-R1_OLYP-D3BJ.out
10-TS,OLYP-D3BJ,Q-Chem,-193.0635367048,7.78,210.7,reported_by_qchem,,True,calculations/single_points/raw_outputs/OLYP-D3BJ/10-TS_OLYP-D3BJ.out
11-P1,OLYP-D3BJ,Q-Chem,-345.0264080594,23.12,679.36,reported_by_qchem,,True,calculations/single_points/raw_outputs/OLYP-D3BJ/11-P1_OLYP-D3BJ.out
11-P2,OLYP-D3BJ,Q-Chem,-203.5132530791,6.2,115.91,reported_by_qchem,,True,calculations/single_points/raw_outputs/OLYP-D3BJ/11-P2_OLYP-D3BJ.out
11-R1,OLYP-D3BJ,Q-Chem,-548.5572353757,86.47,2553.59,reported_by_qchem,,True,calculations/single_points/raw_outputs/OLYP-D3BJ/11-R1_OLYP-D3BJ.out
11-TS,OLYP-D3BJ,Q-Chem,-548.5390883888,79.96,2130.22,reported_by_qchem,,True,calculations/single_points/raw_outputs/OLYP-D3BJ/11-TS_OLYP-D3BJ.out
12-P1,OLYP-D3BJ,Q-Chem,-803.8206118616,83.67,2484.27,reported_by_qchem,,True,calculations/single_points/raw_outputs/OLYP-D3BJ/12-P1_OLYP-D3BJ.out
12-R1,OLYP-D3BJ,Q-Chem,-646.4939095924,17.85,530.37,reported_by_qchem,,True,calculations/single_points/raw_outputs/OLYP-D3BJ/12-R1_OLYP-D3BJ.out
12-R2,OLYP-D3BJ,Q-Chem,-157.2642156293,9.89,271.29,reported_by_qchem,,True,calculations/single_points/raw_outputs/OLYP-D3BJ/12-R2_OLYP-D3BJ.out
12-TS,OLYP-D3BJ,Q-Chem,-803.7678317973,72.61,2169.43,reported_by_qchem,,True,calculations/single_points/raw_outputs/OLYP-D3BJ/12-TS_OLYP-D3BJ.out
13-P1,OLYP-D3BJ,Q-Chem,-456.2574527434,167.26,5001.74,reported_by_qchem,,True,calculations/single_points/raw_outputs/OLYP-D3BJ/13-P1_OLYP-D3BJ.out
13-R1,OLYP-D3BJ,Q-Chem,-193.0865529938,27.32,839.29,reported_by_qchem,,True,calculations/single_points/raw_outputs/OLYP-D3BJ/13-R1_OLYP-D3BJ.out
13-R2,OLYP-D3BJ,Q-Chem,-263.1420960642,20.51,631.87,reported_by_qchem,,True,calculations/single_points/raw_outputs/OLYP-D3BJ/13-R2_OLYP-D3BJ.out
13-TS,OLYP-D3BJ,Q-Chem,-456.2416380193,151.53,4546.68,reported_by_qchem,,True,calculations/single_points/raw_outputs/OLYP-D3BJ/13-TS_OLYP-D3BJ.out
14-P1,OLYP-D3BJ,Q-Chem,-388.4923893187,64.14,1514.8,reported_by_qchem,,True,calculations/single_points/raw_outputs/OLYP-D3BJ/14-P1_OLYP-D3BJ.out
14-R1,OLYP-D3BJ,Q-Chem,-193.0802791296,8.3,217.88,reported_by_qchem,,True,calculations/single_points/raw_outputs/OLYP-D3BJ/14-R1_OLYP-D3BJ.out
14-R2,OLYP-D3BJ,Q-Chem,-195.3424586584,13.39,348.18,reported_by_qchem,,True,calculations/single_points/raw_outputs/OLYP-D3BJ/14-R2_OLYP-D3BJ.out
14-TS,OLYP-D3BJ,Q-Chem,-388.4555874981,51.17,1479.73,reported_by_qchem,,True,calculations/single_points/raw_outputs/OLYP-D3BJ/14-TS_OLYP-D3BJ.out
15-P1,OLYP-D3BJ,Q-Chem,-385.1015792679,125.85,3611.31,reported_by_qchem,,True,calculations/single_points/raw_outputs/OLYP-D3BJ/15-P1_OLYP-D3BJ.out
15-R1,OLYP-D3BJ,Q-Chem,-306.502836273,41.22,1222.73,reported_by_qchem,,True,calculations/single_points/raw_outputs/OLYP-D3BJ/15-R1_OLYP-D3BJ.out
15-R2,OLYP-D3BJ,Q-Chem,-78.6048229555,4.87,95.99,reported_by_qchem,,True,calculations/single_points/raw_outputs/OLYP-D3BJ/15-R2_OLYP-D3BJ.out
15-TS,OLYP-D3BJ,Q-Chem,-385.0604176252,115.02,3308.58,reported_by_qchem,,True,calculations/single_points/raw_outputs/OLYP-D3BJ/15-TS_OLYP-D3BJ.out
16-P1,OLYP-D3BJ,Q-Chem,-460.3324340789,46.88,1316.62,reported_by_qchem,,True,calculations/single_points/raw_outputs/OLYP-D3BJ/16-P1_OLYP-D3BJ.out
16-R1,OLYP-D3BJ,Q-Chem,-381.730624876,26.32,533.03,reported_by_qchem,,True,calculations/single_points/raw_outputs/OLYP-D3BJ/16-R1_OLYP-D3BJ.out
16-TS,OLYP-D3BJ,Q-Chem,-460.3026511133,202.9,1181.85,reported_by_qchem,,True,calculations/single_points/raw_outputs/OLYP-D3BJ/16-TS_OLYP-D3BJ.out
17-P1,OLYP-D3BJ,Q-Chem,-647.7817444664,225.37,6616.94,reported_by_qchem,,True,calculations/single_points/raw_outputs/OLYP-D3BJ/17-P1_OLYP-D3BJ.out
17-R2,OLYP-D3BJ,Q-Chem,-341.2767480452,25.7,649.27,reported_by_qchem,,True,calculations/single_points/raw_outputs/OLYP-D3BJ/17-R2_OLYP-D3BJ.out
17-TS,OLYP-D3BJ,Q-Chem,-647.7692926856,312.53,9143.33,reported_by_qchem,,True,calculations/single_points/raw_outputs/OLYP-D3BJ/17-TS_OLYP-D3BJ.out
18-P1,OLYP-D3BJ,Q-Chem,-555.4247067408,15.06,444.88,reported_by_qchem,,True,calculations/single_points/raw_outputs/OLYP-D3BJ/18-P1_OLYP-D3BJ.out
18-R1,OLYP-D3BJ,Q-Chem,-398.1414744048,109.15,25.67,reported_by_qchem,,True,calculations/single_points/raw_outputs/OLYP-D3BJ/18-R1_OLYP-D3BJ.out
18-TS,OLYP-D3BJ,Q-Chem,-555.4144783109,16.88,494.68,reported_by_qchem,,True,calculations/single_points/raw_outputs/OLYP-D3BJ/18-TS_OLYP-D3BJ.out
19-P1,OLYP-D3BJ,Q-Chem,-554.1864188816,13.36,397.58,reported_by_qchem,,True,calculations/single_points/raw_outputs/OLYP-D3BJ/19-P1_OLYP-D3BJ.out
19-R2,OLYP-D3BJ,Q-Chem,-156.0320952541,5.95,160.22,reported_by_qchem,,True,calculations/single_points/raw_outputs/OLYP-D3BJ/19-R2_OLYP-D3BJ.out
19-TS,OLYP-D3BJ,Q-Chem,-554.1797656362,14.04,421.78,reported_by_qchem,,True,calculations/single_points/raw_outputs/OLYP-D3BJ/19-TS_OLYP-D3BJ.out
2-P1,OLYP-D3BJ,Q-Chem,-617.0293577881,141.79,4210.71,reported_by_qchem,,True,calculations/single_points/raw_outputs/OLYP-D3BJ/2-P1_OLYP-D3BJ.out
2-TS,OLYP-D3BJ,Q-Chem,-617.0048001042,163.84,4847.3,reported_by_qchem,,True,calculations/single_points/raw_outputs/OLYP-D3BJ/2-TS_OLYP-D3BJ.out
20-P1,OLYP-D3BJ,Q-Chem,-780.4172245246,27.72,840.44,reported_by_qchem,,True,calculations/single_points/raw_outputs/OLYP-D3BJ/20-P1_OLYP-D3BJ.out
20-P2,OLYP-D3BJ,Q-Chem,-231.6283600706,12.23,358.63,reported_by_qchem,,True,calculations/single_points/raw_outputs/OLYP-D3BJ/20-P2_OLYP-D3BJ.out
20-R1,OLYP-D3BJ,Q-Chem,-1012.051608254,114.72,3457.07,reported_by_qchem,,True,calculations/single_points/raw_outputs/OLYP-D3BJ/20-R1_OLYP-D3BJ.out
20-TS,OLYP-D3BJ,Q-Chem,-1012.0444570296,144.4,3812.05,reported_by_qchem,,True,calculations/single_points/raw_outputs/OLYP-D3BJ/20-TS_OLYP-D3BJ.out
21-P1,OLYP-D3BJ,Q-Chem,-914.8041694563,98.3,2920.33,reported_by_qchem,,True,calculations/single_points/raw_outputs/OLYP-D3BJ/21-P1_OLYP-D3BJ.out
21-R1,OLYP-D3BJ,Q-Chem,-914.7962903167,91.15,2624.15,reported_by_qchem,,True,calculations/single_points/raw_outputs/OLYP-D3BJ/21-R1_OLYP-D3BJ.out
21-TS,OLYP-D3BJ,Q-Chem,-914.7863582843,92.25,2681.2,reported_by_qchem,,True,calculations/single_points/raw_outputs/OLYP-D3BJ/21-TS_OLYP-D3BJ.out
22-P1,OLYP-D3BJ,Q-Chem,-595.4116130184,121.58,3664.06,reported_by_qchem,,True,calculations/single_points/raw_outputs/OLYP-D3BJ/22-P1_OLYP-D3BJ.out
22-R1,OLYP-D3BJ,Q-Chem,-595.3947055672,121.28,3606.92,reported_by_qchem,,True,calculations/single_points/raw_outputs/OLYP-D3BJ/22-R1_OLYP-D3BJ.out
22-TS,OLYP-D3BJ,Q-Chem,-595.3853612495,128.89,3716.68,reported_by_qchem,,True,calculations/single_points/raw_outputs/OLYP-D3BJ/22-TS_OLYP-D3BJ.out
23-P1,OLYP-D3BJ,Q-Chem,-311.0607508916,36.55,1021.52,reported_by_qchem,,True,calculations/single_points/raw_outputs/OLYP-D3BJ/23-P1_OLYP-D3BJ.out
23-R1,OLYP-D3BJ,Q-Chem,-311.0589112218,39.15,930.16,reported_by_qchem,,True,calculations/single_points/raw_outputs/OLYP-D3BJ/23-R1_OLYP-D3BJ.out
23-TS,OLYP-D3BJ,Q-Chem,-311.0546575923,35.52,976.51,reported_by_qchem,,True,calculations/single_points/raw_outputs/OLYP-D3BJ/23-TS_OLYP-D3BJ.out
24-P1,OLYP-D3BJ,Q-Chem,-463.565707232,132.11,4023.55,reported_by_qchem,,True,calculations/single_points/raw_outputs/OLYP-D3BJ/24-P1_OLYP-D3BJ.out
24-R1,OLYP-D3BJ,Q-Chem,-463.5540050938,158.85,4898.98,reported_by_qchem,,True,calculations/single_points/raw_outputs/OLYP-D3BJ/24-R1_OLYP-D3BJ.out
24-TS,OLYP-D3BJ,Q-Chem,-463.5560868073,149.72,4539.89,reported_by_qchem,,True,calculations/single_points/raw_outputs/OLYP-D3BJ/24-TS_OLYP-D3BJ.out
25-P1,OLYP-D3BJ,Q-Chem,-385.5739213009,297.82,8048.79,reported_by_qchem,,True,calculations/single_points/raw_outputs/OLYP-D3BJ/25-P1_OLYP-D3BJ.out
25-P2,OLYP-D3BJ,Q-Chem,-39.8436762916,3.57,88.67,reported_by_qchem,,True,calculations/single_points/raw_outputs/OLYP-D3BJ/25-P2_OLYP-D3BJ.out
25-R1,OLYP-D3BJ,Q-Chem,-384.9020659774,305.36,9211.06,reported_by_qchem,,True,calculations/single_points/raw_outputs/OLYP-D3BJ/25-R1_OLYP-D3BJ.out
25-R2,OLYP-D3BJ,Q-Chem,-40.5226482489,3.72,103.54,reported_by_qchem,,True,calculations/single_points/raw_outputs/OLYP-D3BJ/25-R2_OLYP-D3BJ.out
25-TS,OLYP-D3BJ,Q-Chem,-425.4106964589,421.42,12467.54,reported_by_qchem,,True,calculations/single_points/raw_outputs/OLYP-D3BJ/25-TS_OLYP-D3BJ.out
26-P2,OLYP-D3BJ,Q-Chem,-115.0797078023,7.19,208.87,reported_by_qchem,,True,calculations/single_points/raw_outputs/OLYP-D3BJ/26-P2_OLYP-D3BJ.out
26-R2,OLYP-D3BJ,Q-Chem,-115.7527652298,8.73,217.88,reported_by_qchem,,True,calculations/single_points/raw_outputs/OLYP-D3BJ/26-R2_OLYP-D3BJ.out
26-TS,OLYP-D3BJ,Q-Chem,-500.6560801979,525.2,15555.94,reported_by_qchem,,True,calculations/single_points/raw_outputs/OLYP-D3BJ/26-TS_OLYP-D3BJ.out
27-P1,OLYP-D3BJ,Q-Chem,-75.7517150653,7.07,44.02,reported_by_qchem,,True,calculations/single_points/raw_outputs/OLYP-D3BJ/27-P1_OLYP-D3BJ.out
27-P2,OLYP-D3BJ,Q-Chem,-549.304371328,18.4,78.87,reported_by_qchem,,True,calculations/single_points/raw_outputs/OLYP-D3BJ/27-P2_OLYP-D3BJ.out
27-R1,OLYP-D3BJ,Q-Chem,-548.6271817046,4.87,58.94,reported_by_qchem,,True,calculations/single_points/raw_outputs/OLYP-D3BJ/27-R1_OLYP-D3BJ.out
27-R2,OLYP-D3BJ,Q-Chem,-76.4512746604,1.7,21.03,reported_by_qchem,,True,calculations/single_points/raw_outputs/OLYP-D3BJ/27-R2_OLYP-D3BJ.out
27-TS,OLYP-D3BJ,Q-Chem,-625.0732267144,18.22,131.87,reported_by_qchem,,True,calculations/single_points/raw_outputs/OLYP-D3BJ/27-TS_OLYP-D3BJ.out
28-R1,OLYP-D3BJ,Q-Chem,-40.5226481114,3.67,35.26,reported_by_qchem,,True,calculations/single_points/raw_outputs/OLYP-D3BJ/28-R1_OLYP-D3BJ.out
28-TS,OLYP-D3BJ,Q-Chem,-589.1456757796,6.77,177.25,reported_by_qchem,,True,calculations/single_points/raw_outputs/OLYP-D3BJ/28-TS_OLYP-D3BJ.out
29-P1,OLYP-D3BJ,Q-Chem,-157.832642436,16.02,306.9,reported_by_qchem,,True,calculations/single_points/raw_outputs/OLYP-D3BJ/29-P1_OLYP-D3BJ.out
29-R1,OLYP-D3BJ,Q-Chem,-158.4931787882,11.03,308.15,reported_by_qchem,,True,calculations/single_points/raw_outputs/OLYP-D3BJ/29-R1_OLYP-D3BJ.out
29-TS,OLYP-D3BJ,Q-Chem,-707.1290882937,32.82,987.19,reported_by_qchem,,True,calculations/single_points/raw_outputs/OLYP-D3BJ/29-TS_OLYP-D3BJ.out
3-P1,OLYP-D3BJ,Q-Chem,-834.3858049775,88.78,2616.26,reported_by_qchem,,True,calculations/single_points/raw_outputs/OLYP-D3BJ/3-P1_OLYP-D3BJ.out
3-R1,OLYP-D3BJ,Q-Chem,-834.3732117535,70.29,2108.48,reported_by_qchem,,True,calculations/single_points/raw_outputs/OLYP-D3BJ/3-R1_OLYP-D3BJ.out
3-TS,OLYP-D3BJ,Q-Chem,-834.3601247206,91.91,2743.81,reported_by_qchem,,True,calculations/single_points/raw_outputs/OLYP-D3BJ/3-TS_OLYP-D3BJ.out
30-P1,OLYP-D3BJ,Q-Chem,-117.287503852,5.05,110.95,reported_by_qchem,,True,calculations/single_points/raw_outputs/OLYP-D3BJ/30-P1_OLYP-D3BJ.out
30-R1,OLYP-D3BJ,Q-Chem,-117.9341701611,5.0,129.77,reported_by_qchem,,True,calculations/single_points/raw_outputs/OLYP-D3BJ/30-R1_OLYP-D3BJ.out
30-TS,OLYP-D3BJ,Q-Chem,-666.5721895464,14.43,422.34,reported_by_qchem,,True,calculations/single_points/raw_outputs/OLYP-D3BJ/30-TS_OLYP-D3BJ.out
31-P1,OLYP-D3BJ,Q-Chem,-754.344053892,94.2,2650.43,reported_by_qchem,,True,calculations/single_points/raw_outputs/OLYP-D3BJ/31-P1_OLYP-D3BJ.out
31-R1,OLYP-D3BJ,Q-Chem,-754.3361719952,102.23,2768.61,reported_by_qchem,,True,calculations/single_points/raw_outputs/OLYP-D3BJ/31-R1_OLYP-D3BJ.out
31-TS,OLYP-D3BJ,Q-Chem,-754.3220218212,96.66,2852.63,reported_by_qchem,,True,calculations/single_points/raw_outputs/OLYP-D3BJ/31-TS_OLYP-D3BJ.out
32-P1,OLYP-D3BJ,Q-Chem,-562.523089782,27.65,765.94,reported_by_qchem,,True,calculations/single_points/raw_outputs/OLYP-D3BJ/32-P1_OLYP-D3BJ.out
32-R1,OLYP-D3BJ,Q-Chem,-562.5194197728,107.4,857.77,reported_by_qchem,,True,calculations/single_points/raw_outputs/OLYP-D3BJ/32-R1_OLYP-D3BJ.out
32-TS,OLYP-D3BJ,Q-Chem,-562.5047012787,30.98,956.11,reported_by_qchem,,True,calculations/single_points/raw_outputs/OLYP-D3BJ/32-TS_OLYP-D3BJ.out
33-P1,OLYP-D3BJ,Q-Chem,-679.2615615823,62.98,1884.54,reported_by_qchem,,True,calculations/single_points/raw_outputs/OLYP-D3BJ/33-P1_OLYP-D3BJ.out
33-R1,OLYP-D3BJ,Q-Chem,-679.2613376228,136.98,2255.7,reported_by_qchem,,True,calculations/single_points/raw_outputs/OLYP-D3BJ/33-R1_OLYP-D3BJ.out
33-TS,OLYP-D3BJ,Q-Chem,-679.2431558164,72.88,2199.42,reported_by_qchem,,True,calculations/single_points/raw_outputs/OLYP-D3BJ/33-TS_OLYP-D3BJ.out
34-P1,OLYP-D3BJ,Q-Chem,-1140.1535719564,78.6,2359.28,reported_by_qchem,,True,calculations/single_points/raw_outputs/OLYP-D3BJ/34-P1_OLYP-D3BJ.out
34-R1,OLYP-D3BJ,Q-Chem,-1140.1521852035,82.81,2427.91,reported_by_qchem,,True,calculations/single_points/raw_outputs/OLYP-D3BJ/34-R1_OLYP-D3BJ.out
34-TS,OLYP-D3BJ,Q-Chem,-1140.1346151188,96.92,2874.0,reported_by_qchem,,True,calculations/single_points/raw_outputs/OLYP-D3BJ/34-TS_OLYP-D3BJ.out
35-P1,OLYP-D3BJ,Q-Chem,-3254.8467307835,102.64,3080.81,reported_by_qchem,,True,calculations/single_points/raw_outputs/OLYP-D3BJ/35-P1_OLYP-D3BJ.out
35-R1,OLYP-D3BJ,Q-Chem,-3254.8451676086,192.5,3685.46,reported_by_qchem,,True,calculations/single_points/raw_outputs/OLYP-D3BJ/35-R1_OLYP-D3BJ.out
35-TS,OLYP-D3BJ,Q-Chem,-3254.827786909,91.34,2655.54,reported_by_qchem,,True,calculations/single_points/raw_outputs/OLYP-D3BJ/35-TS_OLYP-D3BJ.out
36-P1,OLYP-D3BJ,Q-Chem,-1075.1428776851,152.06,4278.78,reported_by_qchem,,True,calculations/single_points/raw_outputs/OLYP-D3BJ/36-P1_OLYP-D3BJ.out
36-R1,OLYP-D3BJ,Q-Chem,-1075.13214935,183.84,5622.94,reported_by_qchem,,True,calculations/single_points/raw_outputs/OLYP-D3BJ/36-R1_OLYP-D3BJ.out
36-TS,OLYP-D3BJ,Q-Chem,-1075.1184570182,163.19,4091.13,reported_by_qchem,,True,calculations/single_points/raw_outputs/OLYP-D3BJ/36-TS_OLYP-D3BJ.out
37-P1,OLYP-D3BJ,Q-Chem,-752.1189650632,131.32,3817.44,reported_by_qchem,,True,calculations/single_points/raw_outputs/OLYP-D3BJ/37-P1_OLYP-D3BJ.out
37-R1,OLYP-D3BJ,Q-Chem,-752.1113524539,151.97,4091.76,reported_by_qchem,,True,calculations/single_points/raw_outputs/OLYP-D3BJ/37-R1_OLYP-D3BJ.out
37-TS,OLYP-D3BJ,Q-Chem,-752.0955248813,126.89,3805.55,reported_by_qchem,,True,calculations/single_points/raw_outputs/OLYP-D3BJ/37-TS_OLYP-D3BJ.out
38-P1,OLYP-D3BJ,Q-Chem,-348.4306918091,35.27,1025.73,reported_by_qchem,,True,calculations/single_points/raw_outputs/OLYP-D3BJ/38-P1_OLYP-D3BJ.out
38-P2,OLYP-D3BJ,Q-Chem,-460.184903931,9.28,32.39,reported_by_qchem,,True,calculations/single_points/raw_outputs/OLYP-D3BJ/38-P2_OLYP-D3BJ.out
38-R1,OLYP-D3BJ,Q-Chem,-808.6381171054,46.7,1320.49,reported_by_qchem,,True,calculations/single_points/raw_outputs/OLYP-D3BJ/38-R1_OLYP-D3BJ.out
38-TS,OLYP-D3BJ,Q-Chem,-808.6314825914,121.0,1368.86,reported_by_qchem,,True,calculations/single_points/raw_outputs/OLYP-D3BJ/38-TS_OLYP-D3BJ.out
39-P2,OLYP-D3BJ,Q-Chem,-2574.8975678757,1.99,33.72,reported_by_qchem,,True,calculations/single_points/raw_outputs/OLYP-D3BJ/39-P2_OLYP-D3BJ.out
39-R1,OLYP-D3BJ,Q-Chem,-2923.3346092556,63.95,1548.28,reported_by_qchem,,True,calculations/single_points/raw_outputs/OLYP-D3BJ/39-R1_OLYP-D3BJ.out
39-TS,OLYP-D3BJ,Q-Chem,-2923.3320929116,56.88,1693.79,reported_by_qchem,,True,calculations/single_points/raw_outputs/OLYP-D3BJ/39-TS_OLYP-D3BJ.out
4-P1,OLYP-D3BJ,Q-Chem,-834.3933419378,91.39,2667.58,reported_by_qchem,,True,calculations/single_points/raw_outputs/OLYP-D3BJ/4-P1_OLYP-D3BJ.out
4-TS,OLYP-D3BJ,Q-Chem,-834.3558868202,125.74,2690.71,reported_by_qchem,,True,calculations/single_points/raw_outputs/OLYP-D3BJ/4-TS_OLYP-D3BJ.out
40-P1,OLYP-D3BJ,Q-Chem,-462.9808069961,55.48,1616.49,reported_by_qchem,,True,calculations/single_points/raw_outputs/OLYP-D3BJ/40-P1_OLYP-D3BJ.out
40-R1,OLYP-D3BJ,Q-Chem,-923.1935048905,68.28,2067.78,reported_by_qchem,,True,calculations/single_points/raw_outputs/OLYP-D3BJ/40-R1_OLYP-D3BJ.out
40-TS,OLYP-D3BJ,Q-Chem,-923.1871124441,87.32,2524.83,reported_by_qchem,,True,calculations/single_points/raw_outputs/OLYP-D3BJ/40-TS_OLYP-D3BJ.out
41-P1,OLYP-D3BJ,Q-Chem,-822.9258360357,68.81,2086.23,reported_by_qchem,,True,calculations/single_points/raw_outputs/OLYP-D3BJ/41-P1_OLYP-D3BJ.out
41-R1,OLYP-D3BJ,Q-Chem,-1283.1393037776,73.43,2229.78,reported_by_qchem,,True,calculations/single_points/raw_outputs/OLYP-D3BJ/41-R1_OLYP-D3BJ.out
41-TS,OLYP-D3BJ,Q-Chem,-1283.1402051735,98.86,2965.02,reported_by_qchem,,True,calculations/single_points/raw_outputs/OLYP-D3BJ/41-TS_OLYP-D3BJ.out
42-P1,OLYP-D3BJ,Q-Chem,-509.5103521286,46.02,1337.24,reported_by_qchem,,True,calculations/single_points/raw_outputs/OLYP-D3BJ/42-P1_OLYP-D3BJ.out
42-R1,OLYP-D3BJ,Q-Chem,-430.8739450593,19.98,572.12,reported_by_qchem,,True,calculations/single_points/raw_outputs/OLYP-D3BJ/42-R1_OLYP-D3BJ.out
42-R2,OLYP-D3BJ,Q-Chem,-78.6048226288,2.09,46.84,reported_by_qchem,,True,calculations/single_points/raw_outputs/OLYP-D3BJ/42-R2_OLYP-D3BJ.out
42-TS,OLYP-D3BJ,Q-Chem,-509.474674926,44.27,1331.94,reported_by_qchem,,True,calculations/single_points/raw_outputs/OLYP-D3BJ/42-TS_OLYP-D3BJ.out
43-P1,OLYP-D3BJ,Q-Chem,-304.8231858495,53.06,802.22,reported_by_qchem,,True,calculations/single_points/raw_outputs/OLYP-D3BJ/43-P1_OLYP-D3BJ.out
43-R1,OLYP-D3BJ,Q-Chem,-304.7980478121,38.52,855.87,reported_by_qchem,,True,calculations/single_points/raw_outputs/OLYP-D3BJ/43-R1_OLYP-D3BJ.out
43-TS,OLYP-D3BJ,Q-Chem,-304.7860518445,38.64,918.0,reported_by_qchem,,True,calculations/single_points/raw_outputs/OLYP-D3BJ/43-TS_OLYP-D3BJ.out
44-P1,OLYP-D3BJ,Q-Chem,-109.5574067224,10.38,41.65,reported_by_qchem,,True,calculations/single_points/raw_outputs/OLYP-D3BJ/44-P1_OLYP-D3BJ.out
44-P2,OLYP-D3BJ,Q-Chem,-195.2800198199,13.45,391.97,reported_by_qchem,,True,calculations/single_points/raw_outputs/OLYP-D3BJ/44-P2_OLYP-D3BJ.out
44-TS,OLYP-D3BJ,Q-Chem,-304.8215230549,28.94,778.67,reported_by_qchem,,True,calculations/single_points/raw_outputs/OLYP-D3BJ/44-TS_OLYP-D3BJ.out
45-P1,OLYP-D3BJ,Q-Chem,-422.7917251448,83.21,2324.52,reported_by_qchem,,True,calculations/single_points/raw_outputs/OLYP-D3BJ/45-P1_OLYP-D3BJ.out
45-R1,OLYP-D3BJ,Q-Chem,-422.7765608649,74.76,2197.55,reported_by_qchem,,True,calculations/single_points/raw_outputs/OLYP-D3BJ/45-R1_OLYP-D3BJ.out
45-TS,OLYP-D3BJ,Q-Chem,-422.7620990842,87.48,2497.75,reported_by_qchem,,True,calculations/single_points/raw_outputs/OLYP-D3BJ/45-TS_OLYP-D3BJ.out
46-P1,OLYP-D3BJ,Q-Chem,-313.2711631546,56.69,1433.59,reported_by_qchem,,True,calculations/single_points/raw_outputs/OLYP-D3BJ/46-P1_OLYP-D3BJ.out
46-TS,OLYP-D3BJ,Q-Chem,-422.7923145727,79.76,2326.08,reported_by_qchem,,True,calculations/single_points/raw_outputs/OLYP-D3BJ/46-TS_OLYP-D3BJ.out
47-P1,OLYP-D3BJ,Q-Chem,-309.643439842,28.51,845.6,reported_by_qchem,,True,calculations/single_points/raw_outputs/OLYP-D3BJ/47-P1_OLYP-D3BJ.out
47-R1,OLYP-D3BJ,Q-Chem,-419.2137547875,49.35,1479.17,reported_by_qchem,,True,calculations/single_points/raw_outputs/OLYP-D3BJ/47-R1_OLYP-D3BJ.out
47-TS,OLYP-D3BJ,Q-Chem,-419.1920351008,50.9,1562.06,reported_by_qchem,,True,calculations/single_points/raw_outputs/OLYP-D3BJ/47-TS_OLYP-D3BJ.out
48-P1,OLYP-D3BJ,Q-Chem,-951.7487914391,140.9,4185.8,reported_by_qchem,,True,calculations/single_points/raw_outputs/OLYP-D3BJ/48-P1_OLYP-D3BJ.out
48-R1,OLYP-D3BJ,Q-Chem,-1061.2718941932,208.89,6129.12,reported_by_qchem,,True,calculations/single_points/raw_outputs/OLYP-D3BJ/48-R1_OLYP-D3BJ.out
48-TS,OLYP-D3BJ,Q-Chem,-1061.270897286,191.92,5620.75,reported_by_qchem,,True,calculations/single_points/raw_outputs/OLYP-D3BJ/48-TS_OLYP-D3BJ.out
49-P1,OLYP-D3BJ,Q-Chem,-477.3972623737,37.52,1125.51,reported_by_qchem,,True,calculations/single_points/raw_outputs/OLYP-D3BJ/49-P1_OLYP-D3BJ.out
49-R1,OLYP-D3BJ,Q-Chem,-586.9007607396,65.9,1902.03,reported_by_qchem,,True,calculations/single_points/raw_outputs/OLYP-D3BJ/49-R1_OLYP-D3BJ.out
49-TS,OLYP-D3BJ,Q-Chem,-586.8969303289,72.85,2131.83,reported_by_qchem,,True,calculations/single_points/raw_outputs/OLYP-D3BJ/49-TS_OLYP-D3BJ.out
5-P1,OLYP-D3BJ,Q-Chem,-440.2317861924,338.76,9897.98,reported_by_qchem,,True,calculations/single_points/raw_outputs/OLYP-D3BJ/5-P1_OLYP-D3BJ.out
5-R1,OLYP-D3BJ,Q-Chem,-170.8765139312,12.95,384.93,reported_by_qchem,,True,calculations/single_points/raw_outputs/OLYP-D3BJ/5-R1_OLYP-D3BJ.out
5-R2,OLYP-D3BJ,Q-Chem,-269.3207235248,94.55,2879.23,reported_by_qchem,,True,calculations/single_points/raw_outputs/OLYP-D3BJ/5-R2_OLYP-D3BJ.out
5-TS,OLYP-D3BJ,Q-Chem,-440.212396511,339.41,10151.14,reported_by_qchem,,True,calculations/single_points/raw_outputs/OLYP-D3BJ/5-TS_OLYP-D3BJ.out
50-R1,OLYP-D3BJ,Q-Chem,-645.1729197726,52.34,1565.7,reported_by_qchem,,True,calculations/single_points/raw_outputs/OLYP-D3BJ/50-R1_OLYP-D3BJ.out
50-R2,OLYP-D3BJ,Q-Chem,-416.07285459,20.43,624.31,reported_by_qchem,,True,calculations/single_points/raw_outputs/OLYP-D3BJ/50-R2_OLYP-D3BJ.out
50-TS,OLYP-D3BJ,Q-Chem,-1061.2486479283,298.17,6857.95,reported_by_qchem,,True,calculations/single_points/raw_outputs/OLYP-D3BJ/50-TS_OLYP-D3BJ.out
6-P1,OLYP-D3BJ,Q-Chem,-440.265574842,327.0,9766.19,reported_by_qchem,,True,calculations/single_points/raw_outputs/OLYP-D3BJ/6-P1_OLYP-D3BJ.out
6-TS,OLYP-D3BJ,Q-Chem,-440.2037752656,284.56,8548.61,reported_by_qchem,,True,calculations/single_points/raw_outputs/OLYP-D3BJ/6-TS_OLYP-D3BJ.out
7-P1,OLYP-D3BJ,Q-Chem,-616.2172196199,129.96,3151.46,reported_by_qchem,,True,calculations/single_points/raw_outputs/OLYP-D3BJ/7-P1_OLYP-D3BJ.out
7-R1,OLYP-D3BJ,Q-Chem,-616.2010342765,421.58,12695.02,reported_by_qchem,,True,calculations/single_points/raw_outputs/OLYP-D3BJ/7-R1_OLYP-D3BJ.out
7-TS,OLYP-D3BJ,Q-Chem,-616.2006653125,138.82,4027.65,reported_by_qchem,,True,calculations/single_points/raw_outputs/OLYP-D3BJ/7-TS_OLYP-D3BJ.out
8-P1,OLYP-D3BJ,Q-Chem,-1115.8071772032,25.18,659.35,reported_by_qchem,,True,calculations/single_points/raw_outputs/OLYP-D3BJ/8-P1_OLYP-D3BJ.out
8-R1,OLYP-D3BJ,Q-Chem,-157.2609142548,8.2,221.91,reported_by_qchem,,True,calculations/single_points/raw_outputs/OLYP-D3BJ/8-R1_OLYP-D3BJ.out
8-R2,OLYP-D3BJ,Q-Chem,-958.4891803997,3.78,57.15,reported_by_qchem,,True,calculations/single_points/raw_outputs/OLYP-D3BJ/8-R2_OLYP-D3BJ.out
8-TS,OLYP-D3BJ,Q-Chem,-1115.7605269654,33.57,807.66,reported_by_qchem,,True,calculations/single_points/raw_outputs/OLYP-D3BJ/8-TS_OLYP-D3BJ.out
9-P1,OLYP-D3BJ,Q-Chem,-615.0381388186,121.3,3588.01,reported_by_qchem,,True,calculations/single_points/raw_outputs/OLYP-D3BJ/9-P1_OLYP-D3BJ.out
9-R1,OLYP-D3BJ,Q-Chem,-615.0272401856,123.8,3507.87,reported_by_qchem,,True,calculations/single_points/raw_outputs/OLYP-D3BJ/9-R1_OLYP-D3BJ.out
9-TS,OLYP-D3BJ,Q-Chem,-615.0189396477,143.26,3893.99,reported_by_qchem,,True,calculations/single_points/raw_outputs/OLYP-D3BJ/9-TS_OLYP-D3BJ.out
1-P1,wB97M-V,Q-Chem,-616.8065334205,737.47,21907.57,reported_by_qchem,,True,calculations/single_points/raw_outputs/wB97M-V/1-P1_wB97M-V.out
1-R1,wB97M-V,Q-Chem,-616.8075670368,669.1,19746.38,reported_by_qchem,,True,calculations/single_points/raw_outputs/wB97M-V/1-R1_wB97M-V.out
1-TS,wB97M-V,Q-Chem,-616.7922242302,746.51,22052.76,reported_by_qchem,,True,calculations/single_points/raw_outputs/wB97M-V/1-TS_wB97M-V.out
10-P1,wB97M-V,Q-Chem,-153.1879247943,9.84,268.15,reported_by_qchem,,True,calculations/single_points/raw_outputs/wB97M-V/10-P1_wB97M-V.out
10-P2,wB97M-V,Q-Chem,-39.8211515953,4.94,74.13,reported_by_qchem,,True,calculations/single_points/raw_outputs/wB97M-V/10-P2_wB97M-V.out
10-R1,wB97M-V,Q-Chem,-193.0235947679,36.37,1012.81,reported_by_qchem,,True,calculations/single_points/raw_outputs/wB97M-V/10-R1_wB97M-V.out
10-TS,wB97M-V,Q-Chem,-192.9956431806,29.31,868.56,reported_by_qchem,,True,calculations/single_points/raw_outputs/wB97M-V/10-TS_wB97M-V.out
11-P1,wB97M-V,Q-Chem,-344.9364047867,92.64,2806.32,reported_by_qchem,,True,calculations/single_points/raw_outputs/wB97M-V/11-P1_wB97M-V.out
11-P2,wB97M-V,Q-Chem,-203.4568204998,21.59,397.82,reported_by_qchem,,True,calculations/single_points/raw_outputs/wB97M-V/11-P2_wB97M-V.out
11-R1,wB97M-V,Q-Chem,-548.3993980044,469.61,14181.09,reported_by_qchem,,True,calculations/single_points/raw_outputs/wB97M-V/11-R1_wB97M-V.out
11-TS,wB97M-V,Q-Chem,-548.3815888238,307.7,9124.12,reported_by_qchem,,True,calculations/single_points/raw_outputs/wB97M-V/11-TS_wB97M-V.out
12-P1,wB97M-V,Q-Chem,-803.6103940248,358.34,10698.28,reported_by_qchem,,True,calculations/single_points/raw_outputs/wB97M-V/12-P1_wB97M-V.out
12-R1,wB97M-V,Q-Chem,-646.3557036656,81.95,2453.48,reported_by_qchem,,True,calculations/single_points/raw_outputs/wB97M-V/12-R1_wB97M-V.out
12-R2,wB97M-V,Q-Chem,-157.1950472063,28.02,838.31,reported_by_qchem,,True,calculations/single_points/raw_outputs/wB97M-V/12-R2_wB97M-V.out
12-TS,wB97M-V,Q-Chem,-803.5522711393,317.47,9409.98,reported_by_qchem,,True,calculations/single_points/raw_outputs/wB97M-V/12-TS_wB97M-V.out
13-P1,wB97M-V,Q-Chem,-456.1545500939,168.86,5083.18,reported_by_qchem,,True,calculations/single_points/raw_outputs/wB97M-V/13-P1_wB97M-V.out
13-R1,wB97M-V,Q-Chem,-193.0235930136,28.25,855.77,reported_by_qchem,,True,calculations/single_points/raw_outputs/wB97M-V/13-R1_wB97M-V.out
13-R2,wB97M-V,Q-Chem,-263.0952873287,20.49,633.44,reported_by_qchem,,True,calculations/single_points/raw_outputs/wB97M-V/13-R2_wB97M-V.out
13-TS,wB97M-V,Q-Chem,-456.1050564017,159.21,4780.61,reported_by_qchem,,True,calculations/single_points/raw_outputs/wB97M-V/13-TS_wB97M-V.out
14-P1,wB97M-V,Q-Chem,-388.3559539577,223.47,6334.4,reported_by_qchem,,True,calculations/single_points/raw_outputs/wB97M-V/14-P1_wB97M-V.out
14-R1,wB97M-V,Q-Chem,-193.0168284032,42.2,1094.07,reported_by_qchem,,True,calculations/single_points/raw_outputs/wB97M-V/14-R1_wB97M-V.out
14-R2,wB97M-V,Q-Chem,-195.2648377202,37.86,1123.34,reported_by_qchem,,True,calculations/single_points/raw_outputs/wB97M-V/14-R2_wB97M-V.out
14-TS,wB97M-V,Q-Chem,-388.3061529758,207.53,6080.7,reported_by_qchem,,True,calculations/single_points/raw_outputs/wB97M-V/14-TS_wB97M-V.out
15-P1,wB97M-V,Q-Chem,-384.9968988971,127.62,3669.57,reported_by_qchem,,True,calculations/single_points/raw_outputs/wB97M-V/15-P1_wB97M-V.out
15-R1,wB97M-V,Q-Chem,-306.4037661869,41.24,1226.35,reported_by_qchem,,True,calculations/single_points/raw_outputs/wB97M-V/15-R1_wB97M-V.out
15-R2,wB97M-V,Q-Chem,-78.5715776268,3.03,77.32,reported_by_qchem,,True,calculations/single_points/raw_outputs/wB97M-V/15-R2_wB97M-V.out
15-TS,wB97M-V,Q-Chem,-384.9436647899,114.03,3264.52,reported_by_qchem,,True,calculations/single_points/raw_outputs/wB97M-V/15-TS_wB97M-V.out
16-P1,wB97M-V,Q-Chem,-460.2269193379,182.03,5502.45,reported_by_qchem,,True,calculations/single_points/raw_outputs/wB97M-V/16-P1_wB97M-V.out
16-R1,wB97M-V,Q-Chem,-381.6411032743,107.08,3226.32,reported_by_qchem,,True,calculations/single_points/raw_outputs/wB97M-V/16-R1_wB97M-V.out
16-TS,wB97M-V,Q-Chem,-460.1829092859,183.52,5271.26,reported_by_qchem,,True,calculations/single_points/raw_outputs/wB97M-V/16-TS_wB97M-V.out
17-P1,wB97M-V,Q-Chem,-647.6691200535,241.86,7022.18,reported_by_qchem,,True,calculations/single_points/raw_outputs/wB97M-V/17-P1_wB97M-V.out
17-R2,wB97M-V,Q-Chem,-341.2332615425,22.14,653.41,reported_by_qchem,,True,calculations/single_points/raw_outputs/wB97M-V/17-R2_wB97M-V.out
17-TS,wB97M-V,Q-Chem,-647.6296523372,308.41,9010.55,reported_by_qchem,,True,calculations/single_points/raw_outputs/wB97M-V/17-TS_wB97M-V.out
18-P1,wB97M-V,Q-Chem,-555.2965146832,65.25,1940.4,reported_by_qchem,,True,calculations/single_points/raw_outputs/wB97M-V/18-P1_wB97M-V.out
18-R1,wB97M-V,Q-Chem,-398.0895827695,7.34,41.37,reported_by_qchem,,True,calculations/single_points/raw_outputs/wB97M-V/18-R1_wB97M-V.out
18-TS,wB97M-V,Q-Chem,-555.282781441,63.62,1882.25,reported_by_qchem,,True,calculations/single_points/raw_outputs/wB97M-V/18-TS_wB97M-V.out
19-P1,wB97M-V,Q-Chem,-554.0665933657,52.77,1567.79,reported_by_qchem,,True,calculations/single_points/raw_outputs/wB97M-V/19-P1_wB97M-V.out
19-R2,wB97M-V,Q-Chem,-155.9712366225,20.12,597.18,reported_by_qchem,,True,calculations/single_points/raw_outputs/wB97M-V/19-R2_wB97M-V.out
19-TS,wB97M-V,Q-Chem,-554.0570441215,51.01,1549.37,reported_by_qchem,,True,calculations/single_points/raw_outputs/wB97M-V/19-TS_wB97M-V.out
2-P1,wB97M-V,Q-Chem,-616.8296212954,649.98,19174.86,reported_by_qchem,,True,calculations/single_points/raw_outputs/wB97M-V/2-P1_wB97M-V.out
2-TS,wB97M-V,Q-Chem,-616.8012349475,688.1,19371.57,reported_by_qchem,,True,calculations/single_points/raw_outputs/wB97M-V/2-TS_wB97M-V.out
20-P1,wB97M-V,Q-Chem,-780.2617716411,129.43,3817.57,reported_by_qchem,,True,calculations/single_points/raw_outputs/wB97M-V/20-P1_wB97M-V.out
20-P2,wB97M-V,Q-Chem,-231.5514152227,57.98,1757.4,reported_by_qchem,,True,calculations/single_points/raw_outputs/wB97M-V/20-P2_wB97M-V.out
20-R1,wB97M-V,Q-Chem,-1011.8151134798,568.11,16873.98,reported_by_qchem,,True,calculations/single_points/raw_outputs/wB97M-V/20-R1_wB97M-V.out
20-TS,wB97M-V,Q-Chem,-1011.7988360663,507.84,14955.89,reported_by_qchem,,True,calculations/single_points/raw_outputs/wB97M-V/20-TS_wB97M-V.out
21-P1,wB97M-V,Q-Chem,-914.5980336609,335.21,9941.07,reported_by_qchem,,True,calculations/single_points/raw_outputs/wB97M-V/21-P1_wB97M-V.out
21-R1,wB97M-V,Q-Chem,-914.5834816096,345.62,10177.51,reported_by_qchem,,True,calculations/single_points/raw_outputs/wB97M-V/21-R1_wB97M-V.out
21-TS,wB97M-V,Q-Chem,-914.5713828527,358.32,10786.17,reported_by_qchem,,True,calculations/single_points/raw_outputs/wB97M-V/21-TS_wB97M-V.out
22-P1,wB97M-V,Q-Chem,-595.2374580214,549.32,15963.56,reported_by_qchem,,True,calculations/single_points/raw_outputs/wB97M-V/22-P1_wB97M-V.out
22-R1,wB97M-V,Q-Chem,-595.2166814716,595.8,17652.23,reported_by_qchem,,True,calculations/single_points/raw_outputs/wB97M-V/22-R1_wB97M-V.out
22-TS,wB97M-V,Q-Chem,-595.2006581253,551.08,16164.16,reported_by_qchem,,True,calculations/single_points/raw_outputs/wB97M-V/22-TS_wB97M-V.out
23-P1,wB97M-V,Q-Chem,-310.9492292587,140.24,3738.68,reported_by_qchem,,True,calculations/single_points/raw_outputs/wB97M-V/23-P1_wB97M-V.out
23-R1,wB97M-V,Q-Chem,-310.9430961734,140.54,4030.67,reported_by_qchem,,True,calculations/single_points/raw_outputs/wB97M-V/23-R1_wB97M-V.out
23-TS,wB97M-V,Q-Chem,-310.9287511852,223.26,4698.27,reported_by_qchem,,True,calculations/single_points/raw_outputs/wB97M-V/23-TS_wB97M-V.out
24-P1,wB97M-V,Q-Chem,-463.4127904592,135.84,4116.3,reported_by_qchem,,True,calculations/single_points/raw_outputs/wB97M-V/24-P1_wB97M-V.out
24-R1,wB97M-V,Q-Chem,-463.3987104649,224.49,4952.87,reported_by_qchem,,True,calculations/single_points/raw_outputs/wB97M-V/24-R1_wB97M-V.out
24-TS,wB97M-V,Q-Chem,-463.3903057999,160.47,4917.39,reported_by_qchem,,True,calculations/single_points/raw_outputs/wB97M-V/24-TS_wB97M-V.out
25-P1,wB97M-V,Q-Chem,-385.4567319249,260.38,7811.62,reported_by_qchem,,True,calculations/single_points/raw_outputs/wB97M-V/25-P1_wB97M-V.out
25-P2,wB97M-V,Q-Chem,-39.8211516218,3.65,95.84,reported_by_qchem,,True,calculations/single_points/raw_outputs/wB97M-V/25-P2_wB97M-V.out
25-R1,wB97M-V,Q-Chem,-384.783893116,308.02,9254.58,reported_by_qchem,,True,calculations/single_points/raw_outputs/wB97M-V/25-R1_wB97M-V.out
25-R2,wB97M-V,Q-Chem,-40.4950716298,3.94,99.98,reported_by_qchem,,True,calculations/single_points/raw_outputs/wB97M-V/25-R2_wB97M-V.out
25-TS,wB97M-V,Q-Chem,-425.2570674259,404.55,12008.46,reported_by_qchem,,True,calculations/single_points/raw_outputs/wB97M-V/25-TS_wB97M-V.out
26-P2,wB97M-V,Q-Chem,-115.0520286984,6.52,190.69,reported_by_qchem,,True,calculations/single_points/raw_outputs/wB97M-V/26-P2_wB97M-V.out
26-R2,wB97M-V,Q-Chem,-115.7227921289,7.13,210.93,reported_by_qchem,,True,calculations/single_points/raw_outputs/wB97M-V/26-R2_wB97M-V.out
26-TS,wB97M-V,Q-Chem,-500.4913195383,521.53,15103.87,reported_by_qchem,,True,calculations/single_points/raw_outputs/wB97M-V/26-TS_wB97M-V.out
27-P1,wB97M-V,Q-Chem,-75.7446547421,4.47,57.47,reported_by_qchem,,True,calculations/single_points/raw_outputs/wB97M-V/27-P1_wB97M-V.out
27-P2,wB97M-V,Q-Chem,-549.2308457267,12.73,184.5,reported_by_qchem,,True,calculations/single_points/raw_outputs/wB97M-V/27-P2_wB97M-V.out
27-R1,wB97M-V,Q-Chem,-548.541832133,5.86,141.09,reported_by_qchem,,True,calculations/single_points/raw_outputs/wB97M-V/27-R1_wB97M-V.out
27-R2,wB97M-V,Q-Chem,-76.4372746873,1.98,34.78,reported_by_qchem,,True,calculations/single_points/raw_outputs/wB97M-V/27-R2_wB97M-V.out
27-TS,wB97M-V,Q-Chem,-624.9710176621,21.39,643.56,reported_by_qchem,,True,calculations/single_points/raw_outputs/wB97M-V/27-TS_wB97M-V.out
28-R1,wB97M-V,Q-Chem,-40.4950709823,34.37,89.37,reported_by_qchem,,True,calculations/single_points/raw_outputs/wB97M-V/28-R1_wB97M-V.out
28-TS,wB97M-V,Q-Chem,-589.0318083874,24.68,729.3,reported_by_qchem,,True,calculations/single_points/raw_outputs/wB97M-V/28-TS_wB97M-V.out
29-P1,wB97M-V,Q-Chem,-157.7550110199,44.8,1306.58,reported_by_qchem,,True,calculations/single_points/raw_outputs/wB97M-V/29-P1_wB97M-V.out
29-R1,wB97M-V,Q-Chem,-158.4140646292,47.21,1383.76,reported_by_qchem,,True,calculations/single_points/raw_outputs/wB97M-V/29-R1_wB97M-V.out
29-TS,wB97M-V,Q-Chem,-706.9576051637,127.2,3718.51,reported_by_qchem,,True,calculations/single_points/raw_outputs/wB97M-V/29-TS_wB97M-V.out
3-P1,wB97M-V,Q-Chem,-834.2709235351,355.67,10713.64,reported_by_qchem,,True,calculations/single_points/raw_outputs/wB97M-V/3-P1_wB97M-V.out
3-R1,wB97M-V,Q-Chem,-834.2523664206,265.73,8026.83,reported_by_qchem,,True,calculations/single_points/raw_outputs/wB97M-V/3-R1_wB97M-V.out
3-TS,wB97M-V,Q-Chem,-834.2313412235,384.1,11550.53,reported_by_qchem,,True,calculations/single_points/raw_outputs/wB97M-V/3-TS_wB97M-V.out
30-P1,wB97M-V,Q-Chem,-117.2380684661,15.71,474.54,reported_by_qchem,,True,calculations/single_points/raw_outputs/wB97M-V/30-P1_wB97M-V.out
30-R1,wB97M-V,Q-Chem,-117.8827743762,32.4,398.06,reported_by_qchem,,True,calculations/single_points/raw_outputs/wB97M-V/30-R1_wB97M-V.out
30-TS,wB97M-V,Q-Chem,-666.424416756,62.28,1920.25,reported_by_qchem,,True,calculations/single_points/raw_outputs/wB97M-V/30-TS_wB97M-V.out
31-P1,wB97M-V,Q-Chem,-754.1544803891,394.03,11382.43,reported_by_qchem,,True,calculations/single_points/raw_outputs/wB97M-V/31-P1_wB97M-V.out
31-R1,wB97M-V,Q-Chem,-754.13279,463.91,13706.61,reported_by_qchem,,True,calculations/single_points/raw_outputs/wB97M-V/31-R1_wB97M-V.out
31-TS,wB97M-V,Q-Chem,-754.121522537,397.12,11649.59,reported_by_qchem,,True,calculations/single_points/raw_outputs/wB97M-V/31-TS_wB97M-V.out
32-P1,wB97M-V,Q-Chem,-562.3891029096,115.81,3465.63,reported_by_qchem,,True,calculations/single_points/raw_outputs/wB97M-V/32-P1_wB97M-V.out
32-R1,wB97M-V,Q-Chem,-562.3733994206,183.97,5459.25,reported_by_qchem,,True,calculations/single_points/raw_outputs/wB97M-V/32-R1_wB97M-V.out
32-TS,wB97M-V,Q-Chem,-562.360477238,135.27,3931.99,reported_by_qchem,,True,calculations/single_points/raw_outputs/wB97M-V/32-TS_wB97M-V.out
33-P1,wB97M-V,Q-Chem,-679.0863323135,264.55,7839.84,reported_by_qchem,,True,calculations/single_points/raw_outputs/wB97M-V/33-P1_wB97M-V.out
33-R1,wB97M-V,Q-Chem,-679.0728232465,386.43,10804.03,reported_by_qchem,,True,calculations/single_points/raw_outputs/wB97M-V/33-R1_wB97M-V.out
33-TS,wB97M-V,Q-Chem,-679.0581760038,273.84,8093.01,reported_by_qchem,,True,calculations/single_points/raw_outputs/wB97M-V/33-TS_wB97M-V.out
34-P1,wB97M-V,Q-Chem,-1139.9079279144,344.88,10044.79,reported_by_qchem,,True,calculations/single_points/raw_outputs/wB97M-V/34-P1_wB97M-V.out
34-R1,wB97M-V,Q-Chem,-1139.8934116559,465.32,13638.1,reported_by_qchem,,True,calculations/single_points/raw_outputs/wB97M-V/34-R1_wB97M-V.out
34-TS,wB97M-V,Q-Chem,-1139.8794902992,357.03,10471.23,reported_by_qchem,,True,calculations/single_points/raw_outputs/wB97M-V/34-TS_wB97M-V.out
35-P1,wB97M-V,Q-Chem,-3253.7833479923,384.96,11412.33,reported_by_qchem,,True,calculations/single_points/raw_outputs/wB97M-V/35-P1_wB97M-V.out
35-R1,wB97M-V,Q-Chem,-3253.7686557481,484.89,13691.22,reported_by_qchem,,True,calculations/single_points/raw_outputs/wB97M-V/35-R1_wB97M-V.out
35-TS,wB97M-V,Q-Chem,-3253.7547475246,335.45,9944.4,reported_by_qchem,,True,calculations/single_points/raw_outputs/wB97M-V/35-TS_wB97M-V.out
36-P1,wB97M-V,Q-Chem,-1074.9198950753,128.86,3938.23,reported_by_qchem,,True,calculations/single_points/raw_outputs/wB97M-V/36-P1_wB97M-V.out
36-R1,wB97M-V,Q-Chem,-1074.896069306,179.38,5510.84,reported_by_qchem,,True,calculations/single_points/raw_outputs/wB97M-V/36-R1_wB97M-V.out
36-TS,wB97M-V,Q-Chem,-1074.8844396898,122.71,3785.75,reported_by_qchem,,True,calculations/single_points/raw_outputs/wB97M-V/36-TS_wB97M-V.out
37-P1,wB97M-V,Q-Chem,-751.9559307544,109.86,3358.37,reported_by_qchem,,True,calculations/single_points/raw_outputs/wB97M-V/37-P1_wB97M-V.out
37-R1,wB97M-V,Q-Chem,-751.9365456001,138.19,4155.59,reported_by_qchem,,True,calculations/single_points/raw_outputs/wB97M-V/37-R1_wB97M-V.out
37-TS,wB97M-V,Q-Chem,-751.9216164142,110.16,3424.92,reported_by_qchem,,True,calculations/single_points/raw_outputs/wB97M-V/37-TS_wB97M-V.out
38-P1,wB97M-V,Q-Chem,-348.3068895117,180.55,5469.2,reported_by_qchem,,True,calculations/single_points/raw_outputs/wB97M-V/38-P1_wB97M-V.out
38-P2,wB97M-V,Q-Chem,-460.1222049103,56.67,39.55,reported_by_qchem,,True,calculations/single_points/raw_outputs/wB97M-V/38-P2_wB97M-V.out
38-R1,wB97M-V,Q-Chem,-808.4487961243,216.02,6232.27,reported_by_qchem,,True,calculations/single_points/raw_outputs/wB97M-V/38-R1_wB97M-V.out
38-TS,wB97M-V,Q-Chem,-808.4342459533,200.16,5904.64,reported_by_qchem,,True,calculations/single_points/raw_outputs/wB97M-V/38-TS_wB97M-V.out
39-P2,wB97M-V,Q-Chem,-2574.0187481405,185.89,60.52,reported_by_qchem,,True,calculations/single_points/raw_outputs/wB97M-V/39-P2_wB97M-V.out
39-R1,wB97M-V,Q-Chem,-2922.3268150019,223.45,6425.94,reported_by_qchem,,True,calculations/single_points/raw_outputs/wB97M-V/39-R1_wB97M-V.out
39-TS,wB97M-V,Q-Chem,-2922.3221838518,258.47,7057.93,reported_by_qchem,,True,calculations/single_points/raw_outputs/wB97M-V/39-TS_wB97M-V.out
4-P1,wB97M-V,Q-Chem,-834.2786112523,403.67,11505.48,reported_by_qchem,,True,calculations/single_points/raw_outputs/wB97M-V/4-P1_wB97M-V.out
4-TS,wB97M-V,Q-Chem,-834.2266072222,360.43,10753.07,reported_by_qchem,,True,calculations/single_points/raw_outputs/wB97M-V/4-TS_wB97M-V.out
40-P1,wB97M-V,Q-Chem,-462.837267073,270.32,8059.74,reported_by_qchem,,True,calculations/single_points/raw_outputs/wB97M-V/40-P1_wB97M-V.out
40-R1,wB97M-V,Q-Chem,-922.9842236401,299.6,8888.98,reported_by_qchem,,True,calculations/single_points/raw_outputs/wB97M-V/40-R1_wB97M-V.out
40-TS,wB97M-V,Q-Chem,-922.9695863043,299.33,8708.27,reported_by_qchem,,True,calculations/single_points/raw_outputs/wB97M-V/40-TS_wB97M-V.out
41-P1,wB97M-V,Q-Chem,-822.72157838,286.99,8370.13,reported_by_qchem,,True,calculations/single_points/raw_outputs/wB97M-V/41-P1_wB97M-V.out
41-R1,wB97M-V,Q-Chem,-1282.869721696,346.25,10424.63,reported_by_qchem,,True,calculations/single_points/raw_outputs/wB97M-V/41-R1_wB97M-V.out
41-TS,wB97M-V,Q-Chem,-1282.8586382306,405.42,12177.15,reported_by_qchem,,True,calculations/single_points/raw_outputs/wB97M-V/41-TS_wB97M-V.out
42-P1,wB97M-V,Q-Chem,-509.4008100235,197.94,5892.24,reported_by_qchem,,True,calculations/single_points/raw_outputs/wB97M-V/42-P1_wB97M-V.out
42-R1,wB97M-V,Q-Chem,-430.796358277,81.63,2534.85,reported_by_qchem,,True,calculations/single_points/raw_outputs/wB97M-V/42-R1_wB97M-V.out
42-R2,wB97M-V,Q-Chem,-78.5715760995,6.34,115.35,reported_by_qchem,,True,calculations/single_points/raw_outputs/wB97M-V/42-R2_wB97M-V.out
42-TS,wB97M-V,Q-Chem,-509.3529345738,181.94,5446.49,reported_by_qchem,,True,calculations/single_points/raw_outputs/wB97M-V/42-TS_wB97M-V.out
43-P1,wB97M-V,Q-Chem,-304.730581916,161.49,3585.53,reported_by_qchem,,True,calculations/single_points/raw_outputs/wB97M-V/43-P1_wB97M-V.out
43-R1,wB97M-V,Q-Chem,-304.6982363699,141.56,4218.33,reported_by_qchem,,True,calculations/single_points/raw_outputs/wB97M-V/43-R1_wB97M-V.out
43-TS,wB97M-V,Q-Chem,-304.6843250482,173.73,4527.2,reported_by_qchem,,True,calculations/single_points/raw_outputs/wB97M-V/43-TS_wB97M-V.out
44-P1,wB97M-V,Q-Chem,-109.5545722156,25.73,55.2,reported_by_qchem,,True,calculations/single_points/raw_outputs/wB97M-V/44-P1_wB97M-V.out
44-P2,wB97M-V,Q-Chem,-195.1994136714,60.87,1714.51,reported_by_qchem,,True,calculations/single_points/raw_outputs/wB97M-V/44-P2_wB97M-V.out
44-TS,wB97M-V,Q-Chem,-304.7274172166,116.62,3470.82,reported_by_qchem,,True,calculations/single_points/raw_outputs/wB97M-V/44-TS_wB97M-V.out
45-P1,wB97M-V,Q-Chem,-422.6446656653,302.83,8362.17,reported_by_qchem,,True,calculations/single_points/raw_outputs/wB97M-V/45-P1_wB97M-V.out
45-R1,wB97M-V,Q-Chem,-422.627949017,319.21,9213.25,reported_by_qchem,,True,calculations/single_points/raw_outputs/wB97M-V/45-R1_wB97M-V.out
45-TS,wB97M-V,Q-Chem,-422.6081397152,295.6,8406.26,reported_by_qchem,,True,calculations/single_points/raw_outputs/wB97M-V/45-TS_wB97M-V.out
46-P1,wB97M-V,Q-Chem,-313.1355119132,198.26,5742.27,reported_by_qchem,,True,calculations/single_points/raw_outputs/wB97M-V/46-P1_wB97M-V.out
46-TS,wB97M-V,Q-Chem,-422.6438027803,454.86,8242.67,reported_by_qchem,,True,calculations/single_points/raw_outputs/wB97M-V/46-TS_wB97M-V.out
47-P1,wB97M-V,Q-Chem,-309.5329065298,175.84,4176.27,reported_by_qchem,,True,calculations/single_points/raw_outputs/wB97M-V/47-P1_wB97M-V.out
47-R1,wB97M-V,Q-Chem,-419.0869800268,264.11,6118.61,reported_by_qchem,,True,calculations/single_points/raw_outputs/wB97M-V/47-R1_wB97M-V.out
47-TS,wB97M-V,Q-Chem,-419.0668156907,229.22,6840.37,reported_by_qchem,,True,calculations/single_points/raw_outputs/wB97M-V/47-TS_wB97M-V.out
48-P1,wB97M-V,Q-Chem,-951.5587321035,630.91,18620.75,reported_by_qchem,,True,calculations/single_points/raw_outputs/wB97M-V/48-P1_wB97M-V.out
48-R1,wB97M-V,Q-Chem,-1061.0721546673,789.17,23091.19,reported_by_qchem,,True,calculations/single_points/raw_outputs/wB97M-V/48-R1_wB97M-V.out
48-TS,wB97M-V,Q-Chem,-1061.0687080149,721.54,21131.92,reported_by_qchem,,True,calculations/single_points/raw_outputs/wB97M-V/48-TS_wB97M-V.out
49-P1,wB97M-V,Q-Chem,-477.2796522934,214.25,6324.71,reported_by_qchem,,True,calculations/single_points/raw_outputs/wB97M-V/49-P1_wB97M-V.out
49-R1,wB97M-V,Q-Chem,-586.7532314193,249.62,7415.78,reported_by_qchem,,True,calculations/single_points/raw_outputs/wB97M-V/49-R1_wB97M-V.out
49-TS,wB97M-V,Q-Chem,-586.7446949731,241.69,7257.96,reported_by_qchem,,True,calculations/single_points/raw_outputs/wB97M-V/49-TS_wB97M-V.out
5-P1,wB97M-V,Q-Chem,-440.1183624027,335.09,10013.8,reported_by_qchem,,True,calculations/single_points/raw_outputs/wB97M-V/5-P1_wB97M-V.out
5-R1,wB97M-V,Q-Chem,-170.8373892209,12.03,365.09,reported_by_qchem,,True,calculations/single_points/raw_outputs/wB97M-V/5-R1_wB97M-V.out
5-R2,wB97M-V,Q-Chem,-269.2382690499,100.18,3071.53,reported_by_qchem,,True,calculations/single_points/raw_outputs/wB97M-V/5-R2_wB97M-V.out
5-TS,wB97M-V,Q-Chem,-440.0854626096,333.28,9934.51,reported_by_qchem,,True,calculations/single_points/raw_outputs/wB97M-V/5-TS_wB97M-V.out
50-R1,wB97M-V,Q-Chem,-645.0394724516,210.26,6330.95,reported_by_qchem,,True,calculations/single_points/raw_outputs/wB97M-V/50-R1_wB97M-V.out
50-R2,wB97M-V,Q-Chem,-415.9851547539,71.28,2178.95,reported_by_qchem,,True,calculations/single_points/raw_outputs/wB97M-V/50-R2_wB97M-V.out
50-TS,wB97M-V,Q-Chem,-1061.0261176187,744.18,21995.85,reported_by_qchem,,True,calculations/single_points/raw_outputs/wB97M-V/50-TS_wB97M-V.out
6-P1,wB97M-V,Q-Chem,-440.1465642398,326.26,9689.98,reported_by_qchem,,True,calculations/single_points/raw_outputs/wB97M-V/6-P1_wB97M-V.out
6-TS,wB97M-V,Q-Chem,-440.0787806508,294.07,8790.72,reported_by_qchem,,True,calculations/single_points/raw_outputs/wB97M-V/6-TS_wB97M-V.out
7-P1,wB97M-V,Q-Chem,-616.0433543472,617.49,17915.75,reported_by_qchem,,True,calculations/single_points/raw_outputs/wB97M-V/7-P1_wB97M-V.out
7-R1,wB97M-V,Q-Chem,-616.0187883247,543.38,16024.82,reported_by_qchem,,True,calculations/single_points/raw_outputs/wB97M-V/7-R1_wB97M-V.out
7-TS,wB97M-V,Q-Chem,-616.0058251727,563.8,16609.25,reported_by_qchem,,True,calculations/single_points/raw_outputs/wB97M-V/7-TS_wB97M-V.out
8-P1,wB97M-V,Q-Chem,-1115.5924529393,131.09,2911.0,reported_by_qchem,,True,calculations/single_points/raw_outputs/wB97M-V/8-P1_wB97M-V.out
8-R1,wB97M-V,Q-Chem,-157.1914041915,26.02,801.22,reported_by_qchem,,True,calculations/single_points/raw_outputs/wB97M-V/8-R1_wB97M-V.out
8-R2,wB97M-V,Q-Chem,-958.3432771677,8.37,185.41,reported_by_qchem,,True,calculations/single_points/raw_outputs/wB97M-V/8-R2_wB97M-V.out
8-TS,wB97M-V,Q-Chem,-1115.5374663859,121.58,3593.13,reported_by_qchem,,True,calculations/single_points/raw_outputs/wB97M-V/8-TS_wB97M-V.out
9-P1,wB97M-V,Q-Chem,-614.8690863915,580.43,17004.58,reported_by_qchem,,True,calculations/single_points/raw_outputs/wB97M-V/9-P1_wB97M-V.out
9-R1,wB97M-V,Q-Chem,-614.8536243017,494.47,14710.18,reported_by_qchem,,True,calculations/single_points/raw_outputs/wB97M-V/9-R1_wB97M-V.out
9-TS,wB97M-V,Q-Chem,-614.8366348518,518.75,15254.56,reported_by_qchem,,True,calculations/single_points/raw_outputs/wB97M-V/9-TS_wB97M-V.out
