species,functional,program,energy_hartree,wall_time_seconds,gpu_time_seconds,cpu_time_seconds,cpu_time_source,nprocs,completed,output_file
1-P1,aimnet2-nse,ASE,-617.219569179699,,0.00450748,,,,True,structures/reference/1-P1.xyz
1-R1,aimnet2-nse,ASE,-617.223744768767,,0.00348474,,,,True,structures/reference/1-R1.xyz
1-TS,aimnet2-nse,ASE,-617.196326354124,,0.00335264,,,,True,structures/reference/1-TS.xyz
10-P1,aimnet2-nse,ASE,-153.279249223098,,0.11027549,,,,True,structures/reference/10-P1.xyz
10-P2,aimnet2-nse,ASE,-39.857696414616,,0.00406610,,,,True,structures/reference/10-P2.xyz
10-R1,aimnet2-nse,ASE,-193.148651625483,,0.00386710,,,,True,structures/reference/10-R1.xyz
10-TS,aimnet2-nse,ASE,-193.117219197173,,0.00359197,,,,True,structures/reference/10-TS.xyz
11-P1,aimnet2-nse,ASE,-345.157994490910,,0.00352990,,,,True,structures/reference/11-P1.xyz
11-P2,aimnet2-nse,ASE,-203.571973673372,,0.00325782,,,,True,structures/reference/11-P2.xyz
11-R1,aimnet2-nse,ASE,-548.732285485490,,0.00341729,,,,True,structures/reference/11-R1.xyz
11-TS,aimnet2-nse,ASE,-548.710967731400,,0.00332134,,,,True,structures/reference/11-TS.xyz
12-P1,aimnet2-nse,ASE,-803.968067533056,,0.00339711,,,,True,structures/reference/12-P1.xyz
12-R1,aimnet2-nse,ASE,-646.588147259365,,0.00338359,,,,True,structures/reference/12-R1.xyz
12-R2,aimnet2-nse,ASE,-157.326325930535,,0.00326478,,,,True,structures/reference/12-R2.xyz
12-TS,aimnet2-nse,ASE,-803.904139267410,,0.00337311,,,,True,structures/reference/12-TS.xyz
13-P1,aimnet2-nse,ASE,-456.441779607101,,0.00370209,,,,True,structures/reference/13-P1.xyz
13-R2,aimnet2-nse,ASE,-263.254061939492,,0.00392046,,,,True,structures/reference/13-R2.xyz
13-TS,aimnet2-nse,ASE,-456.403568584723,,0.00335843,,,,True,structures/reference/13-TS.xyz
14-P1,aimnet2-nse,ASE,-388.633992270504,,0.00342267,,,,True,structures/reference/14-P1.xyz
14-R1,aimnet2-nse,ASE,-193.145219303344,,0.00329499,,,,True,structures/reference/14-R1.xyz
14-R2,aimnet2-nse,ASE,-195.418884145687,,0.00331682,,,,True,structures/reference/14-R2.xyz
14-TS,aimnet2-nse,ASE,-388.559636895598,,0.00331282,,,,True,structures/reference/14-TS.xyz
15-P1,aimnet2-nse,ASE,-385.242919727104,,0.00331257,,,,True,structures/reference/15-P1.xyz
15-R1,aimnet2-nse,ASE,-306.588583637853,,0.00327848,,,,True,structures/reference/15-R1.xyz
15-R2,aimnet2-nse,ASE,-78.637526821099,,0.00329745,,,,True,structures/reference/15-R2.xyz
15-TS,aimnet2-nse,ASE,-385.183889809521,,0.00330374,,,,True,structures/reference/15-TS.xyz
16-P1,aimnet2-nse,ASE,-460.503974839734,,0.00330246,,,,True,structures/reference/16-P1.xyz
16-R1,aimnet2-nse,ASE,-381.853357798642,,0.00328162,,,,True,structures/reference/16-R1.xyz
16-TS,aimnet2-nse,ASE,-460.458733512296,,0.00327676,,,,True,structures/reference/16-TS.xyz
17-P1,aimnet2-nse,ASE,-648.021920865787,,0.00336255,,,,True,structures/reference/17-P1.xyz
17-R2,aimnet2-nse,ASE,-341.407730137618,,0.00325058,,,,True,structures/reference/17-R2.xyz
17-TS,aimnet2-nse,ASE,-647.976189697695,,0.00327915,,,,True,structures/reference/17-TS.xyz
18-P1,aimnet2-nse,ASE,-555.495325912216,,0.00324752,,,,True,structures/reference/18-P1.xyz
18-R1,aimnet2-nse,ASE,-398.177440796408,,0.08752440,,,,True,structures/reference/18-R1.xyz
18-TS,aimnet2-nse,ASE,-555.488050451813,,0.00436636,,,,True,structures/reference/18-TS.xyz
19-P1,aimnet2-nse,ASE,-554.254130892331,,0.00380305,,,,True,structures/reference/19-P1.xyz
19-R2,aimnet2-nse,ASE,-156.093395589995,,0.00330045,,,,True,structures/reference/19-R2.xyz
19-TS,aimnet2-nse,ASE,-554.247254081452,,0.00326819,,,,True,structures/reference/19-TS.xyz
2-P1,aimnet2-nse,ASE,-617.253828012877,,0.00332701,,,,True,structures/reference/2-P1.xyz
2-TS,aimnet2-nse,ASE,-617.210939487832,,0.00330432,,,,True,structures/reference/2-TS.xyz
20-P1,aimnet2-nse,ASE,-780.558202431013,,0.00337781,,,,True,structures/reference/20-P1.xyz
20-P2,aimnet2-nse,ASE,-231.718219267782,,0.00327517,,,,True,structures/reference/20-P2.xyz
20-R1,aimnet2-nse,ASE,-1012.268757416538,,0.00336798,,,,True,structures/reference/20-R1.xyz
20-TS,aimnet2-nse,ASE,-1012.244584272251,,0.00330466,,,,True,structures/reference/20-TS.xyz
21-P1,aimnet2-nse,ASE,-914.996645298904,,0.00340093,,,,True,structures/reference/21-P1.xyz
21-R1,aimnet2-nse,ASE,-914.978439998506,,0.00328966,,,,True,structures/reference/21-R1.xyz
21-TS,aimnet2-nse,ASE,-914.963711269810,,0.00329389,,,,True,structures/reference/21-TS.xyz
22-P1,aimnet2-nse,ASE,-595.630085405129,,0.00329261,,,,True,structures/reference/22-P1.xyz
22-R1,aimnet2-nse,ASE,-595.607804430092,,0.00328919,,,,True,structures/reference/22-R1.xyz
22-TS,aimnet2-nse,ASE,-595.566288027913,,0.00328842,,,,True,structures/reference/22-TS.xyz
23-P1,aimnet2-nse,ASE,-311.172164668701,,0.00349085,,,,True,structures/reference/23-P1.xyz
23-R1,aimnet2-nse,ASE,-311.164432871610,,0.00334990,,,,True,structures/reference/23-R1.xyz
23-TS,aimnet2-nse,ASE,-311.134686151958,,0.00334198,,,,True,structures/reference/23-TS.xyz
24-P1,aimnet2-nse,ASE,-463.731715473742,,0.00337588,,,,True,structures/reference/24-P1.xyz
24-R1,aimnet2-nse,ASE,-463.708129578669,,0.00361020,,,,True,structures/reference/24-R1.xyz
24-TS,aimnet2-nse,ASE,-463.694044046993,,0.00358317,,,,True,structures/reference/24-TS.xyz
25-P1,aimnet2-nse,ASE,-385.715216308070,,0.00331346,,,,True,structures/reference/25-P1.xyz
25-R1,aimnet2-nse,ASE,-385.033597891323,,0.00369687,,,,True,structures/reference/25-R1.xyz
25-R2,aimnet2-nse,ASE,-40.534725734646,,0.00448930,,,,True,structures/reference/25-R2.xyz
25-TS,aimnet2-nse,ASE,-425.544928778599,,0.00400157,,,,True,structures/reference/25-TS.xyz
26-P2,aimnet2-nse,ASE,-115.120188133540,,0.00324786,,,,True,structures/reference/26-P2.xyz
26-R2,aimnet2-nse,ASE,-115.795125808220,,0.00353657,,,,True,structures/reference/26-R2.xyz
26-TS,aimnet2-nse,ASE,-500.817274624539,,0.00332897,,,,True,structures/reference/26-TS.xyz
27-P1,aimnet2-nse,ASE,-75.781269178644,,0.00336276,,,,True,structures/reference/27-P1.xyz
27-P2,aimnet2-nse,ASE,-549.365678034163,,0.00323777,,,,True,structures/reference/27-P2.xyz
27-R1,aimnet2-nse,ASE,-548.670669245993,,0.00337286,,,,True,structures/reference/27-R1.xyz
27-R2,aimnet2-nse,ASE,-76.476799435634,,0.00326096,,,,True,structures/reference/27-R2.xyz
27-TS,aimnet2-nse,ASE,-625.133481969017,,0.00343477,,,,True,structures/reference/27-TS.xyz
28-TS,aimnet2-nse,ASE,-589.189811069189,,0.00331588,,,,True,structures/reference/28-TS.xyz
29-P1,aimnet2-nse,ASE,-157.888939219302,,0.00330661,,,,True,structures/reference/29-P1.xyz
29-R1,aimnet2-nse,ASE,-158.553670291973,,0.00327767,,,,True,structures/reference/29-R1.xyz
29-TS,aimnet2-nse,ASE,-707.222923280340,,0.00330742,,,,True,structures/reference/29-TS.xyz
3-P1,aimnet2-nse,ASE,-834.687268385478,,0.00340110,,,,True,structures/reference/3-P1.xyz
3-R1,aimnet2-nse,ASE,-834.664172512920,,0.00331129,,,,True,structures/reference/3-R1.xyz
3-TS,aimnet2-nse,ASE,-834.629388909311,,0.00330126,,,,True,structures/reference/3-TS.xyz
30-P1,aimnet2-nse,ASE,-117.331337100527,,0.00327096,,,,True,structures/reference/30-P1.xyz
30-R1,aimnet2-nse,ASE,-117.980804922301,,0.00504470,,,,True,structures/reference/30-R1.xyz
30-TS,aimnet2-nse,ASE,-666.648926030642,,0.00330787,,,,True,structures/reference/30-TS.xyz
31-P1,aimnet2-nse,ASE,-754.550530667167,,0.00340207,,,,True,structures/reference/31-P1.xyz
31-R1,aimnet2-nse,ASE,-754.531281317511,,0.00328372,,,,True,structures/reference/31-R1.xyz
31-TS,aimnet2-nse,ASE,-754.501222519107,,0.00329871,,,,True,structures/reference/31-TS.xyz
32-P1,aimnet2-nse,ASE,-562.654444373912,,0.00330052,,,,True,structures/reference/32-P1.xyz
32-R1,aimnet2-nse,ASE,-562.634455741360,,0.00329303,,,,True,structures/reference/32-R1.xyz
32-TS,aimnet2-nse,ASE,-562.613416661962,,0.00330010,,,,True,structures/reference/32-TS.xyz
33-P1,aimnet2-nse,ASE,-679.441650732760,,0.00347307,,,,True,structures/reference/33-P1.xyz
33-R1,aimnet2-nse,ASE,-679.427455116569,,0.00336997,,,,True,structures/reference/33-R1.xyz
33-TS,aimnet2-nse,ASE,-679.393124379337,,0.00331124,,,,True,structures/reference/33-TS.xyz
34-P1,aimnet2-nse,ASE,-1140.341932543416,,0.00342384,,,,True,structures/reference/34-P1.xyz
34-R1,aimnet2-nse,ASE,-1140.328476595119,,0.00351464,,,,True,structures/reference/34-R1.xyz
34-TS,aimnet2-nse,ASE,-1140.296755397331,,0.00331789,,,,True,structures/reference/34-TS.xyz
35-P1,aimnet2-nse,ASE,-3254.238984760335,,0.00328611,,,,True,structures/reference/35-P1.xyz
35-R1,aimnet2-nse,ASE,-3254.222412762151,,0.00329844,,,,True,structures/reference/35-R1.xyz
35-TS,aimnet2-nse,ASE,-3254.193738679088,,0.00328596,,,,True,structures/reference/35-TS.xyz
36-P1,aimnet2-nse,ASE,-1075.323996911450,,0.00329898,,,,True,structures/reference/36-P1.xyz
36-R1,aimnet2-nse,ASE,-1075.301402314334,,0.00328379,,,,True,structures/reference/36-R1.xyz
36-TS,aimnet2-nse,ASE,-1075.268590222856,,0.00327911,,,,True,structures/reference/36-TS.xyz
37-P1,aimnet2-nse,ASE,-752.323173411446,,0.00328580,,,,True,structures/reference/37-P1.xyz
37-R1,aimnet2-nse,ASE,-752.301544514940,,0.00326316,,,,True,structures/reference/37-R1.xyz
37-TS,aimnet2-nse,ASE,-752.269402159105,,0.00326652,,,,True,structures/reference/37-TS.xyz
38-P1,aimnet2-nse,ASE,-348.562112199854,,0.00332707,,,,True,structures/reference/38-P1.xyz
38-P2,aimnet2-nse,ASE,-460.190478182988,,0.00315460,,,,True,structures/reference/38-P2.xyz
38-R1,aimnet2-nse,ASE,-808.774653635024,,0.00352674,,,,True,structures/reference/38-R1.xyz
38-TS,aimnet2-nse,ASE,-808.755813212140,,0.00338355,,,,True,structures/reference/38-TS.xyz
39-P2,aimnet2-nse,ASE,-2574.110729199182,,0.00311586,,,,True,structures/reference/39-P2.xyz
39-R1,aimnet2-nse,ASE,-2922.672801577124,,0.00333407,,,,True,structures/reference/39-R1.xyz
39-TS,aimnet2-nse,ASE,-2922.662475313450,,0.00330307,,,,True,structures/reference/39-TS.xyz
4-P1,aimnet2-nse,ASE,-834.688897126695,,0.00330581,,,,True,structures/reference/4-P1.xyz
4-TS,aimnet2-nse,ASE,-834.633382643731,,0.00331624,,,,True,structures/reference/4-TS.xyz
40-P1,aimnet2-nse,ASE,-463.155075164673,,0.00331561,,,,True,structures/reference/40-P1.xyz
40-R1,aimnet2-nse,ASE,-923.368117385685,,0.00330687,,,,True,structures/reference/40-R1.xyz
40-TS,aimnet2-nse,ASE,-923.353562877642,,0.00561509,,,,True,structures/reference/40-TS.xyz
41-P1,aimnet2-nse,ASE,-823.091335829684,,0.00349183,,,,True,structures/reference/41-P1.xyz
41-R1,aimnet2-nse,ASE,-1283.299389224115,,0.00359354,,,,True,structures/reference/41-R1.xyz
41-TS,aimnet2-nse,ASE,-1283.297391056378,,0.00359897,,,,True,structures/reference/41-TS.xyz
42-P1,aimnet2-nse,ASE,-509.690415894349,,0.00332681,,,,True,structures/reference/42-P1.xyz
42-R1,aimnet2-nse,ASE,-431.024285128091,,0.00327839,,,,True,structures/reference/42-R1.xyz
42-TS,aimnet2-nse,ASE,-509.622945699204,,0.00330880,,,,True,structures/reference/42-TS.xyz
43-P1,aimnet2-nse,ASE,-304.930724148925,,0.00340404,,,,True,structures/reference/43-P1.xyz
43-R1,aimnet2-nse,ASE,-304.887480516987,,0.00353316,,,,True,structures/reference/43-R1.xyz
43-TS,aimnet2-nse,ASE,-304.869147501960,,0.00342407,,,,True,structures/reference/43-TS.xyz
44-P1,aimnet2-nse,ASE,-109.612826708761,,0.00336876,,,,True,structures/reference/44-P1.xyz
44-P2,aimnet2-nse,ASE,-195.348918227104,,0.00339683,,,,True,structures/reference/44-P2.xyz
44-TS,aimnet2-nse,ASE,-304.924306013461,,0.00341349,,,,True,structures/reference/44-TS.xyz
45-P1,aimnet2-nse,ASE,-422.947743946706,,0.00344940,,,,True,structures/reference/45-P1.xyz
45-R1,aimnet2-nse,ASE,-422.930339279929,,0.00339921,,,,True,structures/reference/45-R1.xyz
45-TS,aimnet2-nse,ASE,-422.898124384657,,0.00333286,,,,True,structures/reference/45-TS.xyz
46-P1,aimnet2-nse,ASE,-313.386589751100,,0.00335409,,,,True,structures/reference/46-P1.xyz
46-TS,aimnet2-nse,ASE,-422.944485688899,,0.00334767,,,,True,structures/reference/46-TS.xyz
47-P1,aimnet2-nse,ASE,-309.757831284460,,0.00344315,,,,True,structures/reference/47-P1.xyz
47-R1,aimnet2-nse,ASE,-419.369622406776,,0.00342697,,,,True,structures/reference/47-R1.xyz
47-TS,aimnet2-nse,ASE,-419.340137083342,,0.00433390,,,,True,structures/reference/47-TS.xyz
48-P1,aimnet2-nse,ASE,-952.101002569698,,0.00439474,,,,True,structures/reference/48-P1.xyz
48-R1,aimnet2-nse,ASE,-1061.667932565357,,0.00348388,,,,True,structures/reference/48-R1.xyz
48-TS,aimnet2-nse,ASE,-1061.667127329140,,0.00333756,,,,True,structures/reference/48-TS.xyz
49-P1,aimnet2-nse,ASE,-477.571971510577,,0.00335873,,,,True,structures/reference/49-P1.xyz
49-R1,aimnet2-nse,ASE,-587.096329489313,,0.00356367,,,,True,structures/reference/49-R1.xyz
49-TS,aimnet2-nse,ASE,-587.092677547217,,0.00338550,,,,True,structures/reference/49-TS.xyz
5-P1,aimnet2-nse,ASE,-440.404210653244,,0.00329787,,,,True,structures/reference/5-P1.xyz
5-R1,aimnet2-nse,ASE,-170.950316132196,,0.00341964,,,,True,structures/reference/5-R1.xyz
5-R2,aimnet2-nse,ASE,-269.410703026399,,0.00335874,,,,True,structures/reference/5-R2.xyz
5-TS,aimnet2-nse,ASE,-440.358704561044,,0.00410305,,,,True,structures/reference/5-TS.xyz
50-R1,aimnet2-nse,ASE,-645.402417019938,,0.00435182,,,,True,structures/reference/50-R1.xyz
50-R2,aimnet2-nse,ASE,-416.225371654372,,0.00420730,,,,True,structures/reference/50-R2.xyz
50-TS,aimnet2-nse,ASE,-1061.610659686873,,0.00332132,,,,True,structures/reference/50-TS.xyz
6-P1,aimnet2-nse,ASE,-440.428915209636,,0.00331906,,,,True,structures/reference/6-P1.xyz
6-TS,aimnet2-nse,ASE,-440.360121411579,,0.00377396,,,,True,structures/reference/6-TS.xyz
7-P1,aimnet2-nse,ASE,-616.448150358644,,0.00375488,,,,True,structures/reference/7-P1.xyz
7-R1,aimnet2-nse,ASE,-616.429566583752,,0.00330878,,,,True,structures/reference/7-R1.xyz
7-TS,aimnet2-nse,ASE,-616.400811520156,,0.00329212,,,,True,structures/reference/7-TS.xyz
8-P1,aimnet2-nse,ASE,-1115.890322330678,,0.00328513,,,,True,structures/reference/8-P1.xyz
8-R1,aimnet2-nse,ASE,-157.321258335406,,0.00325204,,,,True,structures/reference/8-R1.xyz
8-R2,aimnet2-nse,ASE,-958.509449046772,,0.00325690,,,,True,structures/reference/8-R2.xyz
8-TS,aimnet2-nse,ASE,-1115.830047215049,,0.00344858,,,,True,structures/reference/8-TS.xyz
9-P1,aimnet2-nse,ASE,-615.262493133079,,0.00337259,,,,True,structures/reference/9-P1.xyz
9-R1,aimnet2-nse,ASE,-615.249114140197,,0.00331319,,,,True,structures/reference/9-R1.xyz
9-TS,aimnet2-nse,ASE,-615.218037695554,,0.00342243,,,,True,structures/reference/9-TS.xyz
1-P1,allscaip-md-conserving-all-omol,ASE,-616.783908518409,,0.05570123,,,,True,structures/reference/1-P1.xyz
1-R1,allscaip-md-conserving-all-omol,ASE,-616.780247257981,,0.05935305,,,,True,structures/reference/1-R1.xyz
1-TS,allscaip-md-conserving-all-omol,ASE,-616.767197979785,,0.05885653,,,,True,structures/reference/1-TS.xyz
10-P1,allscaip-md-conserving-all-omol,ASE,-153.182300425754,,0.06195763,,,,True,structures/reference/10-P1.xyz
10-P2,allscaip-md-conserving-all-omol,ASE,-39.818114613522,,0.05618454,,,,True,structures/reference/10-P2.xyz
10-R1,allscaip-md-conserving-all-omol,ASE,-193.015024201739,,0.05995195,,,,True,structures/reference/10-R1.xyz
10-TS,allscaip-md-conserving-all-omol,ASE,-192.986410856137,,0.06104355,,,,True,structures/reference/10-TS.xyz
11-P1,allscaip-md-conserving-all-omol,ASE,-344.924819973810,,0.06191796,,,,True,structures/reference/11-P1.xyz
11-P2,allscaip-md-conserving-all-omol,ASE,-203.450594278365,,0.05722940,,,,True,structures/reference/11-P2.xyz
11-R1,allscaip-md-conserving-all-omol,ASE,-548.382263280856,,0.06682041,,,,True,structures/reference/11-R1.xyz
11-TS,allscaip-md-conserving-all-omol,ASE,-548.363942872346,,0.05893170,,,,True,structures/reference/11-TS.xyz
12-P1,allscaip-md-conserving-all-omol,ASE,-803.593532141889,,0.05967340,,,,True,structures/reference/12-P1.xyz
12-R1,allscaip-md-conserving-all-omol,ASE,-646.347736476115,,0.05820545,,,,True,structures/reference/12-R1.xyz
12-R2,allscaip-md-conserving-all-omol,ASE,-157.185273145817,,0.05711927,,,,True,structures/reference/12-R2.xyz
12-TS,allscaip-md-conserving-all-omol,ASE,-803.535041066415,,0.06090954,,,,True,structures/reference/12-TS.xyz
13-P1,allscaip-md-conserving-all-omol,ASE,-456.138574603251,,0.05886545,,,,True,structures/reference/13-P1.xyz
13-R2,allscaip-md-conserving-all-omol,ASE,-263.087359875627,,0.05859347,,,,True,structures/reference/13-R2.xyz
13-TS,allscaip-md-conserving-all-omol,ASE,-456.088096794254,,0.05845261,,,,True,structures/reference/13-TS.xyz
14-P1,allscaip-md-conserving-all-omol,ASE,-388.336921190242,,0.05915051,,,,True,structures/reference/14-P1.xyz
14-R1,allscaip-md-conserving-all-omol,ASE,-193.008657172863,,0.05889009,,,,True,structures/reference/14-R1.xyz
14-R2,allscaip-md-conserving-all-omol,ASE,-195.254065994920,,0.05664834,,,,True,structures/reference/14-R2.xyz
14-TS,allscaip-md-conserving-all-omol,ASE,-388.283560117850,,0.06156035,,,,True,structures/reference/14-TS.xyz
15-P1,allscaip-md-conserving-all-omol,ASE,-384.981724295053,,0.05792034,,,,True,structures/reference/15-P1.xyz
15-R1,allscaip-md-conserving-all-omol,ASE,-306.393206819741,,0.05856313,,,,True,structures/reference/15-R1.xyz
15-R2,allscaip-md-conserving-all-omol,ASE,-78.566523536679,,0.05772811,,,,True,structures/reference/15-R2.xyz
15-TS,allscaip-md-conserving-all-omol,ASE,-384.923707007461,,0.05833541,,,,True,structures/reference/15-TS.xyz
16-P1,allscaip-md-conserving-all-omol,ASE,-460.210608868315,,0.05860507,,,,True,structures/reference/16-P1.xyz
16-R1,allscaip-md-conserving-all-omol,ASE,-381.628673119095,,0.05676874,,,,True,structures/reference/16-R1.xyz
16-TS,allscaip-md-conserving-all-omol,ASE,-460.162703868648,,0.05787030,,,,True,structures/reference/16-TS.xyz
17-P1,allscaip-md-conserving-all-omol,ASE,-647.650180688549,,0.06434445,,,,True,structures/reference/17-P1.xyz
17-R2,allscaip-md-conserving-all-omol,ASE,-341.224698706408,,0.05930728,,,,True,structures/reference/17-R2.xyz
17-TS,allscaip-md-conserving-all-omol,ASE,-647.610371344014,,0.06299715,,,,True,structures/reference/17-TS.xyz
18-P1,allscaip-md-conserving-all-omol,ASE,-555.289120610379,,0.05794561,,,,True,structures/reference/18-P1.xyz
18-R1,allscaip-md-conserving-all-omol,ASE,-398.091518469025,,0.00136892,,,,True,structures/reference/18-R1.xyz
18-TS,allscaip-md-conserving-all-omol,ASE,-555.274737640509,,0.05710420,,,,True,structures/reference/18-TS.xyz
19-P1,allscaip-md-conserving-all-omol,ASE,-554.060284683486,,0.05906128,,,,True,structures/reference/19-P1.xyz
19-R2,allscaip-md-conserving-all-omol,ASE,-155.962812195777,,0.05859503,,,,True,structures/reference/19-R2.xyz
19-TS,allscaip-md-conserving-all-omol,ASE,-554.050587035254,,0.05786702,,,,True,structures/reference/19-TS.xyz
2-P1,allscaip-md-conserving-all-omol,ASE,-616.807512976392,,0.06350159,,,,True,structures/reference/2-P1.xyz
2-TS,allscaip-md-conserving-all-omol,ASE,-616.778696617329,,0.05839878,,,,True,structures/reference/2-TS.xyz
20-P1,allscaip-md-conserving-all-omol,ASE,-780.250185570119,,0.05955786,,,,True,structures/reference/20-P1.xyz
20-P2,allscaip-md-conserving-all-omol,ASE,-231.542194865274,,0.05899894,,,,True,structures/reference/20-P2.xyz
20-R1,allscaip-md-conserving-all-omol,ASE,-1011.794043431977,,0.05880969,,,,True,structures/reference/20-R1.xyz
20-TS,allscaip-md-conserving-all-omol,ASE,-1011.776531651476,,0.05824762,,,,True,structures/reference/20-TS.xyz
21-P1,allscaip-md-conserving-all-omol,ASE,-914.580943008431,,0.05961604,,,,True,structures/reference/21-P1.xyz
21-R1,allscaip-md-conserving-all-omol,ASE,-914.567177998376,,0.05864341,,,,True,structures/reference/21-R1.xyz
21-TS,allscaip-md-conserving-all-omol,ASE,-914.553945591446,,0.05914137,,,,True,structures/reference/21-TS.xyz
22-P1,allscaip-md-conserving-all-omol,ASE,-595.214806207829,,0.06204903,,,,True,structures/reference/22-P1.xyz
22-R1,allscaip-md-conserving-all-omol,ASE,-595.191818423329,,0.05943642,,,,True,structures/reference/22-R1.xyz
22-TS,allscaip-md-conserving-all-omol,ASE,-595.177281805727,,0.05825072,,,,True,structures/reference/22-TS.xyz
23-P1,allscaip-md-conserving-all-omol,ASE,-310.933062999845,,0.05925787,,,,True,structures/reference/23-P1.xyz
23-R1,allscaip-md-conserving-all-omol,ASE,-310.928155432769,,0.05859951,,,,True,structures/reference/23-R1.xyz
23-TS,allscaip-md-conserving-all-omol,ASE,-310.911881700993,,0.05900794,,,,True,structures/reference/23-TS.xyz
24-P1,allscaip-md-conserving-all-omol,ASE,-463.393456169938,,0.05798578,,,,True,structures/reference/24-P1.xyz
24-R1,allscaip-md-conserving-all-omol,ASE,-463.355434194619,,0.05809520,,,,True,structures/reference/24-R1.xyz
24-TS,allscaip-md-conserving-all-omol,ASE,-463.369223448357,,0.06132905,,,,True,structures/reference/24-TS.xyz
25-P1,allscaip-md-conserving-all-omol,ASE,-385.441072263931,,0.05883412,,,,True,structures/reference/25-P1.xyz
25-R1,allscaip-md-conserving-all-omol,ASE,-384.745119817545,,0.05952924,,,,True,structures/reference/25-R1.xyz
25-R2,allscaip-md-conserving-all-omol,ASE,-40.491087807956,,0.05811742,,,,True,structures/reference/25-R2.xyz
25-TS,allscaip-md-conserving-all-omol,ASE,-425.236791414602,,0.05846296,,,,True,structures/reference/25-TS.xyz
26-P2,allscaip-md-conserving-all-omol,ASE,-115.047832089142,,0.05741012,,,,True,structures/reference/26-P2.xyz
26-R2,allscaip-md-conserving-all-omol,ASE,-115.716981122421,,0.05919005,,,,True,structures/reference/26-R2.xyz
26-TS,allscaip-md-conserving-all-omol,ASE,-500.469350285733,,0.05737859,,,,True,structures/reference/26-TS.xyz
27-P1,allscaip-md-conserving-all-omol,ASE,-75.742541893297,,0.05809323,,,,True,structures/reference/27-P1.xyz
27-P2,allscaip-md-conserving-all-omol,ASE,-549.227333849649,,0.05682882,,,,True,structures/reference/27-P2.xyz
27-R1,allscaip-md-conserving-all-omol,ASE,-548.544668117257,,0.05747005,,,,True,structures/reference/27-R1.xyz
27-R2,allscaip-md-conserving-all-omol,ASE,-76.433578851737,,0.05760225,,,,True,structures/reference/27-R2.xyz
27-TS,allscaip-md-conserving-all-omol,ASE,-624.964043636861,,0.05820406,,,,True,structures/reference/27-TS.xyz
28-TS,allscaip-md-conserving-all-omol,ASE,-589.023402183111,,0.06222620,,,,True,structures/reference/28-TS.xyz
29-P1,allscaip-md-conserving-all-omol,ASE,-157.744868503471,,0.05852102,,,,True,structures/reference/29-P1.xyz
29-R1,allscaip-md-conserving-all-omol,ASE,-158.403103102368,,0.05761526,,,,True,structures/reference/29-R1.xyz
29-TS,allscaip-md-conserving-all-omol,ASE,-706.943563814831,,0.05905366,,,,True,structures/reference/29-TS.xyz
3-P1,allscaip-md-conserving-all-omol,ASE,-834.251879482283,,0.05865269,,,,True,structures/reference/3-P1.xyz
3-R1,allscaip-md-conserving-all-omol,ASE,-834.230094881977,,0.05883113,,,,True,structures/reference/3-R1.xyz
3-TS,allscaip-md-conserving-all-omol,ASE,-834.211032145402,,0.05768927,,,,True,structures/reference/3-TS.xyz
30-P1,allscaip-md-conserving-all-omol,ASE,-117.231413637343,,0.05884164,,,,True,structures/reference/30-P1.xyz
30-R1,allscaip-md-conserving-all-omol,ASE,-117.875431409960,,0.05887036,,,,True,structures/reference/30-R1.xyz
30-TS,allscaip-md-conserving-all-omol,ASE,-666.413572102988,,0.05827750,,,,True,structures/reference/30-TS.xyz
31-P1,allscaip-md-conserving-all-omol,ASE,-754.138055379161,,0.05968431,,,,True,structures/reference/31-P1.xyz
31-R1,allscaip-md-conserving-all-omol,ASE,-754.115776425023,,0.05982898,,,,True,structures/reference/31-R1.xyz
31-TS,allscaip-md-conserving-all-omol,ASE,-754.102494470560,,0.05854431,,,,True,structures/reference/31-TS.xyz
32-P1,allscaip-md-conserving-all-omol,ASE,-562.378715153265,,0.05964638,,,,True,structures/reference/32-P1.xyz
32-R1,allscaip-md-conserving-all-omol,ASE,-562.363474594889,,0.05865889,,,,True,structures/reference/32-R1.xyz
32-TS,allscaip-md-conserving-all-omol,ASE,-562.347979447180,,0.05855907,,,,True,structures/reference/32-TS.xyz
33-P1,allscaip-md-conserving-all-omol,ASE,-679.070837359879,,0.05858392,,,,True,structures/reference/33-P1.xyz
33-R1,allscaip-md-conserving-all-omol,ASE,-679.057337843118,,0.05892017,,,,True,structures/reference/33-R1.xyz
33-TS,allscaip-md-conserving-all-omol,ASE,-679.041461840913,,0.05893035,,,,True,structures/reference/33-TS.xyz
34-P1,allscaip-md-conserving-all-omol,ASE,-1139.895417469551,,0.05887462,,,,True,structures/reference/34-P1.xyz
34-R1,allscaip-md-conserving-all-omol,ASE,-1139.881354341932,,0.05921241,,,,True,structures/reference/34-R1.xyz
34-TS,allscaip-md-conserving-all-omol,ASE,-1139.865116936253,,0.05862695,,,,True,structures/reference/34-TS.xyz
35-P1,allscaip-md-conserving-all-omol,ASE,-3253.716588926336,,0.05933081,,,,True,structures/reference/35-P1.xyz
35-R1,allscaip-md-conserving-all-omol,ASE,-3253.702491658670,,0.05957720,,,,True,structures/reference/35-R1.xyz
35-TS,allscaip-md-conserving-all-omol,ASE,-3253.685786359556,,0.05969250,,,,True,structures/reference/35-TS.xyz
36-P1,allscaip-md-conserving-all-omol,ASE,-1074.908104668202,,0.05883124,,,,True,structures/reference/36-P1.xyz
36-R1,allscaip-md-conserving-all-omol,ASE,-1074.881467046916,,0.06046894,,,,True,structures/reference/36-R1.xyz
36-TS,allscaip-md-conserving-all-omol,ASE,-1074.868732629933,,0.05924228,,,,True,structures/reference/36-TS.xyz
37-P1,allscaip-md-conserving-all-omol,ASE,-751.941594105212,,0.05925237,,,,True,structures/reference/37-P1.xyz
37-R1,allscaip-md-conserving-all-omol,ASE,-751.914235797312,,0.05939538,,,,True,structures/reference/37-R1.xyz
37-TS,allscaip-md-conserving-all-omol,ASE,-751.902934000597,,0.06174362,,,,True,structures/reference/37-TS.xyz
38-P1,allscaip-md-conserving-all-omol,ASE,-348.291942826636,,0.06129293,,,,True,structures/reference/38-P1.xyz
38-P2,allscaip-md-conserving-all-omol,ASE,-460.126132814017,,0.00110611,,,,True,structures/reference/38-P2.xyz
38-R1,allscaip-md-conserving-all-omol,ASE,-808.436019298805,,0.05988041,,,,True,structures/reference/38-R1.xyz
38-TS,allscaip-md-conserving-all-omol,ASE,-808.423657307542,,0.05974657,,,,True,structures/reference/38-TS.xyz
39-P2,allscaip-md-conserving-all-omol,ASE,-2573.968461835595,,0.00102507,,,,True,structures/reference/39-P2.xyz
39-R1,allscaip-md-conserving-all-omol,ASE,-2922.259831713583,,0.05956904,,,,True,structures/reference/39-R1.xyz
39-TS,allscaip-md-conserving-all-omol,ASE,-2922.256119433653,,0.06015134,,,,True,structures/reference/39-TS.xyz
4-P1,allscaip-md-conserving-all-omol,ASE,-834.259145306041,,0.05945954,,,,True,structures/reference/4-P1.xyz
4-TS,allscaip-md-conserving-all-omol,ASE,-834.206085925993,,0.05914591,,,,True,structures/reference/4-TS.xyz
40-P1,allscaip-md-conserving-all-omol,ASE,-462.818793635775,,0.06266183,,,,True,structures/reference/40-P1.xyz
40-R1,allscaip-md-conserving-all-omol,ASE,-922.967605115111,,0.06161599,,,,True,structures/reference/40-R1.xyz
40-TS,allscaip-md-conserving-all-omol,ASE,-922.955324997752,,0.06049215,,,,True,structures/reference/40-TS.xyz
41-P1,allscaip-md-conserving-all-omol,ASE,-822.707042982076,,0.06131782,,,,True,structures/reference/41-P1.xyz
41-R1,allscaip-md-conserving-all-omol,ASE,-1282.857679408006,,0.06278729,,,,True,structures/reference/41-R1.xyz
41-TS,allscaip-md-conserving-all-omol,ASE,-1282.848473057956,,0.06132911,,,,True,structures/reference/41-TS.xyz
42-P1,allscaip-md-conserving-all-omol,ASE,-509.384181123912,,0.06058915,,,,True,structures/reference/42-P1.xyz
42-R1,allscaip-md-conserving-all-omol,ASE,-430.783823277646,,0.05980580,,,,True,structures/reference/42-R1.xyz
42-TS,allscaip-md-conserving-all-omol,ASE,-509.332706423804,,0.06480787,,,,True,structures/reference/42-TS.xyz
43-P1,allscaip-md-conserving-all-omol,ASE,-304.717616239197,,0.06203185,,,,True,structures/reference/43-P1.xyz
43-R1,allscaip-md-conserving-all-omol,ASE,-304.685743726074,,0.06090658,,,,True,structures/reference/43-R1.xyz
43-TS,allscaip-md-conserving-all-omol,ASE,-304.671449600058,,0.06143586,,,,True,structures/reference/43-TS.xyz
44-P1,allscaip-md-conserving-all-omol,ASE,-109.552618481395,,0.06026147,,,,True,structures/reference/44-P1.xyz
44-P2,allscaip-md-conserving-all-omol,ASE,-195.189120490210,,0.06155447,,,,True,structures/reference/44-P2.xyz
44-TS,allscaip-md-conserving-all-omol,ASE,-304.712842879785,,0.06137337,,,,True,structures/reference/44-TS.xyz
45-P1,allscaip-md-conserving-all-omol,ASE,-422.625190624564,,0.06144763,,,,True,structures/reference/45-P1.xyz
45-R1,allscaip-md-conserving-all-omol,ASE,-422.609105480075,,0.06168155,,,,True,structures/reference/45-R1.xyz
45-TS,allscaip-md-conserving-all-omol,ASE,-422.588947160361,,0.06080258,,,,True,structures/reference/45-TS.xyz
46-P1,allscaip-md-conserving-all-omol,ASE,-313.118273850335,,0.05895360,,,,True,structures/reference/46-P1.xyz
46-TS,allscaip-md-conserving-all-omol,ASE,-422.623473414831,,0.05618084,,,,True,structures/reference/46-TS.xyz
47-P1,allscaip-md-conserving-all-omol,ASE,-309.519476423989,,0.05863679,,,,True,structures/reference/47-P1.xyz
47-R1,allscaip-md-conserving-all-omol,ASE,-419.071502677651,,0.05860479,,,,True,structures/reference/47-R1.xyz
47-TS,allscaip-md-conserving-all-omol,ASE,-419.049329652722,,0.05552265,,,,True,structures/reference/47-TS.xyz
48-P1,allscaip-md-conserving-all-omol,ASE,-951.527608059635,,0.06029266,,,,True,structures/reference/48-P1.xyz
48-R1,allscaip-md-conserving-all-omol,ASE,-1061.038982305847,,0.06250419,,,,True,structures/reference/48-R1.xyz
48-TS,allscaip-md-conserving-all-omol,ASE,-1061.033211538381,,0.06066991,,,,True,structures/reference/48-TS.xyz
49-P1,allscaip-md-conserving-all-omol,ASE,-477.262940388245,,0.05724622,,,,True,structures/reference/49-P1.xyz
49-R1,allscaip-md-conserving-all-omol,ASE,-586.733279266659,,0.05516543,,,,True,structures/reference/49-R1.xyz
49-TS,allscaip-md-conserving-all-omol,ASE,-586.724013781562,,0.05404295,,,,True,structures/reference/49-TS.xyz
5-P1,allscaip-md-conserving-all-omol,ASE,-440.101850244053,,0.05706241,,,,True,structures/reference/5-P1.xyz
5-R1,allscaip-md-conserving-all-omol,ASE,-170.830869206264,,0.05527112,,,,True,structures/reference/5-R1.xyz
5-R2,allscaip-md-conserving-all-omol,ASE,-269.225670484522,,0.05452848,,,,True,structures/reference/5-R2.xyz
5-TS,allscaip-md-conserving-all-omol,ASE,-440.067888332044,,0.05498396,,,,True,structures/reference/5-TS.xyz
50-R1,allscaip-md-conserving-all-omol,ASE,-645.018518500956,,0.05491213,,,,True,structures/reference/50-R1.xyz
50-R2,allscaip-md-conserving-all-omol,ASE,-415.971824016619,,0.05477886,,,,True,structures/reference/50-R2.xyz
50-TS,allscaip-md-conserving-all-omol,ASE,-1060.991817014490,,0.05469213,,,,True,structures/reference/50-TS.xyz
6-P1,allscaip-md-conserving-all-omol,ASE,-440.130402073612,,0.05481409,,,,True,structures/reference/6-P1.xyz
6-TS,allscaip-md-conserving-all-omol,ASE,-440.062175917642,,0.05501377,,,,True,structures/reference/6-TS.xyz
7-P1,allscaip-md-conserving-all-omol,ASE,-616.019594830070,,0.05420065,,,,True,structures/reference/7-P1.xyz
7-R1,allscaip-md-conserving-all-omol,ASE,-615.994570789260,,0.05438624,,,,True,structures/reference/7-R1.xyz
7-TS,allscaip-md-conserving-all-omol,ASE,-615.982775514885,,0.05469845,,,,True,structures/reference/7-TS.xyz
8-P1,allscaip-md-conserving-all-omol,ASE,-1115.589949151347,,0.05445198,,,,True,structures/reference/8-P1.xyz
8-R1,allscaip-md-conserving-all-omol,ASE,-157.181729371309,,0.05419537,,,,True,structures/reference/8-R1.xyz
8-R2,allscaip-md-conserving-all-omol,ASE,-958.349719607707,,0.05385875,,,,True,structures/reference/8-R2.xyz
8-TS,allscaip-md-conserving-all-omol,ASE,-1115.533896307355,,0.05459256,,,,True,structures/reference/8-TS.xyz
9-P1,allscaip-md-conserving-all-omol,ASE,-614.847392999751,,0.05483755,,,,True,structures/reference/9-P1.xyz
9-R1,allscaip-md-conserving-all-omol,ASE,-614.831275796124,,0.05398272,,,,True,structures/reference/9-R1.xyz
9-TS,allscaip-md-conserving-all-omol,ASE,-614.812665146838,,0.05357872,,,,True,structures/reference/9-TS.xyz
1-P1,allscaip-md-direct-all-omol,ASE,-616.784098801088,,0.02047630,,,,True,structures/reference/1-P1.xyz
1-R1,allscaip-md-direct-all-omol,ASE,-616.784953572702,,0.02037696,,,,True,structures/reference/1-R1.xyz
1-TS,allscaip-md-direct-all-omol,ASE,-616.770223358299,,0.02532201,,,,True,structures/reference/1-TS.xyz
10-P1,allscaip-md-direct-all-omol,ASE,-153.182556202299,,0.01989387,,,,True,structures/reference/10-P1.xyz
10-P2,allscaip-md-direct-all-omol,ASE,-39.818532762285,,0.01956084,,,,True,structures/reference/10-P2.xyz
10-R1,allscaip-md-direct-all-omol,ASE,-193.014582374426,,0.01955755,,,,True,structures/reference/10-R1.xyz
10-TS,allscaip-md-direct-all-omol,ASE,-192.987204965974,,0.01904424,,,,True,structures/reference/10-TS.xyz
11-P1,allscaip-md-direct-all-omol,ASE,-344.924988461708,,0.02010555,,,,True,structures/reference/11-P1.xyz
11-P2,allscaip-md-direct-all-omol,ASE,-203.450129101064,,0.01971020,,,,True,structures/reference/11-P2.xyz
11-R1,allscaip-md-direct-all-omol,ASE,-548.380457665356,,0.02131526,,,,True,structures/reference/11-R1.xyz
11-TS,allscaip-md-direct-all-omol,ASE,-548.363378354651,,0.02015816,,,,True,structures/reference/11-TS.xyz
12-P1,allscaip-md-direct-all-omol,ASE,-803.593476671433,,0.01913728,,,,True,structures/reference/12-P1.xyz
12-R1,allscaip-md-direct-all-omol,ASE,-646.347447426933,,0.01948744,,,,True,structures/reference/12-R1.xyz
12-R2,allscaip-md-direct-all-omol,ASE,-157.185320813961,,0.01911676,,,,True,structures/reference/12-R2.xyz
12-TS,allscaip-md-direct-all-omol,ASE,-803.535436680030,,0.01853333,,,,True,structures/reference/12-TS.xyz
13-P1,allscaip-md-direct-all-omol,ASE,-456.138531206446,,0.01915819,,,,True,structures/reference/13-P1.xyz
13-R2,allscaip-md-direct-all-omol,ASE,-263.087324005141,,0.02371504,,,,True,structures/reference/13-R2.xyz
13-TS,allscaip-md-direct-all-omol,ASE,-456.087122228008,,0.01911238,,,,True,structures/reference/13-TS.xyz
14-P1,allscaip-md-direct-all-omol,ASE,-388.337623897804,,0.01937455,,,,True,structures/reference/14-P1.xyz
14-R1,allscaip-md-direct-all-omol,ASE,-193.008294744267,,0.02006636,,,,True,structures/reference/14-R1.xyz
14-R2,allscaip-md-direct-all-omol,ASE,-195.254057784092,,0.01994134,,,,True,structures/reference/14-R2.xyz
14-TS,allscaip-md-direct-all-omol,ASE,-388.284679611726,,0.01941004,,,,True,structures/reference/14-TS.xyz
15-P1,allscaip-md-direct-all-omol,ASE,-384.982040777184,,0.02054467,,,,True,structures/reference/15-P1.xyz
15-R1,allscaip-md-direct-all-omol,ASE,-306.391795823401,,0.02027455,,,,True,structures/reference/15-R1.xyz
15-R2,allscaip-md-direct-all-omol,ASE,-78.566560388478,,0.02045495,,,,True,structures/reference/15-R2.xyz
15-TS,allscaip-md-direct-all-omol,ASE,-384.928447957266,,0.02052643,,,,True,structures/reference/15-TS.xyz
16-P1,allscaip-md-direct-all-omol,ASE,-460.210909824676,,0.01992523,,,,True,structures/reference/16-P1.xyz
16-R1,allscaip-md-direct-all-omol,ASE,-381.628574278118,,0.01897826,,,,True,structures/reference/16-R1.xyz
16-TS,allscaip-md-direct-all-omol,ASE,-460.166758179888,,0.02056758,,,,True,structures/reference/16-TS.xyz
17-P1,allscaip-md-direct-all-omol,ASE,-647.650790959952,,0.02171637,,,,True,structures/reference/17-P1.xyz
17-R2,allscaip-md-direct-all-omol,ASE,-341.224770539379,,0.01867907,,,,True,structures/reference/17-R2.xyz
17-TS,allscaip-md-direct-all-omol,ASE,-647.606436253515,,0.01894813,,,,True,structures/reference/17-TS.xyz
18-P1,allscaip-md-direct-all-omol,ASE,-555.287898008567,,0.01893777,,,,True,structures/reference/18-P1.xyz
18-R1,allscaip-md-direct-all-omol,ASE,-398.091518469025,,0.00090105,,,,True,structures/reference/18-R1.xyz
18-TS,allscaip-md-direct-all-omol,ASE,-555.272443983997,,0.01884732,,,,True,structures/reference/18-TS.xyz
19-P1,allscaip-md-direct-all-omol,ASE,-554.059177867820,,0.01900468,,,,True,structures/reference/19-P1.xyz
19-R2,allscaip-md-direct-all-omol,ASE,-155.962862035733,,0.01893438,,,,True,structures/reference/19-R2.xyz
19-TS,allscaip-md-direct-all-omol,ASE,-554.050365486372,,0.01891639,,,,True,structures/reference/19-TS.xyz
2-P1,allscaip-md-direct-all-omol,ASE,-616.806837741207,,0.02151907,,,,True,structures/reference/2-P1.xyz
2-TS,allscaip-md-direct-all-omol,ASE,-616.781226941072,,0.01909354,,,,True,structures/reference/2-TS.xyz
20-P1,allscaip-md-direct-all-omol,ASE,-780.250684650900,,0.01908662,,,,True,structures/reference/20-P1.xyz
20-P2,allscaip-md-direct-all-omol,ASE,-231.541912702805,,0.01889196,,,,True,structures/reference/20-P2.xyz
20-R1,allscaip-md-direct-all-omol,ASE,-1011.795757408635,,0.01916843,,,,True,structures/reference/20-R1.xyz
20-TS,allscaip-md-direct-all-omol,ASE,-1011.773930655689,,0.01887759,,,,True,structures/reference/20-TS.xyz
21-P1,allscaip-md-direct-all-omol,ASE,-914.580849148493,,0.01899880,,,,True,structures/reference/21-P1.xyz
21-R1,allscaip-md-direct-all-omol,ASE,-914.565248089099,,0.01891209,,,,True,structures/reference/21-R1.xyz
21-TS,allscaip-md-direct-all-omol,ASE,-914.555002338256,,0.01877798,,,,True,structures/reference/21-TS.xyz
22-P1,allscaip-md-direct-all-omol,ASE,-595.214625656683,,0.01885491,,,,True,structures/reference/22-P1.xyz
22-R1,allscaip-md-direct-all-omol,ASE,-595.192184023669,,0.01886400,,,,True,structures/reference/22-R1.xyz
22-TS,allscaip-md-direct-all-omol,ASE,-595.176751743500,,0.02256571,,,,True,structures/reference/22-TS.xyz
23-P1,allscaip-md-direct-all-omol,ASE,-310.933815062182,,0.01940277,,,,True,structures/reference/23-P1.xyz
23-R1,allscaip-md-direct-all-omol,ASE,-310.927763468411,,0.01897616,,,,True,structures/reference/23-R1.xyz
23-TS,allscaip-md-direct-all-omol,ASE,-310.911453655867,,0.01891174,,,,True,structures/reference/23-TS.xyz
24-P1,allscaip-md-direct-all-omol,ASE,-463.393372718925,,0.01892641,,,,True,structures/reference/24-P1.xyz
24-R1,allscaip-md-direct-all-omol,ASE,-463.369300551504,,0.01896530,,,,True,structures/reference/24-R1.xyz
24-TS,allscaip-md-direct-all-omol,ASE,-463.369218370940,,0.01894901,,,,True,structures/reference/24-TS.xyz
25-P1,allscaip-md-direct-all-omol,ASE,-385.440446825988,,0.01898621,,,,True,structures/reference/25-P1.xyz
25-R1,allscaip-md-direct-all-omol,ASE,-384.738317366173,,0.01913423,,,,True,structures/reference/25-R1.xyz
25-R2,allscaip-md-direct-all-omol,ASE,-40.491049227907,,0.01894097,,,,True,structures/reference/25-R2.xyz
25-TS,allscaip-md-direct-all-omol,ASE,-425.237250555077,,0.01896209,,,,True,structures/reference/25-TS.xyz
26-P2,allscaip-md-direct-all-omol,ASE,-115.047691498564,,0.01901134,,,,True,structures/reference/26-P2.xyz
26-R2,allscaip-md-direct-all-omol,ASE,-115.716995913575,,0.01894863,,,,True,structures/reference/26-R2.xyz
26-TS,allscaip-md-direct-all-omol,ASE,-500.469446638381,,0.01895442,,,,True,structures/reference/26-TS.xyz
27-P1,allscaip-md-direct-all-omol,ASE,-75.742417371715,,0.01855926,,,,True,structures/reference/27-P1.xyz
27-P2,allscaip-md-direct-all-omol,ASE,-549.226958409896,,0.01875744,,,,True,structures/reference/27-P2.xyz
27-R1,allscaip-md-direct-all-omol,ASE,-548.547511435966,,0.01897253,,,,True,structures/reference/27-R1.xyz
27-R2,allscaip-md-direct-all-omol,ASE,-76.433590904580,,0.01869895,,,,True,structures/reference/27-R2.xyz
27-TS,allscaip-md-direct-all-omol,ASE,-624.966639673513,,0.01890539,,,,True,structures/reference/27-TS.xyz
28-TS,allscaip-md-direct-all-omol,ASE,-589.025798347380,,0.01831422,,,,True,structures/reference/28-TS.xyz
29-P1,allscaip-md-direct-all-omol,ASE,-157.744797638533,,0.01881310,,,,True,structures/reference/29-P1.xyz
29-R1,allscaip-md-direct-all-omol,ASE,-158.403146442221,,0.01903480,,,,True,structures/reference/29-R1.xyz
29-TS,allscaip-md-direct-all-omol,ASE,-706.946124090519,,0.01894632,,,,True,structures/reference/29-TS.xyz
3-P1,allscaip-md-direct-all-omol,ASE,-834.251397044391,,0.02131640,,,,True,structures/reference/3-P1.xyz
3-R1,allscaip-md-direct-all-omol,ASE,-834.231031930533,,0.01900723,,,,True,structures/reference/3-R1.xyz
3-TS,allscaip-md-direct-all-omol,ASE,-834.211316988957,,0.01887207,,,,True,structures/reference/3-TS.xyz
30-P1,allscaip-md-direct-all-omol,ASE,-117.231308255741,,0.01836621,,,,True,structures/reference/30-P1.xyz
30-R1,allscaip-md-direct-all-omol,ASE,-117.875485593539,,0.01903182,,,,True,structures/reference/30-R1.xyz
30-TS,allscaip-md-direct-all-omol,ASE,-666.415914882090,,0.01901905,,,,True,structures/reference/30-TS.xyz
31-P1,allscaip-md-direct-all-omol,ASE,-754.139527138037,,0.01892284,,,,True,structures/reference/31-P1.xyz
31-R1,allscaip-md-direct-all-omol,ASE,-754.115498476942,,0.01878957,,,,True,structures/reference/31-R1.xyz
31-TS,allscaip-md-direct-all-omol,ASE,-754.107324421929,,0.01889041,,,,True,structures/reference/31-TS.xyz
32-P1,allscaip-md-direct-all-omol,ASE,-562.379370538771,,0.02098856,,,,True,structures/reference/32-P1.xyz
32-R1,allscaip-md-direct-all-omol,ASE,-562.363295321312,,0.01932716,,,,True,structures/reference/32-R1.xyz
32-TS,allscaip-md-direct-all-omol,ASE,-562.350727893973,,0.01895546,,,,True,structures/reference/32-TS.xyz
33-P1,allscaip-md-direct-all-omol,ASE,-679.071725623172,,0.01891739,,,,True,structures/reference/33-P1.xyz
33-R1,allscaip-md-direct-all-omol,ASE,-679.057766843272,,0.01891918,,,,True,structures/reference/33-R1.xyz
33-TS,allscaip-md-direct-all-omol,ASE,-679.044465131128,,0.01881730,,,,True,structures/reference/33-TS.xyz
34-P1,allscaip-md-direct-all-omol,ASE,-1139.895936798670,,0.01886473,,,,True,structures/reference/34-P1.xyz
34-R1,allscaip-md-direct-all-omol,ASE,-1139.881780639095,,0.01874419,,,,True,structures/reference/34-R1.xyz
34-TS,allscaip-md-direct-all-omol,ASE,-1139.868871272445,,0.01882524,,,,True,structures/reference/34-TS.xyz
35-P1,allscaip-md-direct-all-omol,ASE,-3253.718296401797,,0.01883227,,,,True,structures/reference/35-P1.xyz
35-R1,allscaip-md-direct-all-omol,ASE,-3253.702759916288,,0.01921677,,,,True,structures/reference/35-R1.xyz
35-TS,allscaip-md-direct-all-omol,ASE,-3253.689397905978,,0.01880936,,,,True,structures/reference/35-TS.xyz
36-P1,allscaip-md-direct-all-omol,ASE,-1074.910123543995,,0.01894687,,,,True,structures/reference/36-P1.xyz
36-R1,allscaip-md-direct-all-omol,ASE,-1074.883275229600,,0.01894196,,,,True,structures/reference/36-R1.xyz
36-TS,allscaip-md-direct-all-omol,ASE,-1074.874921717013,,0.01892072,,,,True,structures/reference/36-TS.xyz
37-P1,allscaip-md-direct-all-omol,ASE,-751.941883925425,,0.01901023,,,,True,structures/reference/37-P1.xyz
37-R1,allscaip-md-direct-all-omol,ASE,-751.901357679340,,0.01881064,,,,True,structures/reference/37-R1.xyz
37-TS,allscaip-md-direct-all-omol,ASE,-751.909399835403,,0.01900508,,,,True,structures/reference/37-TS.xyz
38-P1,allscaip-md-direct-all-omol,ASE,-348.292055065380,,0.01903500,,,,True,structures/reference/38-P1.xyz
38-P2,allscaip-md-direct-all-omol,ASE,-460.126132814017,,0.00090791,,,,True,structures/reference/38-P2.xyz
38-R1,allscaip-md-direct-all-omol,ASE,-808.438486257781,,0.02240620,,,,True,structures/reference/38-R1.xyz
38-TS,allscaip-md-direct-all-omol,ASE,-808.425440116281,,0.01935713,,,,True,structures/reference/38-TS.xyz
39-P2,allscaip-md-direct-all-omol,ASE,-2573.968461835595,,0.00075836,,,,True,structures/reference/39-P2.xyz
39-R1,allscaip-md-direct-all-omol,ASE,-2922.262362729502,,0.01898702,,,,True,structures/reference/39-R1.xyz
39-TS,allscaip-md-direct-all-omol,ASE,-2922.258664358805,,0.01889445,,,,True,structures/reference/39-TS.xyz
4-P1,allscaip-md-direct-all-omol,ASE,-834.259743337319,,0.01890883,,,,True,structures/reference/4-P1.xyz
4-TS,allscaip-md-direct-all-omol,ASE,-834.206331026381,,0.01889421,,,,True,structures/reference/4-TS.xyz
40-P1,allscaip-md-direct-all-omol,ASE,-462.818675017404,,0.01893790,,,,True,structures/reference/40-P1.xyz
40-R1,allscaip-md-direct-all-omol,ASE,-922.969918831584,,0.01887741,,,,True,structures/reference/40-R1.xyz
40-TS,allscaip-md-direct-all-omol,ASE,-922.957128002259,,0.01892796,,,,True,structures/reference/40-TS.xyz
41-P1,allscaip-md-direct-all-omol,ASE,-822.707149955025,,0.01886926,,,,True,structures/reference/41-P1.xyz
41-R1,allscaip-md-direct-all-omol,ASE,-1282.860587070605,,0.01895905,,,,True,structures/reference/41-R1.xyz
41-TS,allscaip-md-direct-all-omol,ASE,-1282.848874226503,,0.01894589,,,,True,structures/reference/41-TS.xyz
42-P1,allscaip-md-direct-all-omol,ASE,-509.384811529751,,0.01908201,,,,True,structures/reference/42-P1.xyz
42-R1,allscaip-md-direct-all-omol,ASE,-430.784224932468,,0.01888456,,,,True,structures/reference/42-R1.xyz
42-TS,allscaip-md-direct-all-omol,ASE,-509.336382403923,,0.01895968,,,,True,structures/reference/42-TS.xyz
43-P1,allscaip-md-direct-all-omol,ASE,-304.716949034129,,0.01904561,,,,True,structures/reference/43-P1.xyz
43-R1,allscaip-md-direct-all-omol,ASE,-304.685272380522,,0.01890375,,,,True,structures/reference/43-R1.xyz
43-TS,allscaip-md-direct-all-omol,ASE,-304.670757038569,,0.01880616,,,,True,structures/reference/43-TS.xyz
44-P1,allscaip-md-direct-all-omol,ASE,-109.552622436217,,0.01847647,,,,True,structures/reference/44-P1.xyz
44-P2,allscaip-md-direct-all-omol,ASE,-195.189188752780,,0.02084625,,,,True,structures/reference/44-P2.xyz
44-TS,allscaip-md-direct-all-omol,ASE,-304.711544103570,,0.02131254,,,,True,structures/reference/44-TS.xyz
45-P1,allscaip-md-direct-all-omol,ASE,-422.624674199957,,0.01824135,,,,True,structures/reference/45-P1.xyz
45-R1,allscaip-md-direct-all-omol,ASE,-422.606276263357,,0.01825877,,,,True,structures/reference/45-R1.xyz
45-TS,allscaip-md-direct-all-omol,ASE,-422.584925337583,,0.01829981,,,,True,structures/reference/45-TS.xyz
46-P1,allscaip-md-direct-all-omol,ASE,-313.117636472357,,0.01886666,,,,True,structures/reference/46-P1.xyz
46-TS,allscaip-md-direct-all-omol,ASE,-422.621413218761,,0.01825523,,,,True,structures/reference/46-TS.xyz
47-P1,allscaip-md-direct-all-omol,ASE,-309.519864235292,,0.01845325,,,,True,structures/reference/47-P1.xyz
47-R1,allscaip-md-direct-all-omol,ASE,-419.071417417342,,0.01891932,,,,True,structures/reference/47-R1.xyz
47-TS,allscaip-md-direct-all-omol,ASE,-419.048572718868,,0.01897118,,,,True,structures/reference/47-TS.xyz
48-P1,allscaip-md-direct-all-omol,ASE,-951.528709123230,,0.01911614,,,,True,structures/reference/48-P1.xyz
48-R1,allscaip-md-direct-all-omol,ASE,-1061.039987424215,,0.01932474,,,,True,structures/reference/48-R1.xyz
48-TS,allscaip-md-direct-all-omol,ASE,-1061.033457532465,,0.01884135,,,,True,structures/reference/48-TS.xyz
49-P1,allscaip-md-direct-all-omol,ASE,-477.264409334609,,0.01899848,,,,True,structures/reference/49-P1.xyz
49-R1,allscaip-md-direct-all-omol,ASE,-586.733926284721,,0.01882781,,,,True,structures/reference/49-R1.xyz
49-TS,allscaip-md-direct-all-omol,ASE,-586.724280243027,,0.01878143,,,,True,structures/reference/49-TS.xyz
5-P1,allscaip-md-direct-all-omol,ASE,-440.102701322602,,0.01889438,,,,True,structures/reference/5-P1.xyz
5-R1,allscaip-md-direct-all-omol,ASE,-170.830897143012,,0.01891337,,,,True,structures/reference/5-R1.xyz
5-R2,allscaip-md-direct-all-omol,ASE,-269.227469239594,,0.01890583,,,,True,structures/reference/5-R2.xyz
5-TS,allscaip-md-direct-all-omol,ASE,-440.069983110628,,0.01891615,,,,True,structures/reference/5-TS.xyz
50-R1,allscaip-md-direct-all-omol,ASE,-645.018071057379,,0.01893364,,,,True,structures/reference/50-R1.xyz
50-R2,allscaip-md-direct-all-omol,ASE,-415.971902342026,,0.01913867,,,,True,structures/reference/50-R2.xyz
50-TS,allscaip-md-direct-all-omol,ASE,-1060.992848593256,,0.02064447,,,,True,structures/reference/50-TS.xyz
6-P1,allscaip-md-direct-all-omol,ASE,-440.130515380190,,0.01972453,,,,True,structures/reference/6-P1.xyz
6-TS,allscaip-md-direct-all-omol,ASE,-440.061577789984,,0.01905094,,,,True,structures/reference/6-TS.xyz
7-P1,allscaip-md-direct-all-omol,ASE,-616.019474785728,,0.01879387,,,,True,structures/reference/7-P1.xyz
7-R1,allscaip-md-direct-all-omol,ASE,-615.993919907279,,0.01883787,,,,True,structures/reference/7-R1.xyz
7-TS,allscaip-md-direct-all-omol,ASE,-615.981608742761,,0.01883994,,,,True,structures/reference/7-TS.xyz
8-P1,allscaip-md-direct-all-omol,ASE,-1115.590217032210,,0.01884315,,,,True,structures/reference/8-P1.xyz
8-R1,allscaip-md-direct-all-omol,ASE,-157.181767946977,,0.01894826,,,,True,structures/reference/8-R1.xyz
8-R2,allscaip-md-direct-all-omol,ASE,-958.352180731377,,0.01876113,,,,True,structures/reference/8-R2.xyz
8-TS,allscaip-md-direct-all-omol,ASE,-1115.533176794813,,0.01886829,,,,True,structures/reference/8-TS.xyz
9-P1,allscaip-md-direct-all-omol,ASE,-614.845862164970,,0.01876009,,,,True,structures/reference/9-P1.xyz
9-R1,allscaip-md-direct-all-omol,ASE,-614.832289868972,,0.01878346,,,,True,structures/reference/9-R1.xyz
9-TS,allscaip-md-direct-all-omol,ASE,-614.813485471745,,0.01886926,,,,True,structures/reference/9-TS.xyz
1-P1,esen-md-direct-all-omol,ASE,-616.784208103846,,0.02621213,,,,True,structures/reference/1-P1.xyz
1-R1,esen-md-direct-all-omol,ASE,-616.784485870677,,0.02623922,,,,True,structures/reference/1-R1.xyz
1-TS,esen-md-direct-all-omol,ASE,-616.768292884980,,0.02606100,,,,True,structures/reference/1-TS.xyz
10-P1,esen-md-direct-all-omol,ASE,-153.182487004773,,0.02912365,,,,True,structures/reference/10-P1.xyz
10-P2,esen-md-direct-all-omol,ASE,-39.818587404547,,0.02597116,,,,True,structures/reference/10-P2.xyz
10-R1,esen-md-direct-all-omol,ASE,-193.017529590862,,0.02572965,,,,True,structures/reference/10-R1.xyz
10-TS,esen-md-direct-all-omol,ASE,-192.988101487934,,0.02518043,,,,True,structures/reference/10-TS.xyz
11-P1,esen-md-direct-all-omol,ASE,-344.924844500813,,0.02541448,,,,True,structures/reference/11-P1.xyz
11-P2,esen-md-direct-all-omol,ASE,-203.450248493160,,0.02516985,,,,True,structures/reference/11-P2.xyz
11-R1,esen-md-direct-all-omol,ASE,-548.381076033962,,0.02645364,,,,True,structures/reference/11-R1.xyz
11-TS,esen-md-direct-all-omol,ASE,-548.363468901155,,0.02741790,,,,True,structures/reference/11-TS.xyz
12-P1,esen-md-direct-all-omol,ASE,-803.593853915821,,0.02620951,,,,True,structures/reference/12-P1.xyz
12-R1,esen-md-direct-all-omol,ASE,-646.347830775915,,0.02590314,,,,True,structures/reference/12-R1.xyz
12-R2,esen-md-direct-all-omol,ASE,-157.185305903739,,0.02577053,,,,True,structures/reference/12-R2.xyz
12-TS,esen-md-direct-all-omol,ASE,-803.536048008899,,0.02574529,,,,True,structures/reference/12-TS.xyz
13-P1,esen-md-direct-all-omol,ASE,-456.137869068944,,0.02591403,,,,True,structures/reference/13-P1.xyz
13-R2,esen-md-direct-all-omol,ASE,-263.087394782160,,0.02578771,,,,True,structures/reference/13-R2.xyz
13-TS,esen-md-direct-all-omol,ASE,-456.086076038720,,0.02587403,,,,True,structures/reference/13-TS.xyz
14-P1,esen-md-direct-all-omol,ASE,-388.337191242502,,0.02830121,,,,True,structures/reference/14-P1.xyz
14-R1,esen-md-direct-all-omol,ASE,-193.009139495370,,0.02524140,,,,True,structures/reference/14-R1.xyz
14-R2,esen-md-direct-all-omol,ASE,-195.254068784261,,0.02563386,,,,True,structures/reference/14-R2.xyz
14-TS,esen-md-direct-all-omol,ASE,-388.286596358186,,0.02565601,,,,True,structures/reference/14-TS.xyz
15-P1,esen-md-direct-all-omol,ASE,-384.980794709408,,0.02564110,,,,True,structures/reference/15-P1.xyz
15-R1,esen-md-direct-all-omol,ASE,-306.394685706901,,0.02546576,,,,True,structures/reference/15-R1.xyz
15-R2,esen-md-direct-all-omol,ASE,-78.566532940254,,0.02519268,,,,True,structures/reference/15-R2.xyz
15-TS,esen-md-direct-all-omol,ASE,-384.926823701476,,0.02589422,,,,True,structures/reference/15-TS.xyz
16-P1,esen-md-direct-all-omol,ASE,-460.209578538301,,0.02878478,,,,True,structures/reference/16-P1.xyz
16-R1,esen-md-direct-all-omol,ASE,-381.630139732088,,0.02582287,,,,True,structures/reference/16-R1.xyz
16-TS,esen-md-direct-all-omol,ASE,-460.163971979268,,0.02552722,,,,True,structures/reference/16-TS.xyz
17-P1,esen-md-direct-all-omol,ASE,-647.650877697671,,0.02577946,,,,True,structures/reference/17-P1.xyz
17-R2,esen-md-direct-all-omol,ASE,-341.224723427936,,0.02546255,,,,True,structures/reference/17-R2.xyz
17-TS,esen-md-direct-all-omol,ASE,-647.610703617463,,0.02581583,,,,True,structures/reference/17-TS.xyz
18-P1,esen-md-direct-all-omol,ASE,-555.289289605127,,0.02536113,,,,True,structures/reference/18-P1.xyz
18-R1,esen-md-direct-all-omol,ASE,-398.091518469025,,0.00122203,,,,True,structures/reference/18-R1.xyz
18-TS,esen-md-direct-all-omol,ASE,-555.276160419739,,0.02585076,,,,True,structures/reference/18-TS.xyz
19-P1,esen-md-direct-all-omol,ASE,-554.061254151859,,0.02562895,,,,True,structures/reference/19-P1.xyz
19-R2,esen-md-direct-all-omol,ASE,-155.962852725312,,0.02546084,,,,True,structures/reference/19-R2.xyz
19-TS,esen-md-direct-all-omol,ASE,-554.052527489076,,0.02563640,,,,True,structures/reference/19-TS.xyz
2-P1,esen-md-direct-all-omol,ASE,-616.807125613914,,0.02589602,,,,True,structures/reference/2-P1.xyz
2-TS,esen-md-direct-all-omol,ASE,-616.779701600648,,0.02590663,,,,True,structures/reference/2-TS.xyz
20-P1,esen-md-direct-all-omol,ASE,-780.249985210790,,0.02582126,,,,True,structures/reference/20-P1.xyz
20-P2,esen-md-direct-all-omol,ASE,-231.542432505795,,0.02563999,,,,True,structures/reference/20-P2.xyz
20-R1,esen-md-direct-all-omol,ASE,-1011.793541847207,,0.02588120,,,,True,structures/reference/20-R1.xyz
20-TS,esen-md-direct-all-omol,ASE,-1011.776214428015,,0.02593968,,,,True,structures/reference/20-TS.xyz
21-P1,esen-md-direct-all-omol,ASE,-914.581145576676,,0.02596936,,,,True,structures/reference/21-P1.xyz
21-R1,esen-md-direct-all-omol,ASE,-914.567780995496,,0.03026437,,,,True,structures/reference/21-R1.xyz
21-TS,esen-md-direct-all-omol,ASE,-914.555227651206,,0.02629076,,,,True,structures/reference/21-TS.xyz
22-P1,esen-md-direct-all-omol,ASE,-595.213601816477,,0.02584549,,,,True,structures/reference/22-P1.xyz
22-R1,esen-md-direct-all-omol,ASE,-595.192174484133,,0.02586287,,,,True,structures/reference/22-R1.xyz
22-TS,esen-md-direct-all-omol,ASE,-595.175590447878,,0.02562519,,,,True,structures/reference/22-TS.xyz
23-P1,esen-md-direct-all-omol,ASE,-310.932659625087,,0.02584362,,,,True,structures/reference/23-P1.xyz
23-R1,esen-md-direct-all-omol,ASE,-310.928350956736,,0.02596152,,,,True,structures/reference/23-R1.xyz
23-TS,esen-md-direct-all-omol,ASE,-310.914624116336,,0.02582071,,,,True,structures/reference/23-TS.xyz
24-P1,esen-md-direct-all-omol,ASE,-463.392714549031,,0.02609308,,,,True,structures/reference/24-P1.xyz
24-R1,esen-md-direct-all-omol,ASE,-463.379430869891,,0.02580353,,,,True,structures/reference/24-R1.xyz
24-TS,esen-md-direct-all-omol,ASE,-463.370438932755,,0.02625495,,,,True,structures/reference/24-TS.xyz
25-P1,esen-md-direct-all-omol,ASE,-385.440817188248,,0.02562864,,,,True,structures/reference/25-P1.xyz
25-R1,esen-md-direct-all-omol,ASE,-384.772276472344,,0.02588833,,,,True,structures/reference/25-R1.xyz
25-R2,esen-md-direct-all-omol,ASE,-40.491100950169,,0.02570252,,,,True,structures/reference/25-R2.xyz
25-TS,esen-md-direct-all-omol,ASE,-425.240123067008,,0.02605566,,,,True,structures/reference/25-TS.xyz
26-P2,esen-md-direct-all-omol,ASE,-115.047668330880,,0.02534602,,,,True,structures/reference/26-P2.xyz
26-R2,esen-md-direct-all-omol,ASE,-115.716991858700,,0.02555643,,,,True,structures/reference/26-R2.xyz
26-TS,esen-md-direct-all-omol,ASE,-500.473064821977,,0.03183818,,,,True,structures/reference/26-TS.xyz
27-P1,esen-md-direct-all-omol,ASE,-75.742450795952,,0.02730373,,,,True,structures/reference/27-P1.xyz
27-P2,esen-md-direct-all-omol,ASE,-549.227672201601,,0.02618239,,,,True,structures/reference/27-P2.xyz
27-R1,esen-md-direct-all-omol,ASE,-548.544017172143,,0.02581814,,,,True,structures/reference/27-R1.xyz
27-R2,esen-md-direct-all-omol,ASE,-76.433588697951,,0.02514381,,,,True,structures/reference/27-R2.xyz
27-TS,esen-md-direct-all-omol,ASE,-624.967315063954,,0.02555965,,,,True,structures/reference/27-TS.xyz
28-TS,esen-md-direct-all-omol,ASE,-589.028149188546,,0.02533000,,,,True,structures/reference/28-TS.xyz
29-P1,esen-md-direct-all-omol,ASE,-157.744814001241,,0.02556399,,,,True,structures/reference/29-P1.xyz
29-R1,esen-md-direct-all-omol,ASE,-158.403110627692,,0.02579881,,,,True,structures/reference/29-R1.xyz
29-TS,esen-md-direct-all-omol,ASE,-706.945155676482,,0.02597199,,,,True,structures/reference/29-TS.xyz
3-P1,esen-md-direct-all-omol,ASE,-834.251712955431,,0.02600433,,,,True,structures/reference/3-P1.xyz
3-R1,esen-md-direct-all-omol,ASE,-834.232322997568,,0.02601191,,,,True,structures/reference/3-R1.xyz
3-TS,esen-md-direct-all-omol,ASE,-834.210197372340,,0.02623255,,,,True,structures/reference/3-TS.xyz
30-P1,esen-md-direct-all-omol,ASE,-117.231674305469,,0.02555687,,,,True,structures/reference/30-P1.xyz
30-R1,esen-md-direct-all-omol,ASE,-117.875456423144,,0.02587376,,,,True,structures/reference/30-R1.xyz
30-TS,esen-md-direct-all-omol,ASE,-666.416928457887,,0.02575773,,,,True,structures/reference/30-TS.xyz
31-P1,esen-md-direct-all-omol,ASE,-754.138002403428,,0.02609013,,,,True,structures/reference/31-P1.xyz
31-R1,esen-md-direct-all-omol,ASE,-754.117299400675,,0.02618863,,,,True,structures/reference/31-R1.xyz
31-TS,esen-md-direct-all-omol,ASE,-754.107063814163,,0.02852239,,,,True,structures/reference/31-TS.xyz
32-P1,esen-md-direct-all-omol,ASE,-562.379336235909,,0.02650363,,,,True,structures/reference/32-P1.xyz
32-R1,esen-md-direct-all-omol,ASE,-562.362924256021,,0.02564443,,,,True,structures/reference/32-R1.xyz
32-TS,esen-md-direct-all-omol,ASE,-562.349605240622,,0.02579726,,,,True,structures/reference/32-TS.xyz
33-P1,esen-md-direct-all-omol,ASE,-679.071473137519,,0.02579852,,,,True,structures/reference/33-P1.xyz
33-R1,esen-md-direct-all-omol,ASE,-679.056929115762,,0.02600442,,,,True,structures/reference/33-R1.xyz
33-TS,esen-md-direct-all-omol,ASE,-679.042678440801,,0.02600131,,,,True,structures/reference/33-TS.xyz
34-P1,esen-md-direct-all-omol,ASE,-1139.895910003280,,0.02577177,,,,True,structures/reference/34-P1.xyz
34-R1,esen-md-direct-all-omol,ASE,-1139.881887568778,,0.02615035,,,,True,structures/reference/34-R1.xyz
34-TS,esen-md-direct-all-omol,ASE,-1139.866952236273,,0.02593502,,,,True,structures/reference/34-TS.xyz
35-P1,esen-md-direct-all-omol,ASE,-3253.717851176382,,0.02574707,,,,True,structures/reference/35-P1.xyz
35-R1,esen-md-direct-all-omol,ASE,-3253.702125649017,,0.02579124,,,,True,structures/reference/35-R1.xyz
35-TS,esen-md-direct-all-omol,ASE,-3253.688843393632,,0.02619120,,,,True,structures/reference/35-TS.xyz
36-P1,esen-md-direct-all-omol,ASE,-1074.907815331641,,0.02613830,,,,True,structures/reference/36-P1.xyz
36-R1,esen-md-direct-all-omol,ASE,-1074.884620213269,,0.02614971,,,,True,structures/reference/36-R1.xyz
36-TS,esen-md-direct-all-omol,ASE,-1074.874237736837,,0.02647445,,,,True,structures/reference/36-TS.xyz
37-P1,esen-md-direct-all-omol,ASE,-751.941397954069,,0.02604057,,,,True,structures/reference/37-P1.xyz
37-R1,esen-md-direct-all-omol,ASE,-751.922157210119,,0.02813704,,,,True,structures/reference/37-R1.xyz
37-TS,esen-md-direct-all-omol,ASE,-751.909016846054,,0.02629177,,,,True,structures/reference/37-TS.xyz
38-P1,esen-md-direct-all-omol,ASE,-348.292154032009,,0.02640937,,,,True,structures/reference/38-P1.xyz
38-P2,esen-md-direct-all-omol,ASE,-460.126132814017,,0.00110629,,,,True,structures/reference/38-P2.xyz
38-R1,esen-md-direct-all-omol,ASE,-808.438417618424,,0.02599192,,,,True,structures/reference/38-R1.xyz
38-TS,esen-md-direct-all-omol,ASE,-808.425113869272,,0.02612796,,,,True,structures/reference/38-TS.xyz
39-P2,esen-md-direct-all-omol,ASE,-2573.968461835595,,0.00092496,,,,True,structures/reference/39-P2.xyz
39-R1,esen-md-direct-all-omol,ASE,-2922.262392086432,,0.02601854,,,,True,structures/reference/39-R1.xyz
39-TS,esen-md-direct-all-omol,ASE,-2922.257739685154,,0.02599312,,,,True,structures/reference/39-TS.xyz
4-P1,esen-md-direct-all-omol,ASE,-834.258355140073,,0.02630766,,,,True,structures/reference/4-P1.xyz
4-TS,esen-md-direct-all-omol,ASE,-834.207268505061,,0.02600282,,,,True,structures/reference/4-TS.xyz
40-P1,esen-md-direct-all-omol,ASE,-462.818640366512,,0.02652434,,,,True,structures/reference/40-P1.xyz
40-R1,esen-md-direct-all-omol,ASE,-922.970523872661,,0.02597679,,,,True,structures/reference/40-R1.xyz
40-TS,esen-md-direct-all-omol,ASE,-922.957481792989,,0.02631739,,,,True,structures/reference/40-TS.xyz
41-P1,esen-md-direct-all-omol,ASE,-822.707150848289,,0.02657658,,,,True,structures/reference/41-P1.xyz
41-R1,esen-md-direct-all-omol,ASE,-1282.859446508553,,0.02653051,,,,True,structures/reference/41-R1.xyz
41-TS,esen-md-direct-all-omol,ASE,-1282.850222103310,,0.02625940,,,,True,structures/reference/41-TS.xyz
42-P1,esen-md-direct-all-omol,ASE,-509.384345915902,,0.02682172,,,,True,structures/reference/42-P1.xyz
42-R1,esen-md-direct-all-omol,ASE,-430.784640682700,,0.02642310,,,,True,structures/reference/42-R1.xyz
42-TS,esen-md-direct-all-omol,ASE,-509.336573782342,,0.02619799,,,,True,structures/reference/42-TS.xyz
43-P1,esen-md-direct-all-omol,ASE,-304.718430481219,,0.02637754,,,,True,structures/reference/43-P1.xyz
43-R1,esen-md-direct-all-omol,ASE,-304.686585971031,,0.02598274,,,,True,structures/reference/43-R1.xyz
43-TS,esen-md-direct-all-omol,ASE,-304.670708744878,,0.02638437,,,,True,structures/reference/43-TS.xyz
44-P1,esen-md-direct-all-omol,ASE,-109.552598267821,,0.02577186,,,,True,structures/reference/44-P1.xyz
44-P2,esen-md-direct-all-omol,ASE,-195.189422438741,,0.02610283,,,,True,structures/reference/44-P2.xyz
44-TS,esen-md-direct-all-omol,ASE,-304.715079946056,,0.02613845,,,,True,structures/reference/44-TS.xyz
45-P1,esen-md-direct-all-omol,ASE,-422.625636209893,,0.02663743,,,,True,structures/reference/45-P1.xyz
45-R1,esen-md-direct-all-omol,ASE,-422.608982525294,,0.02642843,,,,True,structures/reference/45-R1.xyz
45-TS,esen-md-direct-all-omol,ASE,-422.589655357969,,0.02601739,,,,True,structures/reference/45-TS.xyz
46-P1,esen-md-direct-all-omol,ASE,-313.118077647509,,0.02636139,,,,True,structures/reference/46-P1.xyz
46-TS,esen-md-direct-all-omol,ASE,-422.623871912356,,0.02652524,,,,True,structures/reference/46-TS.xyz
47-P1,esen-md-direct-all-omol,ASE,-309.519859696747,,0.02638749,,,,True,structures/reference/47-P1.xyz
47-R1,esen-md-direct-all-omol,ASE,-419.069972405694,,0.02636940,,,,True,structures/reference/47-R1.xyz
47-TS,esen-md-direct-all-omol,ASE,-419.050104660228,,0.03229043,,,,True,structures/reference/47-TS.xyz
48-P1,esen-md-direct-all-omol,ASE,-951.528718792493,,0.02668815,,,,True,structures/reference/48-P1.xyz
48-R1,esen-md-direct-all-omol,ASE,-1061.039453260529,,0.04258956,,,,True,structures/reference/48-R1.xyz
48-TS,esen-md-direct-all-omol,ASE,-1061.036139078979,,0.02754425,,,,True,structures/reference/48-TS.xyz
49-P1,esen-md-direct-all-omol,ASE,-477.263239345425,,0.02641032,,,,True,structures/reference/49-P1.xyz
49-R1,esen-md-direct-all-omol,ASE,-586.734161848763,,0.02669117,,,,True,structures/reference/49-R1.xyz
49-TS,esen-md-direct-all-omol,ASE,-586.724222977528,,0.02650943,,,,True,structures/reference/49-TS.xyz
5-P1,esen-md-direct-all-omol,ASE,-440.101124870423,,0.02608261,,,,True,structures/reference/5-P1.xyz
5-R1,esen-md-direct-all-omol,ASE,-170.830878412758,,0.02627495,,,,True,structures/reference/5-R1.xyz
5-R2,esen-md-direct-all-omol,ASE,-269.227581923851,,0.02708406,,,,True,structures/reference/5-R2.xyz
5-TS,esen-md-direct-all-omol,ASE,-440.068101744089,,0.02609878,,,,True,structures/reference/5-TS.xyz
50-R1,esen-md-direct-all-omol,ASE,-645.020688356173,,0.02626721,,,,True,structures/reference/50-R1.xyz
50-R2,esen-md-direct-all-omol,ASE,-415.971835962561,,0.02583184,,,,True,structures/reference/50-R2.xyz
50-TS,esen-md-direct-all-omol,ASE,-1060.991175985620,,0.02678995,,,,True,structures/reference/50-TS.xyz
6-P1,esen-md-direct-all-omol,ASE,-440.130724084930,,0.02572920,,,,True,structures/reference/6-P1.xyz
6-TS,esen-md-direct-all-omol,ASE,-440.062916480172,,0.02637219,,,,True,structures/reference/6-TS.xyz
7-P1,esen-md-direct-all-omol,ASE,-616.019308889493,,0.02571641,,,,True,structures/reference/7-P1.xyz
7-R1,esen-md-direct-all-omol,ASE,-615.994248352034,,0.02564168,,,,True,structures/reference/7-R1.xyz
7-TS,esen-md-direct-all-omol,ASE,-615.981984112907,,0.02526710,,,,True,structures/reference/7-TS.xyz
8-P1,esen-md-direct-all-omol,ASE,-1115.590114031368,,0.02476304,,,,True,structures/reference/8-P1.xyz
8-R1,esen-md-direct-all-omol,ASE,-157.181774211613,,0.02505553,,,,True,structures/reference/8-R1.xyz
8-R2,esen-md-direct-all-omol,ASE,-958.350118156249,,0.02549889,,,,True,structures/reference/8-R2.xyz
8-TS,esen-md-direct-all-omol,ASE,-1115.534991425435,,0.02637238,,,,True,structures/reference/8-TS.xyz
9-P1,esen-md-direct-all-omol,ASE,-614.846293095453,,0.02624952,,,,True,structures/reference/9-P1.xyz
9-R1,esen-md-direct-all-omol,ASE,-614.831606498416,,0.02537786,,,,True,structures/reference/9-R1.xyz
9-TS,esen-md-direct-all-omol,ASE,-614.812965639757,,0.02527425,,,,True,structures/reference/9-TS.xyz
1-P1,esen-sm-conserving-all-omol,ASE,-616.782605207496,,0.04336151,,,,True,structures/reference/1-P1.xyz
1-R1,esen-sm-conserving-all-omol,ASE,-616.778886334477,,0.03629195,,,,True,structures/reference/1-R1.xyz
1-TS,esen-sm-conserving-all-omol,ASE,-616.764260450291,,0.03751369,,,,True,structures/reference/1-TS.xyz
10-P1,esen-sm-conserving-all-omol,ASE,-153.182428152599,,0.03940273,,,,True,structures/reference/10-P1.xyz
10-P2,esen-sm-conserving-all-omol,ASE,-39.818834156973,,0.03670235,,,,True,structures/reference/10-P2.xyz
10-R1,esen-sm-conserving-all-omol,ASE,-193.016223275326,,0.03684014,,,,True,structures/reference/10-R1.xyz
10-TS,esen-sm-conserving-all-omol,ASE,-192.982925136524,,0.03513743,,,,True,structures/reference/10-TS.xyz
11-P1,esen-sm-conserving-all-omol,ASE,-344.924346921787,,0.03559852,,,,True,structures/reference/11-P1.xyz
11-P2,esen-sm-conserving-all-omol,ASE,-203.451341673919,,0.03516227,,,,True,structures/reference/11-P2.xyz
11-R1,esen-sm-conserving-all-omol,ASE,-548.381908088264,,0.03577719,,,,True,structures/reference/11-R1.xyz
11-TS,esen-sm-conserving-all-omol,ASE,-548.360668079467,,0.03552677,,,,True,structures/reference/11-TS.xyz
12-P1,esen-sm-conserving-all-omol,ASE,-803.592894918016,,0.03597388,,,,True,structures/reference/12-P1.xyz
12-R1,esen-sm-conserving-all-omol,ASE,-646.345856342994,,0.03681040,,,,True,structures/reference/12-R1.xyz
12-R2,esen-sm-conserving-all-omol,ASE,-157.185303740973,,0.03634602,,,,True,structures/reference/12-R2.xyz
12-TS,esen-sm-conserving-all-omol,ASE,-803.532617660537,,0.03706611,,,,True,structures/reference/12-TS.xyz
13-P1,esen-sm-conserving-all-omol,ASE,-456.137216487022,,0.03538817,,,,True,structures/reference/13-P1.xyz
13-R2,esen-sm-conserving-all-omol,ASE,-263.087421060951,,0.03584723,,,,True,structures/reference/13-R2.xyz
13-TS,esen-sm-conserving-all-omol,ASE,-456.089389094778,,0.03527955,,,,True,structures/reference/13-TS.xyz
14-P1,esen-sm-conserving-all-omol,ASE,-388.335693286718,,0.03928915,,,,True,structures/reference/14-P1.xyz
14-R1,esen-sm-conserving-all-omol,ASE,-193.009884024135,,0.03672338,,,,True,structures/reference/14-R1.xyz
14-R2,esen-sm-conserving-all-omol,ASE,-195.254073134522,,0.03481041,,,,True,structures/reference/14-R2.xyz
14-TS,esen-sm-conserving-all-omol,ASE,-388.282127251615,,0.03594313,,,,True,structures/reference/14-TS.xyz
15-P1,esen-sm-conserving-all-omol,ASE,-384.981522826637,,0.03672516,,,,True,structures/reference/15-P1.xyz
15-R1,esen-sm-conserving-all-omol,ASE,-306.393266594505,,0.03522473,,,,True,structures/reference/15-R1.xyz
15-R2,esen-sm-conserving-all-omol,ASE,-78.566546783137,,0.03491650,,,,True,structures/reference/15-R2.xyz
15-TS,esen-sm-conserving-all-omol,ASE,-384.923026687748,,0.03601184,,,,True,structures/reference/15-TS.xyz
16-P1,esen-sm-conserving-all-omol,ASE,-460.209503029440,,0.03689354,,,,True,structures/reference/16-P1.xyz
16-R1,esen-sm-conserving-all-omol,ASE,-381.627537048466,,0.03598318,,,,True,structures/reference/16-R1.xyz
16-TS,esen-sm-conserving-all-omol,ASE,-460.161551763566,,0.03591908,,,,True,structures/reference/16-TS.xyz
17-P1,esen-sm-conserving-all-omol,ASE,-647.649706756893,,0.03685383,,,,True,structures/reference/17-P1.xyz
17-R2,esen-sm-conserving-all-omol,ASE,-341.224739274175,,0.03527588,,,,True,structures/reference/17-R2.xyz
17-TS,esen-sm-conserving-all-omol,ASE,-647.614321379577,,0.03585364,,,,True,structures/reference/17-TS.xyz
18-P1,esen-sm-conserving-all-omol,ASE,-555.288532450304,,0.03454284,,,,True,structures/reference/18-P1.xyz
18-R1,esen-sm-conserving-all-omol,ASE,-398.091518469025,,0.00112565,,,,True,structures/reference/18-R1.xyz
18-TS,esen-sm-conserving-all-omol,ASE,-555.275931254216,,0.03605193,,,,True,structures/reference/18-TS.xyz
19-P1,esen-sm-conserving-all-omol,ASE,-554.059199955171,,0.03735797,,,,True,structures/reference/19-P1.xyz
19-R2,esen-sm-conserving-all-omol,ASE,-155.962833865085,,0.03614511,,,,True,structures/reference/19-R2.xyz
19-TS,esen-sm-conserving-all-omol,ASE,-554.050984951108,,0.03541925,,,,True,structures/reference/19-TS.xyz
2-P1,esen-sm-conserving-all-omol,ASE,-616.806688510241,,0.03562758,,,,True,structures/reference/2-P1.xyz
2-TS,esen-sm-conserving-all-omol,ASE,-616.776729522835,,0.03482735,,,,True,structures/reference/2-TS.xyz
20-P1,esen-sm-conserving-all-omol,ASE,-780.251844664411,,0.03579359,,,,True,structures/reference/20-P1.xyz
20-P2,esen-sm-conserving-all-omol,ASE,-231.543335005641,,0.03626485,,,,True,structures/reference/20-P2.xyz
20-R1,esen-sm-conserving-all-omol,ASE,-1011.790249119387,,0.03715284,,,,True,structures/reference/20-R1.xyz
20-TS,esen-sm-conserving-all-omol,ASE,-1011.774286361805,,0.03664404,,,,True,structures/reference/20-TS.xyz
21-P1,esen-sm-conserving-all-omol,ASE,-914.579613254394,,0.03593890,,,,True,structures/reference/21-P1.xyz
21-R1,esen-sm-conserving-all-omol,ASE,-914.565328321320,,0.03613062,,,,True,structures/reference/21-R1.xyz
21-TS,esen-sm-conserving-all-omol,ASE,-914.553300563343,,0.03658876,,,,True,structures/reference/21-TS.xyz
22-P1,esen-sm-conserving-all-omol,ASE,-595.212673233509,,0.03508613,,,,True,structures/reference/22-P1.xyz
22-R1,esen-sm-conserving-all-omol,ASE,-595.189805602784,,0.03489997,,,,True,structures/reference/22-R1.xyz
22-TS,esen-sm-conserving-all-omol,ASE,-595.176091294212,,0.03558742,,,,True,structures/reference/22-TS.xyz
23-P1,esen-sm-conserving-all-omol,ASE,-310.932640977457,,0.03613099,,,,True,structures/reference/23-P1.xyz
23-R1,esen-sm-conserving-all-omol,ASE,-310.927908908997,,0.03808451,,,,True,structures/reference/23-R1.xyz
23-TS,esen-sm-conserving-all-omol,ASE,-310.911488366629,,0.03747813,,,,True,structures/reference/23-TS.xyz
24-P1,esen-sm-conserving-all-omol,ASE,-463.392772493854,,0.03588046,,,,True,structures/reference/24-P1.xyz
24-R1,esen-sm-conserving-all-omol,ASE,-463.376625918241,,0.03508060,,,,True,structures/reference/24-R1.xyz
24-TS,esen-sm-conserving-all-omol,ASE,-463.367659894635,,0.03628039,,,,True,structures/reference/24-TS.xyz
25-P1,esen-sm-conserving-all-omol,ASE,-385.441186562175,,0.03462512,,,,True,structures/reference/25-P1.xyz
25-R1,esen-sm-conserving-all-omol,ASE,-384.784078834896,,0.03582011,,,,True,structures/reference/25-R1.xyz
25-R2,esen-sm-conserving-all-omol,ASE,-40.491089637841,,0.03637607,,,,True,structures/reference/25-R2.xyz
25-TS,esen-sm-conserving-all-omol,ASE,-425.236255259720,,0.03675108,,,,True,structures/reference/25-TS.xyz
26-P2,esen-sm-conserving-all-omol,ASE,-115.047595777963,,0.03445158,,,,True,structures/reference/26-P2.xyz
26-R2,esen-sm-conserving-all-omol,ASE,-115.717004691442,,0.03638810,,,,True,structures/reference/26-R2.xyz
26-TS,esen-sm-conserving-all-omol,ASE,-500.472498497739,,0.03665195,,,,True,structures/reference/26-TS.xyz
27-P1,esen-sm-conserving-all-omol,ASE,-75.742428461512,,0.03560778,,,,True,structures/reference/27-P1.xyz
27-P2,esen-sm-conserving-all-omol,ASE,-549.229016753014,,0.03488347,,,,True,structures/reference/27-P2.xyz
27-R1,esen-sm-conserving-all-omol,ASE,-548.542351843500,,0.03652173,,,,True,structures/reference/27-R1.xyz
27-R2,esen-sm-conserving-all-omol,ASE,-76.433582730865,,0.03478118,,,,True,structures/reference/27-R2.xyz
27-TS,esen-sm-conserving-all-omol,ASE,-624.966102900690,,0.03516571,,,,True,structures/reference/27-TS.xyz
28-TS,esen-sm-conserving-all-omol,ASE,-589.024400437384,,0.03669378,,,,True,structures/reference/28-TS.xyz
29-P1,esen-sm-conserving-all-omol,ASE,-157.744961698862,,0.03428013,,,,True,structures/reference/29-P1.xyz
29-R1,esen-sm-conserving-all-omol,ASE,-158.403119832992,,0.03560313,,,,True,structures/reference/29-R1.xyz
29-TS,esen-sm-conserving-all-omol,ASE,-706.945678721201,,0.03617684,,,,True,structures/reference/29-TS.xyz
3-P1,esen-sm-conserving-all-omol,ASE,-834.251246360930,,0.03580042,,,,True,structures/reference/3-P1.xyz
3-R1,esen-sm-conserving-all-omol,ASE,-834.227972019067,,0.03587282,,,,True,structures/reference/3-R1.xyz
3-TS,esen-sm-conserving-all-omol,ASE,-834.207583531826,,0.03575083,,,,True,structures/reference/3-TS.xyz
30-P1,esen-sm-conserving-all-omol,ASE,-117.230837496662,,0.03949682,,,,True,structures/reference/30-P1.xyz
30-R1,esen-sm-conserving-all-omol,ASE,-117.875457336334,,0.03687077,,,,True,structures/reference/30-R1.xyz
30-TS,esen-sm-conserving-all-omol,ASE,-666.415594813702,,0.03540600,,,,True,structures/reference/30-TS.xyz
31-P1,esen-sm-conserving-all-omol,ASE,-754.138480259525,,0.03620639,,,,True,structures/reference/31-P1.xyz
31-R1,esen-sm-conserving-all-omol,ASE,-754.113895277525,,0.03596593,,,,True,structures/reference/31-R1.xyz
31-TS,esen-sm-conserving-all-omol,ASE,-754.108132729031,,0.03571374,,,,True,structures/reference/31-TS.xyz
32-P1,esen-sm-conserving-all-omol,ASE,-562.377264667417,,0.03592435,,,,True,structures/reference/32-P1.xyz
32-R1,esen-sm-conserving-all-omol,ASE,-562.363195958961,,0.03497995,,,,True,structures/reference/32-R1.xyz
32-TS,esen-sm-conserving-all-omol,ASE,-562.352186394757,,0.03545175,,,,True,structures/reference/32-TS.xyz
33-P1,esen-sm-conserving-all-omol,ASE,-679.068304005722,,0.03729943,,,,True,structures/reference/33-P1.xyz
33-R1,esen-sm-conserving-all-omol,ASE,-679.055714747045,,0.03592286,,,,True,structures/reference/33-R1.xyz
33-TS,esen-sm-conserving-all-omol,ASE,-679.043890865040,,0.03574281,,,,True,structures/reference/33-TS.xyz
34-P1,esen-sm-conserving-all-omol,ASE,-1139.893668927840,,0.03468930,,,,True,structures/reference/34-P1.xyz
34-R1,esen-sm-conserving-all-omol,ASE,-1139.880705393783,,0.03556686,,,,True,structures/reference/34-R1.xyz
34-TS,esen-sm-conserving-all-omol,ASE,-1139.869633930103,,0.03581088,,,,True,structures/reference/34-TS.xyz
35-P1,esen-sm-conserving-all-omol,ASE,-3253.716664867549,,0.03541741,,,,True,structures/reference/35-P1.xyz
35-R1,esen-sm-conserving-all-omol,ASE,-3253.701279497775,,0.03731745,,,,True,structures/reference/35-R1.xyz
35-TS,esen-sm-conserving-all-omol,ASE,-3253.691466051002,,0.03625766,,,,True,structures/reference/35-TS.xyz
36-P1,esen-sm-conserving-all-omol,ASE,-1074.906092218861,,0.03584424,,,,True,structures/reference/36-P1.xyz
36-R1,esen-sm-conserving-all-omol,ASE,-1074.878012615965,,0.03514870,,,,True,structures/reference/36-R1.xyz
36-TS,esen-sm-conserving-all-omol,ASE,-1074.872855490484,,0.03588479,,,,True,structures/reference/36-TS.xyz
37-P1,esen-sm-conserving-all-omol,ASE,-751.940764186253,,0.03550092,,,,True,structures/reference/37-P1.xyz
37-R1,esen-sm-conserving-all-omol,ASE,-751.917503062093,,0.03594115,,,,True,structures/reference/37-R1.xyz
37-TS,esen-sm-conserving-all-omol,ASE,-751.906881109413,,0.03809815,,,,True,structures/reference/37-TS.xyz
38-P1,esen-sm-conserving-all-omol,ASE,-348.291953879254,,0.03669256,,,,True,structures/reference/38-P1.xyz
38-P2,esen-sm-conserving-all-omol,ASE,-460.126132814017,,0.00098555,,,,True,structures/reference/38-P2.xyz
38-R1,esen-sm-conserving-all-omol,ASE,-808.435640830773,,0.03553713,,,,True,structures/reference/38-R1.xyz
38-TS,esen-sm-conserving-all-omol,ASE,-808.421744332233,,0.03532987,,,,True,structures/reference/38-TS.xyz
39-P2,esen-sm-conserving-all-omol,ASE,-2573.968461835595,,0.00087357,,,,True,structures/reference/39-P2.xyz
39-R1,esen-sm-conserving-all-omol,ASE,-2922.259462086890,,0.03588264,,,,True,structures/reference/39-R1.xyz
39-TS,esen-sm-conserving-all-omol,ASE,-2922.255360246359,,0.03624888,,,,True,structures/reference/39-TS.xyz
4-P1,esen-sm-conserving-all-omol,ASE,-834.257956576427,,0.03722313,,,,True,structures/reference/4-P1.xyz
4-TS,esen-sm-conserving-all-omol,ASE,-834.204299794599,,0.03585708,,,,True,structures/reference/4-TS.xyz
40-P1,esen-sm-conserving-all-omol,ASE,-462.818003920433,,0.03605242,,,,True,structures/reference/40-P1.xyz
40-R1,esen-sm-conserving-all-omol,ASE,-922.967027402620,,0.03549499,,,,True,structures/reference/40-R1.xyz
40-TS,esen-sm-conserving-all-omol,ASE,-922.953754826401,,0.03453201,,,,True,structures/reference/40-TS.xyz
41-P1,esen-sm-conserving-all-omol,ASE,-822.706641290416,,0.03619566,,,,True,structures/reference/41-P1.xyz
41-R1,esen-sm-conserving-all-omol,ASE,-1282.856942027239,,0.03579073,,,,True,structures/reference/41-R1.xyz
41-TS,esen-sm-conserving-all-omol,ASE,-1282.847529495923,,0.03541519,,,,True,structures/reference/41-TS.xyz
42-P1,esen-sm-conserving-all-omol,ASE,-509.382132666259,,0.03674215,,,,True,structures/reference/42-P1.xyz
42-R1,esen-sm-conserving-all-omol,ASE,-430.784169242556,,0.03613346,,,,True,structures/reference/42-R1.xyz
42-TS,esen-sm-conserving-all-omol,ASE,-509.330975964874,,0.03489580,,,,True,structures/reference/42-TS.xyz
43-P1,esen-sm-conserving-all-omol,ASE,-304.718017657028,,0.03585955,,,,True,structures/reference/43-P1.xyz
43-R1,esen-sm-conserving-all-omol,ASE,-304.686188141416,,0.03539088,,,,True,structures/reference/43-R1.xyz
43-TS,esen-sm-conserving-all-omol,ASE,-304.667368254362,,0.03633284,,,,True,structures/reference/43-TS.xyz
44-P1,esen-sm-conserving-all-omol,ASE,-109.552596342135,,0.03398204,,,,True,structures/reference/44-P1.xyz
44-P2,esen-sm-conserving-all-omol,ASE,-195.188752794859,,0.03542432,,,,True,structures/reference/44-P2.xyz
44-TS,esen-sm-conserving-all-omol,ASE,-304.714191319316,,0.03576504,,,,True,structures/reference/44-TS.xyz
45-P1,esen-sm-conserving-all-omol,ASE,-422.623347720728,,0.03554225,,,,True,structures/reference/45-P1.xyz
45-R1,esen-sm-conserving-all-omol,ASE,-422.603699017904,,0.03602700,,,,True,structures/reference/45-R1.xyz
45-TS,esen-sm-conserving-all-omol,ASE,-422.581688230720,,0.03629608,,,,True,structures/reference/45-TS.xyz
46-P1,esen-sm-conserving-all-omol,ASE,-313.116682424164,,0.03673411,,,,True,structures/reference/46-P1.xyz
46-TS,esen-sm-conserving-all-omol,ASE,-422.623087014828,,0.03585910,,,,True,structures/reference/46-TS.xyz
47-P1,esen-sm-conserving-all-omol,ASE,-309.518943425308,,0.03652609,,,,True,structures/reference/47-P1.xyz
47-R1,esen-sm-conserving-all-omol,ASE,-419.068280762614,,0.03622053,,,,True,structures/reference/47-R1.xyz
47-TS,esen-sm-conserving-all-omol,ASE,-419.047777371606,,0.03498439,,,,True,structures/reference/47-TS.xyz
48-P1,esen-sm-conserving-all-omol,ASE,-951.527237049705,,0.03612267,,,,True,structures/reference/48-P1.xyz
48-R1,esen-sm-conserving-all-omol,ASE,-1061.039320428149,,0.03637337,,,,True,structures/reference/48-R1.xyz
48-TS,esen-sm-conserving-all-omol,ASE,-1061.033014561429,,0.03571480,,,,True,structures/reference/48-TS.xyz
49-P1,esen-sm-conserving-all-omol,ASE,-477.261642805096,,0.03623856,,,,True,structures/reference/49-P1.xyz
49-R1,esen-sm-conserving-all-omol,ASE,-586.732488187090,,0.03635954,,,,True,structures/reference/49-R1.xyz
49-TS,esen-sm-conserving-all-omol,ASE,-586.721737513201,,0.03582992,,,,True,structures/reference/49-TS.xyz
5-P1,esen-sm-conserving-all-omol,ASE,-440.101389141233,,0.03633172,,,,True,structures/reference/5-P1.xyz
5-R1,esen-sm-conserving-all-omol,ASE,-170.830938717243,,0.03600382,,,,True,structures/reference/5-R1.xyz
5-R2,esen-sm-conserving-all-omol,ASE,-269.227204894182,,0.03493393,,,,True,structures/reference/5-R2.xyz
5-TS,esen-sm-conserving-all-omol,ASE,-440.068122862734,,0.03615055,,,,True,structures/reference/5-TS.xyz
50-R1,esen-sm-conserving-all-omol,ASE,-645.014817215407,,0.03610254,,,,True,structures/reference/50-R1.xyz
50-R2,esen-sm-conserving-all-omol,ASE,-415.971764193671,,0.03571577,,,,True,structures/reference/50-R2.xyz
50-TS,esen-sm-conserving-all-omol,ASE,-1060.988101281739,,0.03679225,,,,True,structures/reference/50-TS.xyz
6-P1,esen-sm-conserving-all-omol,ASE,-440.129022934460,,0.03577443,,,,True,structures/reference/6-P1.xyz
6-TS,esen-sm-conserving-all-omol,ASE,-440.062123411650,,0.03603531,,,,True,structures/reference/6-TS.xyz
7-P1,esen-sm-conserving-all-omol,ASE,-616.019196934041,,0.03677552,,,,True,structures/reference/7-P1.xyz
7-R1,esen-sm-conserving-all-omol,ASE,-615.997595465115,,0.03672360,,,,True,structures/reference/7-R1.xyz
7-TS,esen-sm-conserving-all-omol,ASE,-615.978564659850,,0.03608015,,,,True,structures/reference/7-TS.xyz
8-P1,esen-sm-conserving-all-omol,ASE,-1115.589335050953,,0.03589192,,,,True,structures/reference/8-P1.xyz
8-R1,esen-sm-conserving-all-omol,ASE,-157.181752472865,,0.03527394,,,,True,structures/reference/8-R1.xyz
8-R2,esen-sm-conserving-all-omol,ASE,-958.351301944733,,0.03496528,,,,True,structures/reference/8-R2.xyz
8-TS,esen-sm-conserving-all-omol,ASE,-1115.531395501915,,0.03658366,,,,True,structures/reference/8-TS.xyz
9-P1,esen-sm-conserving-all-omol,ASE,-614.846454602421,,0.04902931,,,,True,structures/reference/9-P1.xyz
9-R1,esen-sm-conserving-all-omol,ASE,-614.830311011333,,0.03659475,,,,True,structures/reference/9-R1.xyz
9-TS,esen-sm-conserving-all-omol,ASE,-614.810788170407,,0.03589930,,,,True,structures/reference/9-TS.xyz
1-P1,esen-sm-direct-all-omol,ASE,-616.780502368727,,0.01392626,,,,True,structures/reference/1-P1.xyz
1-R1,esen-sm-direct-all-omol,ASE,-616.775222096558,,0.01338690,,,,True,structures/reference/1-R1.xyz
1-TS,esen-sm-direct-all-omol,ASE,-616.764685382196,,0.01303364,,,,True,structures/reference/1-TS.xyz
10-P1,esen-sm-direct-all-omol,ASE,-153.182556159919,,0.01330728,,,,True,structures/reference/10-P1.xyz
10-P2,esen-sm-direct-all-omol,ASE,-39.818454847567,,0.01311101,,,,True,structures/reference/10-P2.xyz
10-R1,esen-sm-direct-all-omol,ASE,-193.018674868952,,0.01400422,,,,True,structures/reference/10-R1.xyz
10-TS,esen-sm-direct-all-omol,ASE,-192.986101378931,,0.01334940,,,,True,structures/reference/10-TS.xyz
11-P1,esen-sm-direct-all-omol,ASE,-344.925076739643,,0.01322924,,,,True,structures/reference/11-P1.xyz
11-P2,esen-sm-direct-all-omol,ASE,-203.451997266909,,0.01271269,,,,True,structures/reference/11-P2.xyz
11-R1,esen-sm-direct-all-omol,ASE,-548.383279133027,,0.01294994,,,,True,structures/reference/11-R1.xyz
11-TS,esen-sm-direct-all-omol,ASE,-548.358046043010,,0.01297827,,,,True,structures/reference/11-TS.xyz
12-P1,esen-sm-direct-all-omol,ASE,-803.591873921380,,0.01298369,,,,True,structures/reference/12-P1.xyz
12-R1,esen-sm-direct-all-omol,ASE,-646.346041175532,,0.01295731,,,,True,structures/reference/12-R1.xyz
12-R2,esen-sm-direct-all-omol,ASE,-157.185349242283,,0.01262821,,,,True,structures/reference/12-R2.xyz
12-TS,esen-sm-direct-all-omol,ASE,-803.529000343365,,0.01289484,,,,True,structures/reference/12-TS.xyz
13-P1,esen-sm-direct-all-omol,ASE,-456.137661858445,,0.01285497,,,,True,structures/reference/13-P1.xyz
13-R2,esen-sm-direct-all-omol,ASE,-263.087237564147,,0.01278587,,,,True,structures/reference/13-R2.xyz
13-TS,esen-sm-direct-all-omol,ASE,-456.085632029084,,0.01282850,,,,True,structures/reference/13-TS.xyz
14-P1,esen-sm-direct-all-omol,ASE,-388.335783935976,,0.01288198,,,,True,structures/reference/14-P1.xyz
14-R1,esen-sm-direct-all-omol,ASE,-193.009819271431,,0.01262868,,,,True,structures/reference/14-R1.xyz
14-R2,esen-sm-direct-all-omol,ASE,-195.254122069175,,0.01266770,,,,True,structures/reference/14-R2.xyz
14-TS,esen-sm-direct-all-omol,ASE,-388.274971475870,,0.01282885,,,,True,structures/reference/14-TS.xyz
15-P1,esen-sm-direct-all-omol,ASE,-384.981861728519,,0.01270797,,,,True,structures/reference/15-P1.xyz
15-R1,esen-sm-direct-all-omol,ASE,-306.390865790417,,0.01252089,,,,True,structures/reference/15-R1.xyz
15-R2,esen-sm-direct-all-omol,ASE,-78.566543517203,,0.01258283,,,,True,structures/reference/15-R2.xyz
15-TS,esen-sm-direct-all-omol,ASE,-384.925746648758,,0.01357731,,,,True,structures/reference/15-TS.xyz
16-P1,esen-sm-direct-all-omol,ASE,-460.210313483847,,0.01371014,,,,True,structures/reference/16-P1.xyz
16-R1,esen-sm-direct-all-omol,ASE,-381.629790040808,,0.01390478,,,,True,structures/reference/16-R1.xyz
16-TS,esen-sm-direct-all-omol,ASE,-460.165531580227,,0.01362604,,,,True,structures/reference/16-TS.xyz
17-P1,esen-sm-direct-all-omol,ASE,-647.651050624150,,0.01342614,,,,True,structures/reference/17-P1.xyz
17-R2,esen-sm-direct-all-omol,ASE,-341.224693788418,,0.01290954,,,,True,structures/reference/17-R2.xyz
17-TS,esen-sm-direct-all-omol,ASE,-647.605181628463,,0.01310037,,,,True,structures/reference/17-TS.xyz
18-P1,esen-sm-direct-all-omol,ASE,-555.288105505427,,0.01295978,,,,True,structures/reference/18-P1.xyz
18-R1,esen-sm-direct-all-omol,ASE,-398.091518469025,,0.00100694,,,,True,structures/reference/18-R1.xyz
18-TS,esen-sm-direct-all-omol,ASE,-555.275766484576,,0.01309889,,,,True,structures/reference/18-TS.xyz
19-P1,esen-sm-direct-all-omol,ASE,-554.058161560408,,0.01300541,,,,True,structures/reference/19-P1.xyz
19-R2,esen-sm-direct-all-omol,ASE,-155.962812349680,,0.01247268,,,,True,structures/reference/19-R2.xyz
19-TS,esen-sm-direct-all-omol,ASE,-554.049143603788,,0.01250735,,,,True,structures/reference/19-TS.xyz
2-P1,esen-sm-direct-all-omol,ASE,-616.804972291205,,0.01278858,,,,True,structures/reference/2-P1.xyz
2-TS,esen-sm-direct-all-omol,ASE,-616.773328614544,,0.01274622,,,,True,structures/reference/2-TS.xyz
20-P1,esen-sm-direct-all-omol,ASE,-780.250473836464,,0.01264973,,,,True,structures/reference/20-P1.xyz
20-P2,esen-sm-direct-all-omol,ASE,-231.542245708564,,0.01492283,,,,True,structures/reference/20-P2.xyz
20-R1,esen-sm-direct-all-omol,ASE,-1011.790478179421,,0.01293601,,,,True,structures/reference/20-R1.xyz
20-TS,esen-sm-direct-all-omol,ASE,-1011.764625090433,,0.01281089,,,,True,structures/reference/20-TS.xyz
21-P1,esen-sm-direct-all-omol,ASE,-914.581229670219,,0.01277897,,,,True,structures/reference/21-P1.xyz
21-R1,esen-sm-direct-all-omol,ASE,-914.567182948017,,0.01269324,,,,True,structures/reference/21-R1.xyz
21-TS,esen-sm-direct-all-omol,ASE,-914.553363993095,,0.01275118,,,,True,structures/reference/21-TS.xyz
22-P1,esen-sm-direct-all-omol,ASE,-595.213699734259,,0.01294162,,,,True,structures/reference/22-P1.xyz
22-R1,esen-sm-direct-all-omol,ASE,-595.191476418859,,0.01275942,,,,True,structures/reference/22-R1.xyz
22-TS,esen-sm-direct-all-omol,ASE,-595.173208481251,,0.01312551,,,,True,structures/reference/22-TS.xyz
23-P1,esen-sm-direct-all-omol,ASE,-310.934874213408,,0.01329471,,,,True,structures/reference/23-P1.xyz
23-R1,esen-sm-direct-all-omol,ASE,-310.928866964761,,0.01301838,,,,True,structures/reference/23-R1.xyz
23-TS,esen-sm-direct-all-omol,ASE,-310.907527600492,,0.01288854,,,,True,structures/reference/23-TS.xyz
24-P1,esen-sm-direct-all-omol,ASE,-463.390292204368,,0.01322023,,,,True,structures/reference/24-P1.xyz
24-R1,esen-sm-direct-all-omol,ASE,-463.376110708301,,0.01395101,,,,True,structures/reference/24-R1.xyz
24-TS,esen-sm-direct-all-omol,ASE,-463.364319486965,,0.01346228,,,,True,structures/reference/24-TS.xyz
25-P1,esen-sm-direct-all-omol,ASE,-385.441105557051,,0.01279590,,,,True,structures/reference/25-P1.xyz
25-R1,esen-sm-direct-all-omol,ASE,-384.770659941463,,0.01277887,,,,True,structures/reference/25-R1.xyz
25-R2,esen-sm-direct-all-omol,ASE,-40.491097843400,,0.01259269,,,,True,structures/reference/25-R2.xyz
25-TS,esen-sm-direct-all-omol,ASE,-425.233803371362,,0.01280730,,,,True,structures/reference/25-TS.xyz
26-P2,esen-sm-direct-all-omol,ASE,-115.048089444237,,0.01252058,,,,True,structures/reference/26-P2.xyz
26-R2,esen-sm-direct-all-omol,ASE,-115.717002096122,,0.01268719,,,,True,structures/reference/26-R2.xyz
26-TS,esen-sm-direct-all-omol,ASE,-500.464875512812,,0.01281294,,,,True,structures/reference/26-TS.xyz
27-P1,esen-sm-direct-all-omol,ASE,-75.742430506131,,0.01242432,,,,True,structures/reference/27-P1.xyz
27-P2,esen-sm-direct-all-omol,ASE,-549.228367166190,,0.01239432,,,,True,structures/reference/27-P2.xyz
27-R1,esen-sm-direct-all-omol,ASE,-548.545666285141,,0.01267847,,,,True,structures/reference/27-R1.xyz
27-R2,esen-sm-direct-all-omol,ASE,-76.433597344945,,0.01234615,,,,True,structures/reference/27-R2.xyz
27-TS,esen-sm-direct-all-omol,ASE,-624.963031081316,,0.01252283,,,,True,structures/reference/27-TS.xyz
28-TS,esen-sm-direct-all-omol,ASE,-589.024019501292,,0.01241909,,,,True,structures/reference/28-TS.xyz
29-P1,esen-sm-direct-all-omol,ASE,-157.744892648027,,0.01262679,,,,True,structures/reference/29-P1.xyz
29-R1,esen-sm-direct-all-omol,ASE,-158.403132255750,,0.01266996,,,,True,structures/reference/29-R1.xyz
29-TS,esen-sm-direct-all-omol,ASE,-706.943099318770,,0.01273254,,,,True,structures/reference/29-TS.xyz
3-P1,esen-sm-direct-all-omol,ASE,-834.252578776907,,0.01305350,,,,True,structures/reference/3-P1.xyz
3-R1,esen-sm-direct-all-omol,ASE,-834.231344774546,,0.01315800,,,,True,structures/reference/3-R1.xyz
3-TS,esen-sm-direct-all-omol,ASE,-834.205871152020,,0.01342240,,,,True,structures/reference/3-TS.xyz
30-P1,esen-sm-direct-all-omol,ASE,-117.231215530683,,0.01277225,,,,True,structures/reference/30-P1.xyz
30-R1,esen-sm-direct-all-omol,ASE,-117.875490278879,,0.01296654,,,,True,structures/reference/30-R1.xyz
30-TS,esen-sm-direct-all-omol,ASE,-666.411655092882,,0.01253146,,,,True,structures/reference/30-TS.xyz
31-P1,esen-sm-direct-all-omol,ASE,-754.137929416633,,0.01284990,,,,True,structures/reference/31-P1.xyz
31-R1,esen-sm-direct-all-omol,ASE,-754.118786852862,,0.01297154,,,,True,structures/reference/31-R1.xyz
31-TS,esen-sm-direct-all-omol,ASE,-754.109306617804,,0.01291260,,,,True,structures/reference/31-TS.xyz
32-P1,esen-sm-direct-all-omol,ASE,-562.378378125536,,0.01275428,,,,True,structures/reference/32-P1.xyz
32-R1,esen-sm-direct-all-omol,ASE,-562.363998311237,,0.01289079,,,,True,structures/reference/32-R1.xyz
32-TS,esen-sm-direct-all-omol,ASE,-562.352791936360,,0.01301399,,,,True,structures/reference/32-TS.xyz
33-P1,esen-sm-direct-all-omol,ASE,-679.067463580561,,0.01325262,,,,True,structures/reference/33-P1.xyz
33-R1,esen-sm-direct-all-omol,ASE,-679.057622403569,,0.01301511,,,,True,structures/reference/33-R1.xyz
33-TS,esen-sm-direct-all-omol,ASE,-679.045176847627,,0.01290640,,,,True,structures/reference/33-TS.xyz
34-P1,esen-sm-direct-all-omol,ASE,-1139.893751438462,,0.01268256,,,,True,structures/reference/34-P1.xyz
34-R1,esen-sm-direct-all-omol,ASE,-1139.883755657421,,0.01300037,,,,True,structures/reference/34-R1.xyz
34-TS,esen-sm-direct-all-omol,ASE,-1139.870522843428,,0.01293112,,,,True,structures/reference/34-TS.xyz
35-P1,esen-sm-direct-all-omol,ASE,-3253.715041836103,,0.01256046,,,,True,structures/reference/35-P1.xyz
35-R1,esen-sm-direct-all-omol,ASE,-3253.703383706844,,0.01280370,,,,True,structures/reference/35-R1.xyz
35-TS,esen-sm-direct-all-omol,ASE,-3253.692875240774,,0.01278608,,,,True,structures/reference/35-TS.xyz
36-P1,esen-sm-direct-all-omol,ASE,-1074.908532337657,,0.01276906,,,,True,structures/reference/36-P1.xyz
36-R1,esen-sm-direct-all-omol,ASE,-1074.883142766233,,0.01276597,,,,True,structures/reference/36-R1.xyz
36-TS,esen-sm-direct-all-omol,ASE,-1074.877134978611,,0.01290693,,,,True,structures/reference/36-TS.xyz
37-P1,esen-sm-direct-all-omol,ASE,-751.939338063609,,0.01296460,,,,True,structures/reference/37-P1.xyz
37-R1,esen-sm-direct-all-omol,ASE,-751.920605498351,,0.01539059,,,,True,structures/reference/37-R1.xyz
37-TS,esen-sm-direct-all-omol,ASE,-751.908601133971,,0.01328006,,,,True,structures/reference/37-TS.xyz
38-P1,esen-sm-direct-all-omol,ASE,-348.292249880787,,0.01516705,,,,True,structures/reference/38-P1.xyz
38-P2,esen-sm-direct-all-omol,ASE,-460.126132814017,,0.00078102,,,,True,structures/reference/38-P2.xyz
38-R1,esen-sm-direct-all-omol,ASE,-808.435280091917,,0.01297040,,,,True,structures/reference/38-R1.xyz
38-TS,esen-sm-direct-all-omol,ASE,-808.424691284714,,0.01335537,,,,True,structures/reference/38-TS.xyz
39-P2,esen-sm-direct-all-omol,ASE,-2573.968461835595,,0.00088656,,,,True,structures/reference/39-P2.xyz
39-R1,esen-sm-direct-all-omol,ASE,-2922.259963412537,,0.01384492,,,,True,structures/reference/39-R1.xyz
39-TS,esen-sm-direct-all-omol,ASE,-2922.258866633111,,0.01325152,,,,True,structures/reference/39-TS.xyz
4-P1,esen-sm-direct-all-omol,ASE,-834.259772619501,,0.01284632,,,,True,structures/reference/4-P1.xyz
4-TS,esen-sm-direct-all-omol,ASE,-834.200271814041,,0.01256429,,,,True,structures/reference/4-TS.xyz
40-P1,esen-sm-direct-all-omol,ASE,-462.818058919541,,0.01267598,,,,True,structures/reference/40-P1.xyz
40-R1,esen-sm-direct-all-omol,ASE,-922.965634938422,,0.01263535,,,,True,structures/reference/40-R1.xyz
40-TS,esen-sm-direct-all-omol,ASE,-922.957015564853,,0.01279971,,,,True,structures/reference/40-TS.xyz
41-P1,esen-sm-direct-all-omol,ASE,-822.706724355246,,0.01290950,,,,True,structures/reference/41-P1.xyz
41-R1,esen-sm-direct-all-omol,ASE,-1282.856137472945,,0.01293334,,,,True,structures/reference/41-R1.xyz
41-TS,esen-sm-direct-all-omol,ASE,-1282.850200250978,,0.01270143,,,,True,structures/reference/41-TS.xyz
42-P1,esen-sm-direct-all-omol,ASE,-509.384631132895,,0.01282732,,,,True,structures/reference/42-P1.xyz
42-R1,esen-sm-direct-all-omol,ASE,-430.785546689143,,0.01295421,,,,True,structures/reference/42-R1.xyz
42-TS,esen-sm-direct-all-omol,ASE,-509.334986469269,,0.01455916,,,,True,structures/reference/42-TS.xyz
43-P1,esen-sm-direct-all-omol,ASE,-304.718211686721,,0.01271677,,,,True,structures/reference/43-P1.xyz
43-R1,esen-sm-direct-all-omol,ASE,-304.687857883369,,0.01248104,,,,True,structures/reference/43-R1.xyz
43-TS,esen-sm-direct-all-omol,ASE,-304.668380539485,,0.01275778,,,,True,structures/reference/43-TS.xyz
44-P1,esen-sm-direct-all-omol,ASE,-109.552621122886,,0.01253512,,,,True,structures/reference/44-P1.xyz
44-P2,esen-sm-direct-all-omol,ASE,-195.190353146990,,0.01284389,,,,True,structures/reference/44-P2.xyz
44-TS,esen-sm-direct-all-omol,ASE,-304.709289828372,,0.01314118,,,,True,structures/reference/44-TS.xyz
45-P1,esen-sm-direct-all-omol,ASE,-422.624614228187,,0.01311325,,,,True,structures/reference/45-P1.xyz
45-R1,esen-sm-direct-all-omol,ASE,-422.605004030923,,0.01291150,,,,True,structures/reference/45-R1.xyz
45-TS,esen-sm-direct-all-omol,ASE,-422.583852312996,,0.01263661,,,,True,structures/reference/45-TS.xyz
46-P1,esen-sm-direct-all-omol,ASE,-313.113312984862,,0.01287768,,,,True,structures/reference/46-P1.xyz
46-TS,esen-sm-direct-all-omol,ASE,-422.621886894635,,0.01289425,,,,True,structures/reference/46-TS.xyz
47-P1,esen-sm-direct-all-omol,ASE,-309.518725936271,,0.01289698,,,,True,structures/reference/47-P1.xyz
47-R1,esen-sm-direct-all-omol,ASE,-419.071411469758,,0.01278730,,,,True,structures/reference/47-R1.xyz
47-TS,esen-sm-direct-all-omol,ASE,-419.041465029662,,0.01275838,,,,True,structures/reference/47-TS.xyz
48-P1,esen-sm-direct-all-omol,ASE,-951.527115011238,,0.01308653,,,,True,structures/reference/48-P1.xyz
48-R1,esen-sm-direct-all-omol,ASE,-1061.039567115123,,0.02598294,,,,True,structures/reference/48-R1.xyz
48-TS,esen-sm-direct-all-omol,ASE,-1061.028520460700,,0.01373720,,,,True,structures/reference/48-TS.xyz
49-P1,esen-sm-direct-all-omol,ASE,-477.260256669811,,0.01530116,,,,True,structures/reference/49-P1.xyz
49-R1,esen-sm-direct-all-omol,ASE,-586.733483246621,,0.01304505,,,,True,structures/reference/49-R1.xyz
49-TS,esen-sm-direct-all-omol,ASE,-586.724414252637,,0.01285627,,,,True,structures/reference/49-TS.xyz
5-P1,esen-sm-direct-all-omol,ASE,-440.098545128710,,0.01284240,,,,True,structures/reference/5-P1.xyz
5-R1,esen-sm-direct-all-omol,ASE,-170.830844757403,,0.01347748,,,,True,structures/reference/5-R1.xyz
5-R2,esen-sm-direct-all-omol,ASE,-269.226109310558,,0.01339921,,,,True,structures/reference/5-R2.xyz
5-TS,esen-sm-direct-all-omol,ASE,-440.069983224515,,0.01387901,,,,True,structures/reference/5-TS.xyz
50-R1,esen-sm-direct-all-omol,ASE,-645.015664317472,,0.01333025,,,,True,structures/reference/50-R1.xyz
50-R2,esen-sm-direct-all-omol,ASE,-415.971989818277,,0.01303862,,,,True,structures/reference/50-R2.xyz
50-TS,esen-sm-direct-all-omol,ASE,-1060.988569328945,,0.01366864,,,,True,structures/reference/50-TS.xyz
6-P1,esen-sm-direct-all-omol,ASE,-440.128434687654,,0.01299823,,,,True,structures/reference/6-P1.xyz
6-TS,esen-sm-direct-all-omol,ASE,-440.057997216273,,0.01335655,,,,True,structures/reference/6-TS.xyz
7-P1,esen-sm-direct-all-omol,ASE,-616.017763837015,,0.01303554,,,,True,structures/reference/7-P1.xyz
7-R1,esen-sm-direct-all-omol,ASE,-615.991514591219,,0.01283239,,,,True,structures/reference/7-R1.xyz
7-TS,esen-sm-direct-all-omol,ASE,-615.973031809989,,0.01292294,,,,True,structures/reference/7-TS.xyz
8-P1,esen-sm-direct-all-omol,ASE,-1115.588737982558,,0.01265684,,,,True,structures/reference/8-P1.xyz
8-R1,esen-sm-direct-all-omol,ASE,-157.181856200874,,0.01249574,,,,True,structures/reference/8-R1.xyz
8-R2,esen-sm-direct-all-omol,ASE,-958.349689615251,,0.01238734,,,,True,structures/reference/8-R2.xyz
8-TS,esen-sm-direct-all-omol,ASE,-1115.533108425921,,0.01272723,,,,True,structures/reference/8-TS.xyz
9-P1,esen-sm-direct-all-omol,ASE,-614.846290471920,,0.01290841,,,,True,structures/reference/9-P1.xyz
9-R1,esen-sm-direct-all-omol,ASE,-614.829375716086,,0.01274863,,,,True,structures/reference/9-R1.xyz
9-TS,esen-sm-direct-all-omol,ASE,-614.804479429165,,0.01302608,,,,True,structures/reference/9-TS.xyz
1-P1,extra_large,ASE,-616.782373456360,,0.35547172,,,,True,structures/reference/1-P1.xyz
1-R1,extra_large,ASE,-616.778039391639,,0.43358249,,,,True,structures/reference/1-R1.xyz
1-TS,extra_large,ASE,-616.762313631561,,0.31249228,,,,True,structures/reference/1-TS.xyz
10-P1,extra_large,ASE,-153.184976069371,,0.37839032,,,,True,structures/reference/10-P1.xyz
10-P2,extra_large,ASE,-39.823788345222,,0.12323946,,,,True,structures/reference/10-P2.xyz
10-R1,extra_large,ASE,-193.014941931070,,0.14664073,,,,True,structures/reference/10-R1.xyz
10-TS,extra_large,ASE,-192.986387605609,,0.04248130,,,,True,structures/reference/10-TS.xyz
11-P1,extra_large,ASE,-344.926991617208,,0.04814810,,,,True,structures/reference/11-P1.xyz
11-P2,extra_large,ASE,-203.449441682324,,0.03621837,,,,True,structures/reference/11-P2.xyz
11-R1,extra_large,ASE,-548.380435911024,,0.06689028,,,,True,structures/reference/11-R1.xyz
11-TS,extra_large,ASE,-548.363900250146,,0.06692239,,,,True,structures/reference/11-TS.xyz
12-P1,extra_large,ASE,-803.594567711180,,0.08286503,,,,True,structures/reference/12-P1.xyz
12-R1,extra_large,ASE,-646.345701671740,,0.04435265,,,,True,structures/reference/12-R1.xyz
12-R2,extra_large,ASE,-157.185255155421,,0.04551535,,,,True,structures/reference/12-R2.xyz
12-TS,extra_large,ASE,-803.531502460738,,0.08281063,,,,True,structures/reference/12-TS.xyz
13-P1,extra_large,ASE,-456.137886594716,,0.06368575,,,,True,structures/reference/13-P1.xyz
13-R2,extra_large,ASE,-263.087511540185,,0.03969513,,,,True,structures/reference/13-R2.xyz
13-TS,extra_large,ASE,-456.091388601508,,0.06261677,,,,True,structures/reference/13-TS.xyz
14-P1,extra_large,ASE,-388.338080180228,,0.07993168,,,,True,structures/reference/14-P1.xyz
14-R1,extra_large,ASE,-193.008121674994,,0.04205277,,,,True,structures/reference/14-R1.xyz
14-R2,extra_large,ASE,-195.254096434151,,0.04745273,,,,True,structures/reference/14-R2.xyz
14-TS,extra_large,ASE,-388.278843799892,,0.07932052,,,,True,structures/reference/14-TS.xyz
15-P1,extra_large,ASE,-384.981896893833,,0.06411429,,,,True,structures/reference/15-P1.xyz
15-R1,extra_large,ASE,-306.393238759924,,0.04584695,,,,True,structures/reference/15-R1.xyz
15-R2,extra_large,ASE,-78.566621152573,,0.04091162,,,,True,structures/reference/15-R2.xyz
15-TS,extra_large,ASE,-384.922136377035,,0.06365066,,,,True,structures/reference/15-TS.xyz
16-P1,extra_large,ASE,-460.209542116620,,0.06890561,,,,True,structures/reference/16-P1.xyz
16-R1,extra_large,ASE,-381.627758003242,,0.04799469,,,,True,structures/reference/16-R1.xyz
16-TS,extra_large,ASE,-460.160933620322,,0.06739408,,,,True,structures/reference/16-TS.xyz
17-P1,extra_large,ASE,-647.649917038061,,0.07079948,,,,True,structures/reference/17-P1.xyz
17-R2,extra_large,ASE,-341.224807300519,,0.03694941,,,,True,structures/reference/17-R2.xyz
17-TS,extra_large,ASE,-647.607872227779,,0.07075275,,,,True,structures/reference/17-TS.xyz
18-P1,extra_large,ASE,-555.289314717093,,0.04815817,,,,True,structures/reference/18-P1.xyz
18-R1,extra_large,ASE,-398.093937114445,,0.03664458,,,,True,structures/reference/18-R1.xyz
18-TS,extra_large,ASE,-555.276078292683,,0.04768563,,,,True,structures/reference/18-TS.xyz
19-P1,extra_large,ASE,-554.058883931328,,0.04217842,,,,True,structures/reference/19-P1.xyz
19-R2,extra_large,ASE,-155.962949519853,,0.04165811,,,,True,structures/reference/19-R2.xyz
19-TS,extra_large,ASE,-554.048877664877,,0.04220525,,,,True,structures/reference/19-TS.xyz
2-P1,extra_large,ASE,-616.805395199891,,0.10502351,,,,True,structures/reference/2-P1.xyz
2-TS,extra_large,ASE,-616.775072456796,,0.10497401,,,,True,structures/reference/2-TS.xyz
20-P1,extra_large,ASE,-780.254273924406,,0.05116578,,,,True,structures/reference/20-P1.xyz
20-P2,extra_large,ASE,-231.546961600622,,0.04222072,,,,True,structures/reference/20-P2.xyz
20-R1,extra_large,ASE,-1011.790441560667,,0.08919314,,,,True,structures/reference/20-R1.xyz
20-TS,extra_large,ASE,-1011.777809942828,,0.08955301,,,,True,structures/reference/20-TS.xyz
21-P1,extra_large,ASE,-914.579885535065,,0.07422876,,,,True,structures/reference/21-P1.xyz
21-R1,extra_large,ASE,-914.567126120247,,0.07335338,,,,True,structures/reference/21-R1.xyz
21-TS,extra_large,ASE,-914.553978109251,,0.07441640,,,,True,structures/reference/21-TS.xyz
22-P1,extra_large,ASE,-595.212469872716,,0.10206549,,,,True,structures/reference/22-P1.xyz
22-R1,extra_large,ASE,-595.191237765318,,0.10466498,,,,True,structures/reference/22-R1.xyz
22-TS,extra_large,ASE,-595.174686442004,,0.10507040,,,,True,structures/reference/22-TS.xyz
23-P1,extra_large,ASE,-310.934326078117,,0.06955353,,,,True,structures/reference/23-P1.xyz
23-R1,extra_large,ASE,-310.927756664908,,0.06670106,,,,True,structures/reference/23-R1.xyz
23-TS,extra_large,ASE,-310.909154929571,,0.06659231,,,,True,structures/reference/23-TS.xyz
24-P1,extra_large,ASE,-463.392754486785,,0.08138462,,,,True,structures/reference/24-P1.xyz
24-R1,extra_large,ASE,-463.370864264609,,0.08047671,,,,True,structures/reference/24-R1.xyz
24-TS,extra_large,ASE,-463.365013263125,,0.08153820,,,,True,structures/reference/24-TS.xyz
25-P1,extra_large,ASE,-385.442295722814,,0.06205465,,,,True,structures/reference/25-P1.xyz
25-R1,extra_large,ASE,-384.764058123316,,0.05863501,,,,True,structures/reference/25-R1.xyz
25-R2,extra_large,ASE,-40.491095529720,,0.03788323,,,,True,structures/reference/25-R2.xyz
25-TS,extra_large,ASE,-425.230344260762,,0.07621619,,,,True,structures/reference/25-TS.xyz
26-P2,extra_large,ASE,-115.047597117390,,0.03924764,,,,True,structures/reference/26-P2.xyz
26-R2,extra_large,ASE,-115.717075008595,,0.03782446,,,,True,structures/reference/26-R2.xyz
26-TS,extra_large,ASE,-500.468127020470,,0.07843797,,,,True,structures/reference/26-TS.xyz
27-P1,extra_large,ASE,-75.742409048433,,0.04091693,,,,True,structures/reference/27-P1.xyz
27-P2,extra_large,ASE,-549.229747523725,,0.03557479,,,,True,structures/reference/27-P2.xyz
27-R1,extra_large,ASE,-548.543459576583,,0.03819137,,,,True,structures/reference/27-R1.xyz
27-R2,extra_large,ASE,-76.433639995795,,0.03891267,,,,True,structures/reference/27-R2.xyz
27-TS,extra_large,ASE,-624.965897713724,,0.03781177,,,,True,structures/reference/27-TS.xyz
28-TS,extra_large,ASE,-589.026048437522,,0.03815883,,,,True,structures/reference/28-TS.xyz
29-P1,extra_large,ASE,-157.745940633746,,0.04819646,,,,True,structures/reference/29-P1.xyz
29-R1,extra_large,ASE,-158.402929719239,,0.05103398,,,,True,structures/reference/29-R1.xyz
29-TS,extra_large,ASE,-706.943356032573,,0.06052740,,,,True,structures/reference/29-TS.xyz
3-P1,extra_large,ASE,-834.251567339985,,0.07536156,,,,True,structures/reference/3-P1.xyz
3-R1,extra_large,ASE,-834.223635365189,,0.07240981,,,,True,structures/reference/3-R1.xyz
3-TS,extra_large,ASE,-834.202896729693,,0.07603757,,,,True,structures/reference/3-TS.xyz
30-P1,extra_large,ASE,-117.232855947866,,0.03737201,,,,True,structures/reference/30-P1.xyz
30-R1,extra_large,ASE,-117.875482836963,,0.04042797,,,,True,structures/reference/30-R1.xyz
30-TS,extra_large,ASE,-666.416158030678,,0.04535162,,,,True,structures/reference/30-TS.xyz
31-P1,extra_large,ASE,-754.139137333408,,0.08981516,,,,True,structures/reference/31-P1.xyz
31-R1,extra_large,ASE,-754.112258261616,,0.09293775,,,,True,structures/reference/31-R1.xyz
31-TS,extra_large,ASE,-754.099833372199,,0.09237808,,,,True,structures/reference/31-TS.xyz
32-P1,extra_large,ASE,-562.378950030070,,0.06844437,,,,True,structures/reference/32-P1.xyz
32-R1,extra_large,ASE,-562.362476325223,,0.06948135,,,,True,structures/reference/32-R1.xyz
32-TS,extra_large,ASE,-562.343357978556,,0.06995347,,,,True,structures/reference/32-TS.xyz
33-P1,extra_large,ASE,-679.070261075091,,0.09751712,,,,True,structures/reference/33-P1.xyz
33-R1,extra_large,ASE,-679.056382545387,,0.09772162,,,,True,structures/reference/33-R1.xyz
33-TS,extra_large,ASE,-679.036929877617,,0.09779121,,,,True,structures/reference/33-TS.xyz
34-P1,extra_large,ASE,-1139.894972952066,,0.10449674,,,,True,structures/reference/34-P1.xyz
34-R1,extra_large,ASE,-1139.880007672985,,0.10480941,,,,True,structures/reference/34-R1.xyz
34-TS,extra_large,ASE,-1139.861682622657,,0.10514898,,,,True,structures/reference/34-TS.xyz
35-P1,extra_large,ASE,-3253.718174793470,,0.10453959,,,,True,structures/reference/35-P1.xyz
35-R1,extra_large,ASE,-3253.701948159148,,0.10491420,,,,True,structures/reference/35-R1.xyz
35-TS,extra_large,ASE,-3253.680649768629,,0.10142557,,,,True,structures/reference/35-TS.xyz
36-P1,extra_large,ASE,-1074.908086019006,,0.07877755,,,,True,structures/reference/36-P1.xyz
36-R1,extra_large,ASE,-1074.878400238889,,0.08050590,,,,True,structures/reference/36-R1.xyz
36-TS,extra_large,ASE,-1074.867594535808,,0.07915394,,,,True,structures/reference/36-TS.xyz
37-P1,extra_large,ASE,-751.940988552084,,0.07928318,,,,True,structures/reference/37-P1.xyz
37-R1,extra_large,ASE,-751.917327570056,,0.07995530,,,,True,structures/reference/37-R1.xyz
37-TS,extra_large,ASE,-751.900571713329,,0.07939011,,,,True,structures/reference/37-TS.xyz
38-P1,extra_large,ASE,-348.292748542523,,0.06151151,,,,True,structures/reference/38-P1.xyz
38-P2,extra_large,ASE,-460.133127436853,,0.03244190,,,,True,structures/reference/38-P2.xyz
38-R1,extra_large,ASE,-808.437696863142,,0.06701369,,,,True,structures/reference/38-R1.xyz
38-TS,extra_large,ASE,-808.424146689115,,0.06549706,,,,True,structures/reference/38-TS.xyz
39-P2,extra_large,ASE,-2573.975209949153,,0.03003242,,,,True,structures/reference/39-P2.xyz
39-R1,extra_large,ASE,-2922.261943829255,,0.06640598,,,,True,structures/reference/39-R1.xyz
39-TS,extra_large,ASE,-2922.256458112054,,0.06663634,,,,True,structures/reference/39-TS.xyz
4-P1,extra_large,ASE,-834.257696860396,,0.07597439,,,,True,structures/reference/4-P1.xyz
4-TS,extra_large,ASE,-834.199106036587,,0.07609473,,,,True,structures/reference/4-TS.xyz
40-P1,extra_large,ASE,-462.818934455331,,0.07458587,,,,True,structures/reference/40-P1.xyz
40-R1,extra_large,ASE,-922.968772776968,,0.07842683,,,,True,structures/reference/40-R1.xyz
40-TS,extra_large,ASE,-922.955323284494,,0.07627888,,,,True,structures/reference/40-TS.xyz
41-P1,extra_large,ASE,-822.708373940867,,0.07219239,,,,True,structures/reference/41-P1.xyz
41-R1,extra_large,ASE,-1282.856151742726,,0.07364536,,,,True,structures/reference/41-R1.xyz
41-TS,extra_large,ASE,-1282.848104319964,,0.07328361,,,,True,structures/reference/41-TS.xyz
42-P1,extra_large,ASE,-509.384448955309,,0.06121188,,,,True,structures/reference/42-P1.xyz
42-R1,extra_large,ASE,-430.782788800779,,0.04330232,,,,True,structures/reference/42-R1.xyz
42-TS,extra_large,ASE,-509.325659171528,,0.06121124,,,,True,structures/reference/42-TS.xyz
43-P1,extra_large,ASE,-304.715778938717,,0.05364518,,,,True,structures/reference/43-P1.xyz
43-R1,extra_large,ASE,-304.686308266963,,0.05321221,,,,True,structures/reference/43-R1.xyz
43-TS,extra_large,ASE,-304.670030358019,,0.05316198,,,,True,structures/reference/43-TS.xyz
44-P1,extra_large,ASE,-109.552577967460,,0.03986929,,,,True,structures/reference/44-P1.xyz
44-P2,extra_large,ASE,-195.188491896782,,0.04796700,,,,True,structures/reference/44-P2.xyz
44-TS,extra_large,ASE,-304.711155739358,,0.05417538,,,,True,structures/reference/44-TS.xyz
45-P1,extra_large,ASE,-422.622698805068,,0.08700072,,,,True,structures/reference/45-P1.xyz
45-R1,extra_large,ASE,-422.608305089992,,0.08716484,,,,True,structures/reference/45-R1.xyz
45-TS,extra_large,ASE,-422.586859498976,,0.08719163,,,,True,structures/reference/45-TS.xyz
46-P1,extra_large,ASE,-313.118733308057,,0.07929021,,,,True,structures/reference/46-P1.xyz
46-TS,extra_large,ASE,-422.621368548264,,0.08705003,,,,True,structures/reference/46-TS.xyz
47-P1,extra_large,ASE,-309.520058590133,,0.05332226,,,,True,structures/reference/47-P1.xyz
47-R1,extra_large,ASE,-419.070706851041,,0.06141552,,,,True,structures/reference/47-R1.xyz
47-TS,extra_large,ASE,-419.048949277851,,0.06167171,,,,True,structures/reference/47-TS.xyz
48-P1,extra_large,ASE,-951.526565143646,,0.11953609,,,,True,structures/reference/48-P1.xyz
48-R1,extra_large,ASE,-1061.037672593686,,0.13031924,,,,True,structures/reference/48-R1.xyz
48-TS,extra_large,ASE,-1061.033057455741,,0.12786347,,,,True,structures/reference/48-TS.xyz
49-P1,extra_large,ASE,-477.263873246025,,0.06277090,,,,True,structures/reference/49-P1.xyz
49-R1,extra_large,ASE,-586.731341297027,,0.07179006,,,,True,structures/reference/49-R1.xyz
49-TS,extra_large,ASE,-586.722963061646,,0.06947999,,,,True,structures/reference/49-TS.xyz
5-P1,extra_large,ASE,-440.101648579747,,0.06930003,,,,True,structures/reference/5-P1.xyz
5-R1,extra_large,ASE,-170.830968417281,,0.03759225,,,,True,structures/reference/5-R1.xyz
5-R2,extra_large,ASE,-269.225538888361,,0.04603800,,,,True,structures/reference/5-R2.xyz
5-TS,extra_large,ASE,-440.060763281332,,0.06955826,,,,True,structures/reference/5-TS.xyz
50-R1,extra_large,ASE,-645.018077615317,,0.07010701,,,,True,structures/reference/50-R1.xyz
50-R2,extra_large,ASE,-415.971637563339,,0.05054090,,,,True,structures/reference/50-R2.xyz
50-TS,extra_large,ASE,-1060.988921580667,,0.12406808,,,,True,structures/reference/50-TS.xyz
6-P1,extra_large,ASE,-440.130972916451,,0.06917616,,,,True,structures/reference/6-P1.xyz
6-TS,extra_large,ASE,-440.060203800821,,0.06974198,,,,True,structures/reference/6-TS.xyz
7-P1,extra_large,ASE,-616.019971182464,,0.10190664,,,,True,structures/reference/7-P1.xyz
7-R1,extra_large,ASE,-616.010851752607,,0.09218648,,,,True,structures/reference/7-R1.xyz
7-TS,extra_large,ASE,-615.975933179812,,0.10133570,,,,True,structures/reference/7-TS.xyz
8-P1,extra_large,ASE,-1115.589350974237,,0.05395401,,,,True,structures/reference/8-P1.xyz
8-R1,extra_large,ASE,-157.181727276984,,0.04570826,,,,True,structures/reference/8-R1.xyz
8-R2,extra_large,ASE,-958.352011442484,,0.03995217,,,,True,structures/reference/8-R2.xyz
8-TS,extra_large,ASE,-1115.534018354821,,0.05347183,,,,True,structures/reference/8-TS.xyz
9-P1,extra_large,ASE,-614.847270467147,,0.09729045,,,,True,structures/reference/9-P1.xyz
9-R1,extra_large,ASE,-614.830858712487,,0.09325385,,,,True,structures/reference/9-R1.xyz
9-TS,extra_large,ASE,-614.807476732918,,0.09568129,,,,True,structures/reference/9-TS.xyz
1-P1,orbmol_v1_conservative,ASE,-616.784652333695,,0.01439037,,,,True,structures/reference/1-P1.xyz
1-R1,orbmol_v1_conservative,ASE,-616.780469553718,,0.01235696,,,,True,structures/reference/1-R1.xyz
1-TS,orbmol_v1_conservative,ASE,-616.763921650164,,0.06087796,,,,True,structures/reference/1-TS.xyz
10-P1,orbmol_v1_conservative,ASE,-153.182123807857,,0.01382422,,,,True,structures/reference/10-P1.xyz
10-P2,orbmol_v1_conservative,ASE,-39.818009048935,,0.01258395,,,,True,structures/reference/10-P2.xyz
10-R1,orbmol_v1_conservative,ASE,-193.019630748630,,0.01189977,,,,True,structures/reference/10-R1.xyz
10-TS,orbmol_v1_conservative,ASE,-192.985642717930,,0.01145054,,,,True,structures/reference/10-TS.xyz
11-P1,orbmol_v1_conservative,ASE,-344.924360520228,,0.01267146,,,,True,structures/reference/11-P1.xyz
11-P2,orbmol_v1_conservative,ASE,-203.447876424009,,0.01064321,,,,True,structures/reference/11-P2.xyz
11-R1,orbmol_v1_conservative,ASE,-548.378674377924,,0.01186682,,,,True,structures/reference/11-R1.xyz
11-TS,orbmol_v1_conservative,ASE,-548.364052449633,,0.01162715,,,,True,structures/reference/11-TS.xyz
12-P1,orbmol_v1_conservative,ASE,-803.592178486756,,0.01228114,,,,True,structures/reference/12-P1.xyz
12-R1,orbmol_v1_conservative,ASE,-646.346361225971,,0.01041664,,,,True,structures/reference/12-R1.xyz
12-R2,orbmol_v1_conservative,ASE,-157.185280130658,,0.01112570,,,,True,structures/reference/12-R2.xyz
12-TS,orbmol_v1_conservative,ASE,-803.530903849702,,0.01087498,,,,True,structures/reference/12-TS.xyz
13-P1,orbmol_v1_conservative,ASE,-456.137120071149,,0.01062612,,,,True,structures/reference/13-P1.xyz
13-R2,orbmol_v1_conservative,ASE,-263.087264819056,,0.01089828,,,,True,structures/reference/13-R2.xyz
13-TS,orbmol_v1_conservative,ASE,-456.083014007128,,0.01176097,,,,True,structures/reference/13-TS.xyz
14-P1,orbmol_v1_conservative,ASE,-388.337375434201,,0.01244760,,,,True,structures/reference/14-P1.xyz
14-R1,orbmol_v1_conservative,ASE,-193.012065825997,,0.01106734,,,,True,structures/reference/14-R1.xyz
14-R2,orbmol_v1_conservative,ASE,-195.253874685421,,0.01228351,,,,True,structures/reference/14-R2.xyz
14-TS,orbmol_v1_conservative,ASE,-388.274319162478,,0.01039075,,,,True,structures/reference/14-TS.xyz
15-P1,orbmol_v1_conservative,ASE,-384.981972503008,,0.01086382,,,,True,structures/reference/15-P1.xyz
15-R1,orbmol_v1_conservative,ASE,-306.390947471506,,0.01078474,,,,True,structures/reference/15-R1.xyz
15-R2,orbmol_v1_conservative,ASE,-78.566516465749,,0.01092536,,,,True,structures/reference/15-R2.xyz
15-TS,orbmol_v1_conservative,ASE,-384.923048228325,,0.01125606,,,,True,structures/reference/15-TS.xyz
16-P1,orbmol_v1_conservative,ASE,-460.210718811958,,0.01247513,,,,True,structures/reference/16-P1.xyz
16-R1,orbmol_v1_conservative,ASE,-381.627306542087,,0.01284904,,,,True,structures/reference/16-R1.xyz
16-TS,orbmol_v1_conservative,ASE,-460.161949486021,,0.01049137,,,,True,structures/reference/16-TS.xyz
17-P1,orbmol_v1_conservative,ASE,-647.649543333888,,0.01062902,,,,True,structures/reference/17-P1.xyz
17-R2,orbmol_v1_conservative,ASE,-341.224742013062,,0.01050626,,,,True,structures/reference/17-R2.xyz
17-TS,orbmol_v1_conservative,ASE,-647.602061420214,,0.01114545,,,,True,structures/reference/17-TS.xyz
18-P1,orbmol_v1_conservative,ASE,-555.288353730614,,0.01106933,,,,True,structures/reference/18-P1.xyz
18-R1,orbmol_v1_conservative,ASE,-398.101455172058,,3.14875030,,,,True,structures/reference/18-R1.xyz
18-TS,orbmol_v1_conservative,ASE,-555.278148993388,,0.01369037,,,,True,structures/reference/18-TS.xyz
19-P1,orbmol_v1_conservative,ASE,-554.060165029823,,0.01230066,,,,True,structures/reference/19-P1.xyz
19-R2,orbmol_v1_conservative,ASE,-155.962885322801,,0.01098928,,,,True,structures/reference/19-R2.xyz
19-TS,orbmol_v1_conservative,ASE,-554.054276723869,,0.01223409,,,,True,structures/reference/19-TS.xyz
2-P1,orbmol_v1_conservative,ASE,-616.806389725847,,0.01213157,,,,True,structures/reference/2-P1.xyz
2-TS,orbmol_v1_conservative,ASE,-616.778904771648,,0.01274330,,,,True,structures/reference/2-TS.xyz
20-P1,orbmol_v1_conservative,ASE,-780.250872687788,,0.01238462,,,,True,structures/reference/20-P1.xyz
20-P2,orbmol_v1_conservative,ASE,-231.541767440295,,0.01427641,,,,True,structures/reference/20-P2.xyz
20-R1,orbmol_v1_conservative,ASE,-1011.787603487712,,0.01278177,,,,True,structures/reference/20-R1.xyz
20-TS,orbmol_v1_conservative,ASE,-1011.760973121131,,0.01256189,,,,True,structures/reference/20-TS.xyz
21-P1,orbmol_v1_conservative,ASE,-914.577042785091,,0.01244768,,,,True,structures/reference/21-P1.xyz
21-R1,orbmol_v1_conservative,ASE,-914.563899767431,,0.01220209,,,,True,structures/reference/21-R1.xyz
21-TS,orbmol_v1_conservative,ASE,-914.553014402181,,0.01198153,,,,True,structures/reference/21-TS.xyz
22-P1,orbmol_v1_conservative,ASE,-595.214242824120,,0.01280695,,,,True,structures/reference/22-P1.xyz
22-R1,orbmol_v1_conservative,ASE,-595.191073686777,,0.01204104,,,,True,structures/reference/22-R1.xyz
22-TS,orbmol_v1_conservative,ASE,-595.173108003120,,0.01237202,,,,True,structures/reference/22-TS.xyz
23-P1,orbmol_v1_conservative,ASE,-310.932451672021,,0.01313662,,,,True,structures/reference/23-P1.xyz
23-R1,orbmol_v1_conservative,ASE,-310.929621999693,,0.01306190,,,,True,structures/reference/23-R1.xyz
23-TS,orbmol_v1_conservative,ASE,-310.907275115931,,0.01273903,,,,True,structures/reference/23-TS.xyz
24-P1,orbmol_v1_conservative,ASE,-463.393982967148,,0.01342267,,,,True,structures/reference/24-P1.xyz
24-R1,orbmol_v1_conservative,ASE,-463.368649755863,,0.01245791,,,,True,structures/reference/24-R1.xyz
24-TS,orbmol_v1_conservative,ASE,-463.363278706880,,0.01211676,,,,True,structures/reference/24-TS.xyz
25-P1,orbmol_v1_conservative,ASE,-385.441159844792,,0.01316491,,,,True,structures/reference/25-P1.xyz
25-R1,orbmol_v1_conservative,ASE,-384.763019675526,,0.01412756,,,,True,structures/reference/25-R1.xyz
25-R2,orbmol_v1_conservative,ASE,-40.491087378572,,0.01216263,,,,True,structures/reference/25-R2.xyz
25-TS,orbmol_v1_conservative,ASE,-425.235320263550,,0.01319023,,,,True,structures/reference/25-TS.xyz
26-P2,orbmol_v1_conservative,ASE,-115.047779362143,,0.01195100,,,,True,structures/reference/26-P2.xyz
26-R2,orbmol_v1_conservative,ASE,-115.717008962623,,0.01287607,,,,True,structures/reference/26-R2.xyz
26-TS,orbmol_v1_conservative,ASE,-500.462074384910,,0.01438831,,,,True,structures/reference/26-TS.xyz
27-P1,orbmol_v1_conservative,ASE,-75.742442008635,,0.01321018,,,,True,structures/reference/27-P1.xyz
27-P2,orbmol_v1_conservative,ASE,-549.227498410369,,0.01271042,,,,True,structures/reference/27-P2.xyz
27-R1,orbmol_v1_conservative,ASE,-548.577630749729,,0.01254263,,,,True,structures/reference/27-R1.xyz
27-R2,orbmol_v1_conservative,ASE,-76.433593495391,,0.01178094,,,,True,structures/reference/27-R2.xyz
27-TS,orbmol_v1_conservative,ASE,-624.962990413676,,0.01332216,,,,True,structures/reference/27-TS.xyz
28-TS,orbmol_v1_conservative,ASE,-589.024425012382,,0.01299749,,,,True,structures/reference/28-TS.xyz
29-P1,orbmol_v1_conservative,ASE,-157.745286266849,,0.01239268,,,,True,structures/reference/29-P1.xyz
29-R1,orbmol_v1_conservative,ASE,-158.403077971170,,0.01339579,,,,True,structures/reference/29-R1.xyz
29-TS,orbmol_v1_conservative,ASE,-706.943365586213,,0.01446056,,,,True,structures/reference/29-TS.xyz
3-P1,orbmol_v1_conservative,ASE,-834.251301849482,,0.01307795,,,,True,structures/reference/3-P1.xyz
3-R1,orbmol_v1_conservative,ASE,-834.232044576411,,0.01284752,,,,True,structures/reference/3-R1.xyz
3-TS,orbmol_v1_conservative,ASE,-834.204984903016,,0.01352042,,,,True,structures/reference/3-TS.xyz
30-P1,orbmol_v1_conservative,ASE,-117.231399993891,,0.01202932,,,,True,structures/reference/30-P1.xyz
30-R1,orbmol_v1_conservative,ASE,-117.875424172448,,0.01310018,,,,True,structures/reference/30-R1.xyz
30-TS,orbmol_v1_conservative,ASE,-666.412738163369,,0.01435745,,,,True,structures/reference/30-TS.xyz
31-P1,orbmol_v1_conservative,ASE,-754.137807675488,,0.01313786,,,,True,structures/reference/31-P1.xyz
31-R1,orbmol_v1_conservative,ASE,-754.115880574549,,0.01349046,,,,True,structures/reference/31-R1.xyz
31-TS,orbmol_v1_conservative,ASE,-754.107787197464,,0.01287838,,,,True,structures/reference/31-TS.xyz
32-P1,orbmol_v1_conservative,ASE,-562.378600267087,,0.01215781,,,,True,structures/reference/32-P1.xyz
32-R1,orbmol_v1_conservative,ASE,-562.362136414724,,0.01217456,,,,True,structures/reference/32-R1.xyz
32-TS,orbmol_v1_conservative,ASE,-562.353937432614,,0.01277446,,,,True,structures/reference/32-TS.xyz
33-P1,orbmol_v1_conservative,ASE,-679.069159198266,,0.01306775,,,,True,structures/reference/33-P1.xyz
33-R1,orbmol_v1_conservative,ASE,-679.056576578102,,0.01394549,,,,True,structures/reference/33-R1.xyz
33-TS,orbmol_v1_conservative,ASE,-679.046403475070,,0.01262718,,,,True,structures/reference/33-TS.xyz
34-P1,orbmol_v1_conservative,ASE,-1139.893042704765,,0.01323356,,,,True,structures/reference/34-P1.xyz
34-R1,orbmol_v1_conservative,ASE,-1139.880319739352,,0.01280527,,,,True,structures/reference/34-R1.xyz
34-TS,orbmol_v1_conservative,ASE,-1139.871501991350,,0.01245209,,,,True,structures/reference/34-TS.xyz
35-P1,orbmol_v1_conservative,ASE,-3253.716000099669,,0.01267413,,,,True,structures/reference/35-P1.xyz
35-R1,orbmol_v1_conservative,ASE,-3253.702210372798,,0.01236946,,,,True,structures/reference/35-R1.xyz
35-TS,orbmol_v1_conservative,ASE,-3253.690885028956,,0.01215292,,,,True,structures/reference/35-TS.xyz
36-P1,orbmol_v1_conservative,ASE,-1074.906094953281,,0.01254106,,,,True,structures/reference/36-P1.xyz
36-R1,orbmol_v1_conservative,ASE,-1074.879965336588,,0.01270102,,,,True,structures/reference/36-R1.xyz
36-TS,orbmol_v1_conservative,ASE,-1074.874660526217,,0.01352974,,,,True,structures/reference/36-TS.xyz
37-P1,orbmol_v1_conservative,ASE,-751.938940211971,,0.01312736,,,,True,structures/reference/37-P1.xyz
37-R1,orbmol_v1_conservative,ASE,-751.916167929123,,0.01276511,,,,True,structures/reference/37-R1.xyz
37-TS,orbmol_v1_conservative,ASE,-751.907079676122,,0.01286258,,,,True,structures/reference/37-TS.xyz
38-P1,orbmol_v1_conservative,ASE,-348.291649190568,,0.01324334,,,,True,structures/reference/38-P1.xyz
38-P2,orbmol_v1_conservative,ASE,-460.122226518914,,0.01142648,,,,True,structures/reference/38-P2.xyz
38-R1,orbmol_v1_conservative,ASE,-808.437448717268,,0.01331255,,,,True,structures/reference/38-R1.xyz
38-TS,orbmol_v1_conservative,ASE,-808.421473786469,,0.01317127,,,,True,structures/reference/38-TS.xyz
39-P2,orbmol_v1_conservative,ASE,-2573.965616326456,,0.01062418,,,,True,structures/reference/39-P2.xyz
39-R1,orbmol_v1_conservative,ASE,-2922.260967199652,,0.01319483,,,,True,structures/reference/39-R1.xyz
39-TS,orbmol_v1_conservative,ASE,-2922.256161058261,,0.01269955,,,,True,structures/reference/39-TS.xyz
4-P1,orbmol_v1_conservative,ASE,-834.257303610964,,0.01349480,,,,True,structures/reference/4-P1.xyz
4-TS,orbmol_v1_conservative,ASE,-834.201182946870,,0.01325715,,,,True,structures/reference/4-TS.xyz
40-P1,orbmol_v1_conservative,ASE,-462.818953030991,,0.01263733,,,,True,structures/reference/40-P1.xyz
40-R1,orbmol_v1_conservative,ASE,-922.968816758723,,0.01305677,,,,True,structures/reference/40-R1.xyz
40-TS,orbmol_v1_conservative,ASE,-922.952950403173,,0.01295524,,,,True,structures/reference/40-TS.xyz
41-P1,orbmol_v1_conservative,ASE,-822.707473579334,,0.01246445,,,,True,structures/reference/41-P1.xyz
41-R1,orbmol_v1_conservative,ASE,-1282.858049281243,,0.01269529,,,,True,structures/reference/41-R1.xyz
41-TS,orbmol_v1_conservative,ASE,-1282.846320687946,,0.01346291,,,,True,structures/reference/41-TS.xyz
42-P1,orbmol_v1_conservative,ASE,-509.384184649839,,0.01300341,,,,True,structures/reference/42-P1.xyz
42-R1,orbmol_v1_conservative,ASE,-430.784692299753,,0.01194449,,,,True,structures/reference/42-R1.xyz
42-TS,orbmol_v1_conservative,ASE,-509.329276853283,,0.01236564,,,,True,structures/reference/42-TS.xyz
43-P1,orbmol_v1_conservative,ASE,-304.714973368287,,0.01280607,,,,True,structures/reference/43-P1.xyz
43-R1,orbmol_v1_conservative,ASE,-304.682520452469,,0.01227642,,,,True,structures/reference/43-R1.xyz
43-TS,orbmol_v1_conservative,ASE,-304.663593715329,,0.01328763,,,,True,structures/reference/43-TS.xyz
44-P1,orbmol_v1_conservative,ASE,-109.552578476407,,0.01291067,,,,True,structures/reference/44-P1.xyz
44-P2,orbmol_v1_conservative,ASE,-195.188619621436,,0.01313663,,,,True,structures/reference/44-P2.xyz
44-TS,orbmol_v1_conservative,ASE,-304.708512168431,,0.01213295,,,,True,structures/reference/44-TS.xyz
45-P1,orbmol_v1_conservative,ASE,-422.620790329480,,0.01233453,,,,True,structures/reference/45-P1.xyz
45-R1,orbmol_v1_conservative,ASE,-422.606666465610,,0.01272612,,,,True,structures/reference/45-R1.xyz
45-TS,orbmol_v1_conservative,ASE,-422.578027360548,,0.01192727,,,,True,structures/reference/45-TS.xyz
46-P1,orbmol_v1_conservative,ASE,-313.116571191792,,0.01258889,,,,True,structures/reference/46-P1.xyz
46-TS,orbmol_v1_conservative,ASE,-422.618001031163,,0.01451994,,,,True,structures/reference/46-TS.xyz
47-P1,orbmol_v1_conservative,ASE,-309.517930653769,,0.01378606,,,,True,structures/reference/47-P1.xyz
47-R1,orbmol_v1_conservative,ASE,-419.069263585798,,0.01391369,,,,True,structures/reference/47-R1.xyz
47-TS,orbmol_v1_conservative,ASE,-419.046705746075,,0.01206136,,,,True,structures/reference/47-TS.xyz
48-P1,orbmol_v1_conservative,ASE,-951.527286426709,,0.01438010,,,,True,structures/reference/48-P1.xyz
48-R1,orbmol_v1_conservative,ASE,-1061.038206695225,,0.01227597,,,,True,structures/reference/48-R1.xyz
48-TS,orbmol_v1_conservative,ASE,-1061.030393474175,,0.01303025,,,,True,structures/reference/48-TS.xyz
49-P1,orbmol_v1_conservative,ASE,-477.262192022481,,0.01158972,,,,True,structures/reference/49-P1.xyz
49-R1,orbmol_v1_conservative,ASE,-586.730546600979,,0.01225003,,,,True,structures/reference/49-R1.xyz
49-TS,orbmol_v1_conservative,ASE,-586.719798334761,,0.01317090,,,,True,structures/reference/49-TS.xyz
5-P1,orbmol_v1_conservative,ASE,-440.101382060419,,0.01233553,,,,True,structures/reference/5-P1.xyz
5-R1,orbmol_v1_conservative,ASE,-170.830841621736,,0.01249382,,,,True,structures/reference/5-R1.xyz
5-R2,orbmol_v1_conservative,ASE,-269.227455660494,,0.01120719,,,,True,structures/reference/5-R2.xyz
5-TS,orbmol_v1_conservative,ASE,-440.062564279870,,0.01288840,,,,True,structures/reference/5-TS.xyz
50-R1,orbmol_v1_conservative,ASE,-645.017722953537,,0.01300270,,,,True,structures/reference/50-R1.xyz
50-R2,orbmol_v1_conservative,ASE,-415.971972715672,,0.01286645,,,,True,structures/reference/50-R2.xyz
50-TS,orbmol_v1_conservative,ASE,-1060.984000695013,,0.01363317,,,,True,structures/reference/50-TS.xyz
6-P1,orbmol_v1_conservative,ASE,-440.130844504421,,0.01197665,,,,True,structures/reference/6-P1.xyz
6-TS,orbmol_v1_conservative,ASE,-440.062944626186,,0.01287671,,,,True,structures/reference/6-TS.xyz
7-P1,orbmol_v1_conservative,ASE,-616.021119177469,,0.01235876,,,,True,structures/reference/7-P1.xyz
7-R1,orbmol_v1_conservative,ASE,-616.001036572168,,0.01285913,,,,True,structures/reference/7-R1.xyz
7-TS,orbmol_v1_conservative,ASE,-615.975325958506,,0.01336509,,,,True,structures/reference/7-TS.xyz
8-P1,orbmol_v1_conservative,ASE,-1115.588600438560,,0.01315756,,,,True,structures/reference/8-P1.xyz
8-R1,orbmol_v1_conservative,ASE,-157.181712850642,,0.01218196,,,,True,structures/reference/8-R1.xyz
8-R2,orbmol_v1_conservative,ASE,-958.350282707303,,0.01309582,,,,True,structures/reference/8-R2.xyz
8-TS,orbmol_v1_conservative,ASE,-1115.530167083115,,0.01156200,,,,True,structures/reference/8-TS.xyz
9-P1,orbmol_v1_conservative,ASE,-614.844851481340,,0.01301099,,,,True,structures/reference/9-P1.xyz
9-R1,orbmol_v1_conservative,ASE,-614.832277263667,,0.01283995,,,,True,structures/reference/9-R1.xyz
9-TS,orbmol_v1_conservative,ASE,-614.808025765717,,0.01257685,,,,True,structures/reference/9-TS.xyz
1-P1,orbmol_v1_direct,ASE,-616.783787097506,,0.15319107,,,,True,structures/reference/1-P1.xyz
1-R1,orbmol_v1_direct,ASE,-616.779210499168,,0.00931140,,,,True,structures/reference/1-R1.xyz
1-TS,orbmol_v1_direct,ASE,-616.761709695778,,0.05945404,,,,True,structures/reference/1-TS.xyz
10-P1,orbmol_v1_direct,ASE,-153.183382498171,,0.15280352,,,,True,structures/reference/10-P1.xyz
10-P2,orbmol_v1_direct,ASE,-39.820211627355,,0.00879185,,,,True,structures/reference/10-P2.xyz
10-R1,orbmol_v1_direct,ASE,-193.015879303806,,0.01341710,,,,True,structures/reference/10-R1.xyz
10-TS,orbmol_v1_direct,ASE,-192.982974214229,,0.00932244,,,,True,structures/reference/10-TS.xyz
11-P1,orbmol_v1_direct,ASE,-344.926496887486,,0.00873541,,,,True,structures/reference/11-P1.xyz
11-P2,orbmol_v1_direct,ASE,-203.450708891600,,0.00840779,,,,True,structures/reference/11-P2.xyz
11-R1,orbmol_v1_direct,ASE,-548.379155442963,,0.00859172,,,,True,structures/reference/11-R1.xyz
11-TS,orbmol_v1_direct,ASE,-548.359417758971,,0.00851403,,,,True,structures/reference/11-TS.xyz
12-P1,orbmol_v1_direct,ASE,-803.592496332935,,0.00859575,,,,True,structures/reference/12-P1.xyz
12-R1,orbmol_v1_direct,ASE,-646.346404615602,,0.00845521,,,,True,structures/reference/12-R1.xyz
12-R2,orbmol_v1_direct,ASE,-157.185240605199,,0.00836762,,,,True,structures/reference/12-R2.xyz
12-TS,orbmol_v1_direct,ASE,-803.532705978345,,0.00844955,,,,True,structures/reference/12-TS.xyz
13-P1,orbmol_v1_direct,ASE,-456.135937308884,,0.00849827,,,,True,structures/reference/13-P1.xyz
13-R2,orbmol_v1_direct,ASE,-263.087317014272,,0.00838852,,,,True,structures/reference/13-R2.xyz
13-TS,orbmol_v1_direct,ASE,-456.078799457698,,0.00840463,,,,True,structures/reference/13-TS.xyz
14-P1,orbmol_v1_direct,ASE,-388.336003270270,,0.00846176,,,,True,structures/reference/14-P1.xyz
14-R1,orbmol_v1_direct,ASE,-193.009503854916,,0.00831978,,,,True,structures/reference/14-R1.xyz
14-R2,orbmol_v1_direct,ASE,-195.254194584076,,0.00841111,,,,True,structures/reference/14-R2.xyz
14-TS,orbmol_v1_direct,ASE,-388.268794728870,,0.00840249,,,,True,structures/reference/14-TS.xyz
15-P1,orbmol_v1_direct,ASE,-384.980823092333,,0.00838579,,,,True,structures/reference/15-P1.xyz
15-R1,orbmol_v1_direct,ASE,-306.391128667998,,0.00843728,,,,True,structures/reference/15-R1.xyz
15-R2,orbmol_v1_direct,ASE,-78.566463066669,,0.00962253,,,,True,structures/reference/15-R2.xyz
15-TS,orbmol_v1_direct,ASE,-384.914447086807,,0.00854960,,,,True,structures/reference/15-TS.xyz
16-P1,orbmol_v1_direct,ASE,-460.208830432220,,0.00847465,,,,True,structures/reference/16-P1.xyz
16-R1,orbmol_v1_direct,ASE,-381.627570631829,,0.00852137,,,,True,structures/reference/16-R1.xyz
16-TS,orbmol_v1_direct,ASE,-460.152688573687,,0.00849555,,,,True,structures/reference/16-TS.xyz
17-P1,orbmol_v1_direct,ASE,-647.648762643517,,0.00861946,,,,True,structures/reference/17-P1.xyz
17-R2,orbmol_v1_direct,ASE,-341.224714843512,,0.00840997,,,,True,structures/reference/17-R2.xyz
17-TS,orbmol_v1_direct,ASE,-647.596886169003,,0.00852685,,,,True,structures/reference/17-TS.xyz
18-P1,orbmol_v1_direct,ASE,-555.289941941527,,0.00836486,,,,True,structures/reference/18-P1.xyz
18-R1,orbmol_v1_direct,ASE,-398.087200999490,,0.02697411,,,,True,structures/reference/18-R1.xyz
18-TS,orbmol_v1_direct,ASE,-555.279326898019,,0.00901341,,,,True,structures/reference/18-TS.xyz
19-P1,orbmol_v1_direct,ASE,-554.059732371942,,0.00866559,,,,True,structures/reference/19-P1.xyz
19-R2,orbmol_v1_direct,ASE,-155.962742458351,,0.00840955,,,,True,structures/reference/19-R2.xyz
19-TS,orbmol_v1_direct,ASE,-554.051144553185,,0.00839203,,,,True,structures/reference/19-TS.xyz
2-P1,orbmol_v1_direct,ASE,-616.807748730270,,0.00856100,,,,True,structures/reference/2-P1.xyz
2-TS,orbmol_v1_direct,ASE,-616.780277203478,,0.00859668,,,,True,structures/reference/2-TS.xyz
20-P1,orbmol_v1_direct,ASE,-780.250862048389,,0.00853710,,,,True,structures/reference/20-P1.xyz
20-P2,orbmol_v1_direct,ASE,-231.543466997081,,0.00839073,,,,True,structures/reference/20-P2.xyz
20-R1,orbmol_v1_direct,ASE,-1011.792719660006,,0.00861735,,,,True,structures/reference/20-R1.xyz
20-TS,orbmol_v1_direct,ASE,-1011.762795379179,,0.00855424,,,,True,structures/reference/20-TS.xyz
21-P1,orbmol_v1_direct,ASE,-914.582350136489,,0.00856906,,,,True,structures/reference/21-P1.xyz
21-R1,orbmol_v1_direct,ASE,-914.562096850610,,0.00851007,,,,True,structures/reference/21-R1.xyz
21-TS,orbmol_v1_direct,ASE,-914.546418338696,,0.00848908,,,,True,structures/reference/21-TS.xyz
22-P1,orbmol_v1_direct,ASE,-595.212577571496,,0.00858857,,,,True,structures/reference/22-P1.xyz
22-R1,orbmol_v1_direct,ASE,-595.189008174036,,0.00850660,,,,True,structures/reference/22-R1.xyz
22-TS,orbmol_v1_direct,ASE,-595.169593034242,,0.00854111,,,,True,structures/reference/22-TS.xyz
23-P1,orbmol_v1_direct,ASE,-310.932489632178,,0.00851988,,,,True,structures/reference/23-P1.xyz
23-R1,orbmol_v1_direct,ASE,-310.927363061501,,0.00846123,,,,True,structures/reference/23-R1.xyz
23-TS,orbmol_v1_direct,ASE,-310.902004896835,,0.00828520,,,,True,structures/reference/23-TS.xyz
24-P1,orbmol_v1_direct,ASE,-463.393965075805,,0.00811700,,,,True,structures/reference/24-P1.xyz
24-R1,orbmol_v1_direct,ASE,-463.377403565419,,0.00788734,,,,True,structures/reference/24-R1.xyz
24-TS,orbmol_v1_direct,ASE,-463.361391854704,,0.00780482,,,,True,structures/reference/24-TS.xyz
25-P1,orbmol_v1_direct,ASE,-385.441005427890,,0.00807642,,,,True,structures/reference/25-P1.xyz
25-R1,orbmol_v1_direct,ASE,-384.769714231025,,0.00869480,,,,True,structures/reference/25-R1.xyz
25-R2,orbmol_v1_direct,ASE,-40.491024898738,,0.00808173,,,,True,structures/reference/25-R2.xyz
25-TS,orbmol_v1_direct,ASE,-425.235891116421,,0.00809001,,,,True,structures/reference/25-TS.xyz
26-P2,orbmol_v1_direct,ASE,-115.047805857588,,0.00820020,,,,True,structures/reference/26-P2.xyz
26-R2,orbmol_v1_direct,ASE,-115.716987756725,,0.00806792,,,,True,structures/reference/26-R2.xyz
26-TS,orbmol_v1_direct,ASE,-500.468150267229,,0.00777066,,,,True,structures/reference/26-TS.xyz
27-P1,orbmol_v1_direct,ASE,-75.742549777805,,0.01083595,,,,True,structures/reference/27-P1.xyz
27-P2,orbmol_v1_direct,ASE,-549.228620169356,,0.00756134,,,,True,structures/reference/27-P2.xyz
27-R1,orbmol_v1_direct,ASE,-548.576830875826,,0.00756093,,,,True,structures/reference/27-R1.xyz
27-R2,orbmol_v1_direct,ASE,-76.433598996109,,0.00747981,,,,True,structures/reference/27-R2.xyz
27-TS,orbmol_v1_direct,ASE,-624.962352149549,,0.00753723,,,,True,structures/reference/27-TS.xyz
28-TS,orbmol_v1_direct,ASE,-589.017790544835,,0.00751315,,,,True,structures/reference/28-TS.xyz
29-P1,orbmol_v1_direct,ASE,-157.745787616916,,0.00748607,,,,True,structures/reference/29-P1.xyz
29-R1,orbmol_v1_direct,ASE,-158.403021256549,,0.00754650,,,,True,structures/reference/29-R1.xyz
29-TS,orbmol_v1_direct,ASE,-706.939732857389,,0.00768066,,,,True,structures/reference/29-TS.xyz
3-P1,orbmol_v1_direct,ASE,-834.250982158371,,0.00761899,,,,True,structures/reference/3-P1.xyz
3-R1,orbmol_v1_direct,ASE,-834.225889905508,,0.00761076,,,,True,structures/reference/3-R1.xyz
3-TS,orbmol_v1_direct,ASE,-834.203163008102,,0.00763730,,,,True,structures/reference/3-TS.xyz
30-P1,orbmol_v1_direct,ASE,-117.231491859434,,0.00752659,,,,True,structures/reference/30-P1.xyz
30-R1,orbmol_v1_direct,ASE,-117.875401302935,,0.00759150,,,,True,structures/reference/30-R1.xyz
30-TS,orbmol_v1_direct,ASE,-666.410151742911,,0.00797987,,,,True,structures/reference/30-TS.xyz
31-P1,orbmol_v1_direct,ASE,-754.135666486978,,0.00825351,,,,True,structures/reference/31-P1.xyz
31-R1,orbmol_v1_direct,ASE,-754.112884691645,,0.00827536,,,,True,structures/reference/31-R1.xyz
31-TS,orbmol_v1_direct,ASE,-754.099761182834,,0.00794272,,,,True,structures/reference/31-TS.xyz
32-P1,orbmol_v1_direct,ASE,-562.377073651075,,0.00768616,,,,True,structures/reference/32-P1.xyz
32-R1,orbmol_v1_direct,ASE,-562.362155002554,,0.00762142,,,,True,structures/reference/32-R1.xyz
32-TS,orbmol_v1_direct,ASE,-562.347796718995,,0.00758241,,,,True,structures/reference/32-TS.xyz
33-P1,orbmol_v1_direct,ASE,-679.068454827141,,0.00765704,,,,True,structures/reference/33-P1.xyz
33-R1,orbmol_v1_direct,ASE,-679.055834130693,,0.00765592,,,,True,structures/reference/33-R1.xyz
33-TS,orbmol_v1_direct,ASE,-679.039039754223,,0.00762172,,,,True,structures/reference/33-TS.xyz
34-P1,orbmol_v1_direct,ASE,-1139.893693954739,,0.00755723,,,,True,structures/reference/34-P1.xyz
34-R1,orbmol_v1_direct,ASE,-1139.879555351917,,0.00766292,,,,True,structures/reference/34-R1.xyz
34-TS,orbmol_v1_direct,ASE,-1139.863956808874,,0.00767478,,,,True,structures/reference/34-TS.xyz
35-P1,orbmol_v1_direct,ASE,-3253.715335742161,,0.00762652,,,,True,structures/reference/35-P1.xyz
35-R1,orbmol_v1_direct,ASE,-3253.701597045734,,0.00767915,,,,True,structures/reference/35-R1.xyz
35-TS,orbmol_v1_direct,ASE,-3253.685665286137,,0.00771616,,,,True,structures/reference/35-TS.xyz
36-P1,orbmol_v1_direct,ASE,-1074.904650495290,,0.00764631,,,,True,structures/reference/36-P1.xyz
36-R1,orbmol_v1_direct,ASE,-1074.880946614414,,0.00763212,,,,True,structures/reference/36-R1.xyz
36-TS,orbmol_v1_direct,ASE,-1074.866820736454,,0.00761302,,,,True,structures/reference/36-TS.xyz
37-P1,orbmol_v1_direct,ASE,-751.936935899318,,0.00755253,,,,True,structures/reference/37-P1.xyz
37-R1,orbmol_v1_direct,ASE,-751.913503734314,,0.00757396,,,,True,structures/reference/37-R1.xyz
37-TS,orbmol_v1_direct,ASE,-751.904561381905,,0.00761800,,,,True,structures/reference/37-TS.xyz
38-P1,orbmol_v1_direct,ASE,-348.291561981136,,0.00813659,,,,True,structures/reference/38-P1.xyz
38-P2,orbmol_v1_direct,ASE,-460.126638816558,,0.00705435,,,,True,structures/reference/38-P2.xyz
38-R1,orbmol_v1_direct,ASE,-808.432203950236,,0.00808067,,,,True,structures/reference/38-R1.xyz
38-TS,orbmol_v1_direct,ASE,-808.423950441988,,0.00769160,,,,True,structures/reference/38-TS.xyz
39-P2,orbmol_v1_direct,ASE,-2573.969084596832,,0.00643644,,,,True,structures/reference/39-P2.xyz
39-R1,orbmol_v1_direct,ASE,-2922.256882871214,,0.00757557,,,,True,structures/reference/39-R1.xyz
39-TS,orbmol_v1_direct,ASE,-2922.255256662261,,0.00759503,,,,True,structures/reference/39-TS.xyz
4-P1,orbmol_v1_direct,ASE,-834.258401031943,,0.00904790,,,,True,structures/reference/4-P1.xyz
4-TS,orbmol_v1_direct,ASE,-834.200585727111,,0.00860536,,,,True,structures/reference/4-TS.xyz
40-P1,orbmol_v1_direct,ASE,-462.818127064147,,0.00870289,,,,True,structures/reference/40-P1.xyz
40-R1,orbmol_v1_direct,ASE,-922.964057109843,,0.00869469,,,,True,structures/reference/40-R1.xyz
40-TS,orbmol_v1_direct,ASE,-922.956744905692,,0.00840746,,,,True,structures/reference/40-TS.xyz
41-P1,orbmol_v1_direct,ASE,-822.706996131251,,0.00837115,,,,True,structures/reference/41-P1.xyz
41-R1,orbmol_v1_direct,ASE,-1282.853993496361,,0.00834994,,,,True,structures/reference/41-R1.xyz
41-TS,orbmol_v1_direct,ASE,-1282.852384877445,,0.00842508,,,,True,structures/reference/41-TS.xyz
42-P1,orbmol_v1_direct,ASE,-509.384829417952,,0.00794262,,,,True,structures/reference/42-P1.xyz
42-R1,orbmol_v1_direct,ASE,-430.782095093753,,0.00755895,,,,True,structures/reference/42-R1.xyz
42-TS,orbmol_v1_direct,ASE,-509.324911383138,,0.00758633,,,,True,structures/reference/42-TS.xyz
43-P1,orbmol_v1_direct,ASE,-304.715783888280,,0.00765369,,,,True,structures/reference/43-P1.xyz
43-R1,orbmol_v1_direct,ASE,-304.677893129937,,0.00755749,,,,True,structures/reference/43-R1.xyz
43-TS,orbmol_v1_direct,ASE,-304.661532466107,,0.00754408,,,,True,structures/reference/43-TS.xyz
44-P1,orbmol_v1_direct,ASE,-109.552599389540,,0.00740196,,,,True,structures/reference/44-P1.xyz
44-P2,orbmol_v1_direct,ASE,-195.189250386505,,0.00751478,,,,True,structures/reference/44-P2.xyz
44-TS,orbmol_v1_direct,ASE,-304.708678097085,,0.00754512,,,,True,structures/reference/44-TS.xyz
45-P1,orbmol_v1_direct,ASE,-422.620480503657,,0.00761327,,,,True,structures/reference/45-P1.xyz
45-R1,orbmol_v1_direct,ASE,-422.610216080388,,0.00767099,,,,True,structures/reference/45-R1.xyz
45-TS,orbmol_v1_direct,ASE,-422.579361150928,,0.00756063,,,,True,structures/reference/45-TS.xyz
46-P1,orbmol_v1_direct,ASE,-313.117461116108,,0.00757411,,,,True,structures/reference/46-P1.xyz
46-TS,orbmol_v1_direct,ASE,-422.618761968028,,0.00764204,,,,True,structures/reference/46-TS.xyz
47-P1,orbmol_v1_direct,ASE,-309.518424103670,,0.00881299,,,,True,structures/reference/47-P1.xyz
47-R1,orbmol_v1_direct,ASE,-419.070271855784,,0.00767833,,,,True,structures/reference/47-R1.xyz
47-TS,orbmol_v1_direct,ASE,-419.048782796412,,0.00763295,,,,True,structures/reference/47-TS.xyz
48-P1,orbmol_v1_direct,ASE,-951.524006195703,,0.00778299,,,,True,structures/reference/48-P1.xyz
48-R1,orbmol_v1_direct,ASE,-1061.037244097490,,0.00826352,,,,True,structures/reference/48-R1.xyz
48-TS,orbmol_v1_direct,ASE,-1061.029191890364,,0.00766553,,,,True,structures/reference/48-TS.xyz
49-P1,orbmol_v1_direct,ASE,-477.263178415614,,0.00760730,,,,True,structures/reference/49-P1.xyz
49-R1,orbmol_v1_direct,ASE,-586.729629110775,,0.00763347,,,,True,structures/reference/49-R1.xyz
49-TS,orbmol_v1_direct,ASE,-586.719725947611,,0.00761410,,,,True,structures/reference/49-TS.xyz
5-P1,orbmol_v1_direct,ASE,-440.099859147329,,0.00754655,,,,True,structures/reference/5-P1.xyz
5-R1,orbmol_v1_direct,ASE,-170.830843692788,,0.00758912,,,,True,structures/reference/5-R1.xyz
5-R2,orbmol_v1_direct,ASE,-269.229388878573,,0.00751811,,,,True,structures/reference/5-R2.xyz
5-TS,orbmol_v1_direct,ASE,-440.060233170833,,0.00755114,,,,True,structures/reference/5-TS.xyz
50-R1,orbmol_v1_direct,ASE,-645.015584631321,,0.00752213,,,,True,structures/reference/50-R1.xyz
50-R2,orbmol_v1_direct,ASE,-415.971713180896,,0.00759385,,,,True,structures/reference/50-R2.xyz
50-TS,orbmol_v1_direct,ASE,-1060.981628637798,,0.00767513,,,,True,structures/reference/50-TS.xyz
6-P1,orbmol_v1_direct,ASE,-440.128810943983,,0.00756775,,,,True,structures/reference/6-P1.xyz
6-TS,orbmol_v1_direct,ASE,-440.057614871743,,0.00760250,,,,True,structures/reference/6-TS.xyz
7-P1,orbmol_v1_direct,ASE,-616.019152893650,,0.00760326,,,,True,structures/reference/7-P1.xyz
7-R1,orbmol_v1_direct,ASE,-615.995592088222,,0.00760093,,,,True,structures/reference/7-R1.xyz
7-TS,orbmol_v1_direct,ASE,-615.978937817766,,0.00767972,,,,True,structures/reference/7-TS.xyz
8-P1,orbmol_v1_direct,ASE,-1115.588645955223,,0.00753341,,,,True,structures/reference/8-P1.xyz
8-R1,orbmol_v1_direct,ASE,-157.181705259911,,0.00753210,,,,True,structures/reference/8-R1.xyz
8-R2,orbmol_v1_direct,ASE,-958.350111818137,,0.00746294,,,,True,structures/reference/8-R2.xyz
8-TS,orbmol_v1_direct,ASE,-1115.530255297980,,0.00760514,,,,True,structures/reference/8-TS.xyz
9-P1,orbmol_v1_direct,ASE,-614.846443074585,,0.00767821,,,,True,structures/reference/9-P1.xyz
9-R1,orbmol_v1_direct,ASE,-614.827440632958,,0.00929002,,,,True,structures/reference/9-R1.xyz
9-TS,orbmol_v1_direct,ASE,-614.807322380602,,0.00782892,,,,True,structures/reference/9-TS.xyz
1-P1,orbmol_v2,ASE,-616.785299601466,,0.01844292,,,,True,structures/reference/1-P1.xyz
1-R1,orbmol_v2,ASE,-616.783267495474,,0.01549673,,,,True,structures/reference/1-R1.xyz
1-TS,orbmol_v2,ASE,-616.772245337851,,0.01498217,,,,True,structures/reference/1-TS.xyz
10-P1,orbmol_v2,ASE,-153.183145231788,,0.01517181,,,,True,structures/reference/10-P1.xyz
10-P2,orbmol_v2,ASE,-39.819094262577,,0.01459664,,,,True,structures/reference/10-P2.xyz
10-R1,orbmol_v2,ASE,-193.022528153444,,0.06288123,,,,True,structures/reference/10-R1.xyz
10-TS,orbmol_v2,ASE,-192.988140141411,,0.01564268,,,,True,structures/reference/10-TS.xyz
11-P1,orbmol_v2,ASE,-344.924283798217,,0.01600362,,,,True,structures/reference/11-P1.xyz
11-P2,orbmol_v2,ASE,-203.450943937640,,0.01525390,,,,True,structures/reference/11-P2.xyz
11-R1,orbmol_v2,ASE,-548.381696225464,,0.01614047,,,,True,structures/reference/11-R1.xyz
11-TS,orbmol_v2,ASE,-548.362491636623,,0.01482379,,,,True,structures/reference/11-TS.xyz
12-P1,orbmol_v2,ASE,-803.593460950837,,0.01500585,,,,True,structures/reference/12-P1.xyz
12-R1,orbmol_v2,ASE,-646.348168138206,,0.01529539,,,,True,structures/reference/12-R1.xyz
12-R2,orbmol_v2,ASE,-157.185332718509,,0.01511583,,,,True,structures/reference/12-R2.xyz
12-TS,orbmol_v2,ASE,-803.535095071597,,0.01473125,,,,True,structures/reference/12-TS.xyz
13-P1,orbmol_v2,ASE,-456.137963123961,,0.01530941,,,,True,structures/reference/13-P1.xyz
13-R2,orbmol_v2,ASE,-263.087405251923,,0.01529372,,,,True,structures/reference/13-R2.xyz
13-TS,orbmol_v2,ASE,-456.085622476663,,0.01496292,,,,True,structures/reference/13-TS.xyz
14-P1,orbmol_v2,ASE,-388.335492378229,,0.01492547,,,,True,structures/reference/14-P1.xyz
14-R1,orbmol_v2,ASE,-193.007876146165,,0.01546412,,,,True,structures/reference/14-R1.xyz
14-R2,orbmol_v2,ASE,-195.254138858981,,0.01492574,,,,True,structures/reference/14-R2.xyz
14-TS,orbmol_v2,ASE,-388.280416496815,,0.01519242,,,,True,structures/reference/14-TS.xyz
15-P1,orbmol_v2,ASE,-384.981219809827,,0.01467927,,,,True,structures/reference/15-P1.xyz
15-R1,orbmol_v2,ASE,-306.391808643556,,0.01438951,,,,True,structures/reference/15-R1.xyz
15-R2,orbmol_v2,ASE,-78.566514688215,,0.02113577,,,,True,structures/reference/15-R2.xyz
15-TS,orbmol_v2,ASE,-384.925584142047,,0.01571210,,,,True,structures/reference/15-TS.xyz
16-P1,orbmol_v2,ASE,-460.208823590336,,0.01594807,,,,True,structures/reference/16-P1.xyz
16-R1,orbmol_v2,ASE,-381.629098734630,,0.01625504,,,,True,structures/reference/16-R1.xyz
16-TS,orbmol_v2,ASE,-460.162156227594,,0.01538286,,,,True,structures/reference/16-TS.xyz
17-P1,orbmol_v2,ASE,-647.648298170645,,0.01511702,,,,True,structures/reference/17-P1.xyz
17-R2,orbmol_v2,ASE,-341.224792896758,,0.01631253,,,,True,structures/reference/17-R2.xyz
17-TS,orbmol_v2,ASE,-647.611098312005,,0.01492997,,,,True,structures/reference/17-TS.xyz
18-P1,orbmol_v2,ASE,-555.289621209961,,0.01589920,,,,True,structures/reference/18-P1.xyz
18-R1,orbmol_v2,ASE,-398.087099897989,,3.78011215,,,,True,structures/reference/18-R1.xyz
18-TS,orbmol_v2,ASE,-555.276892431146,,0.01566122,,,,True,structures/reference/18-TS.xyz
19-P1,orbmol_v2,ASE,-554.060881055201,,0.01496119,,,,True,structures/reference/19-P1.xyz
19-R2,orbmol_v2,ASE,-155.962908823927,,0.01328055,,,,True,structures/reference/19-R2.xyz
19-TS,orbmol_v2,ASE,-554.052361017342,,0.01379351,,,,True,structures/reference/19-TS.xyz
2-P1,orbmol_v2,ASE,-616.807082764849,,0.01386084,,,,True,structures/reference/2-P1.xyz
2-TS,orbmol_v2,ASE,-616.779315302094,,0.01321455,,,,True,structures/reference/2-TS.xyz
20-P1,orbmol_v2,ASE,-780.252117754652,,0.01435853,,,,True,structures/reference/20-P1.xyz
20-P2,orbmol_v2,ASE,-231.542817572006,,0.01260165,,,,True,structures/reference/20-P2.xyz
20-R1,orbmol_v2,ASE,-1011.790918502443,,0.01483469,,,,True,structures/reference/20-R1.xyz
20-TS,orbmol_v2,ASE,-1011.773179355277,,0.01340891,,,,True,structures/reference/20-TS.xyz
21-P1,orbmol_v2,ASE,-914.581285558763,,0.01419201,,,,True,structures/reference/21-P1.xyz
21-R1,orbmol_v2,ASE,-914.569005910155,,0.01283564,,,,True,structures/reference/21-R1.xyz
21-TS,orbmol_v2,ASE,-914.557440254207,,0.01313651,,,,True,structures/reference/21-TS.xyz
22-P1,orbmol_v2,ASE,-595.213857208724,,0.01386729,,,,True,structures/reference/22-P1.xyz
22-R1,orbmol_v2,ASE,-595.189221815961,,0.01399324,,,,True,structures/reference/22-R1.xyz
22-TS,orbmol_v2,ASE,-595.175888119154,,0.01434826,,,,True,structures/reference/22-TS.xyz
23-P1,orbmol_v2,ASE,-310.933022274732,,0.01416537,,,,True,structures/reference/23-P1.xyz
23-R1,orbmol_v2,ASE,-310.926798771610,,0.01332319,,,,True,structures/reference/23-R1.xyz
23-TS,orbmol_v2,ASE,-310.914235116192,,0.01390885,,,,True,structures/reference/23-TS.xyz
24-P1,orbmol_v2,ASE,-463.392379594077,,0.01309938,,,,True,structures/reference/24-P1.xyz
24-R1,orbmol_v2,ASE,-463.373484193233,,0.01393890,,,,True,structures/reference/24-R1.xyz
24-TS,orbmol_v2,ASE,-463.369556326773,,0.01316512,,,,True,structures/reference/24-TS.xyz
25-P1,orbmol_v2,ASE,-385.441331534551,,0.01348404,,,,True,structures/reference/25-P1.xyz
25-R1,orbmol_v2,ASE,-384.792661489484,,0.01438952,,,,True,structures/reference/25-R1.xyz
25-R2,orbmol_v2,ASE,-40.491091965333,,0.01402779,,,,True,structures/reference/25-R2.xyz
25-TS,orbmol_v2,ASE,-425.239291776525,,0.01365063,,,,True,structures/reference/25-TS.xyz
26-P2,orbmol_v2,ASE,-115.047959380467,,0.01405345,,,,True,structures/reference/26-P2.xyz
26-R2,orbmol_v2,ASE,-115.717063038528,,0.01360773,,,,True,structures/reference/26-R2.xyz
26-TS,orbmol_v2,ASE,-500.469316140220,,0.01289359,,,,True,structures/reference/26-TS.xyz
27-P1,orbmol_v2,ASE,-75.742451322344,,0.01370207,,,,True,structures/reference/27-P1.xyz
27-P2,orbmol_v2,ASE,-549.228685196455,,0.01564423,,,,True,structures/reference/27-P2.xyz
27-R1,orbmol_v2,ASE,-548.569875469941,,0.01506677,,,,True,structures/reference/27-R1.xyz
27-R2,orbmol_v2,ASE,-76.433586341446,,0.01359471,,,,True,structures/reference/27-R2.xyz
27-TS,orbmol_v2,ASE,-624.965186819464,,0.01317730,,,,True,structures/reference/27-TS.xyz
28-TS,orbmol_v2,ASE,-589.026596920397,,0.01389173,,,,True,structures/reference/28-TS.xyz
29-P1,orbmol_v2,ASE,-157.745515619960,,0.01420611,,,,True,structures/reference/29-P1.xyz
29-R1,orbmol_v2,ASE,-158.403148345315,,0.01364466,,,,True,structures/reference/29-R1.xyz
29-TS,orbmol_v2,ASE,-706.943519880123,,0.01329922,,,,True,structures/reference/29-TS.xyz
3-P1,orbmol_v2,ASE,-834.251088571665,,0.01365438,,,,True,structures/reference/3-P1.xyz
3-R1,orbmol_v2,ASE,-834.232909770092,,0.01356952,,,,True,structures/reference/3-R1.xyz
3-TS,orbmol_v2,ASE,-834.210063021376,,0.01377865,,,,True,structures/reference/3-TS.xyz
30-P1,orbmol_v2,ASE,-117.231956389471,,0.01423963,,,,True,structures/reference/30-P1.xyz
30-R1,orbmol_v2,ASE,-117.875430994543,,0.01335462,,,,True,structures/reference/30-R1.xyz
30-TS,orbmol_v2,ASE,-666.413552968391,,0.01329495,,,,True,structures/reference/30-TS.xyz
31-P1,orbmol_v2,ASE,-754.139696991710,,0.01425336,,,,True,structures/reference/31-P1.xyz
31-R1,orbmol_v2,ASE,-754.117018441755,,0.01447311,,,,True,structures/reference/31-R1.xyz
31-TS,orbmol_v2,ASE,-754.104712472937,,0.01294152,,,,True,structures/reference/31-TS.xyz
32-P1,orbmol_v2,ASE,-562.379235772247,,0.01378706,,,,True,structures/reference/32-P1.xyz
32-R1,orbmol_v2,ASE,-562.363248391043,,0.01290150,,,,True,structures/reference/32-R1.xyz
32-TS,orbmol_v2,ASE,-562.350336373972,,0.01271658,,,,True,structures/reference/32-TS.xyz
33-P1,orbmol_v2,ASE,-679.071007316875,,0.01497409,,,,True,structures/reference/33-P1.xyz
33-R1,orbmol_v2,ASE,-679.056428373588,,0.01429931,,,,True,structures/reference/33-R1.xyz
33-TS,orbmol_v2,ASE,-679.040921301177,,0.01356744,,,,True,structures/reference/33-TS.xyz
34-P1,orbmol_v2,ASE,-1139.895714442689,,0.01387378,,,,True,structures/reference/34-P1.xyz
34-R1,orbmol_v2,ASE,-1139.880530984449,,0.01349345,,,,True,structures/reference/34-R1.xyz
34-TS,orbmol_v2,ASE,-1139.866673363001,,0.01409132,,,,True,structures/reference/34-TS.xyz
35-P1,orbmol_v2,ASE,-3253.716455030136,,0.01386284,,,,True,structures/reference/35-P1.xyz
35-R1,orbmol_v2,ASE,-3253.701756265932,,0.01349654,,,,True,structures/reference/35-R1.xyz
35-TS,orbmol_v2,ASE,-3253.686391606537,,0.01374456,,,,True,structures/reference/35-TS.xyz
36-P1,orbmol_v2,ASE,-1074.907620771977,,0.01383489,,,,True,structures/reference/36-P1.xyz
36-R1,orbmol_v2,ASE,-1074.883029792378,,0.01274623,,,,True,structures/reference/36-R1.xyz
36-TS,orbmol_v2,ASE,-1074.871817172461,,0.01332585,,,,True,structures/reference/36-TS.xyz
37-P1,orbmol_v2,ASE,-751.940830334272,,0.01358462,,,,True,structures/reference/37-P1.xyz
37-R1,orbmol_v2,ASE,-751.917488022605,,0.01335057,,,,True,structures/reference/37-R1.xyz
37-TS,orbmol_v2,ASE,-751.904733935558,,0.01275066,,,,True,structures/reference/37-TS.xyz
38-P1,orbmol_v2,ASE,-348.292693237264,,0.01322210,,,,True,structures/reference/38-P1.xyz
38-P2,orbmol_v2,ASE,-460.141389038351,,0.01223652,,,,True,structures/reference/38-P2.xyz
38-R1,orbmol_v2,ASE,-808.439705092656,,0.01292001,,,,True,structures/reference/38-R1.xyz
38-TS,orbmol_v2,ASE,-808.423643179871,,0.01327385,,,,True,structures/reference/38-TS.xyz
39-P2,orbmol_v2,ASE,-2573.975991273258,,0.01153115,,,,True,structures/reference/39-P2.xyz
39-R1,orbmol_v2,ASE,-2922.263523571993,,0.01331789,,,,True,structures/reference/39-R1.xyz
39-TS,orbmol_v2,ASE,-2922.258070526442,,0.01381681,,,,True,structures/reference/39-TS.xyz
4-P1,orbmol_v2,ASE,-834.258316676213,,0.01376808,,,,True,structures/reference/4-P1.xyz
4-TS,orbmol_v2,ASE,-834.204466752350,,0.01352254,,,,True,structures/reference/4-TS.xyz
40-P1,orbmol_v2,ASE,-462.818500391713,,0.01238823,,,,True,structures/reference/40-P1.xyz
40-R1,orbmol_v2,ASE,-922.970744052626,,0.01342786,,,,True,structures/reference/40-R1.xyz
40-TS,orbmol_v2,ASE,-922.954647303237,,0.01337598,,,,True,structures/reference/40-TS.xyz
41-P1,orbmol_v2,ASE,-822.706839999562,,0.01258837,,,,True,structures/reference/41-P1.xyz
41-R1,orbmol_v2,ASE,-1282.860346017500,,0.01316511,,,,True,structures/reference/41-R1.xyz
41-TS,orbmol_v2,ASE,-1282.848535852580,,0.01379438,,,,True,structures/reference/41-TS.xyz
42-P1,orbmol_v2,ASE,-509.383266920878,,0.01336494,,,,True,structures/reference/42-P1.xyz
42-R1,orbmol_v2,ASE,-430.783408304562,,0.01341719,,,,True,structures/reference/42-R1.xyz
42-TS,orbmol_v2,ASE,-509.333762416440,,0.01425019,,,,True,structures/reference/42-TS.xyz
43-P1,orbmol_v2,ASE,-304.715034130823,,0.01406399,,,,True,structures/reference/43-P1.xyz
43-R1,orbmol_v2,ASE,-304.684155065456,,0.01364372,,,,True,structures/reference/43-R1.xyz
43-TS,orbmol_v2,ASE,-304.667145331578,,0.01408116,,,,True,structures/reference/43-TS.xyz
44-P1,orbmol_v2,ASE,-109.552608626584,,0.01272638,,,,True,structures/reference/44-P1.xyz
44-P2,orbmol_v2,ASE,-195.189602055708,,0.01337189,,,,True,structures/reference/44-P2.xyz
44-TS,orbmol_v2,ASE,-304.711952729864,,0.01291382,,,,True,structures/reference/44-TS.xyz
45-P1,orbmol_v2,ASE,-422.623127041090,,0.01297270,,,,True,structures/reference/45-P1.xyz
45-R1,orbmol_v2,ASE,-422.606781796146,,0.01333798,,,,True,structures/reference/45-R1.xyz
45-TS,orbmol_v2,ASE,-422.585950015495,,0.01396123,,,,True,structures/reference/45-TS.xyz
46-P1,orbmol_v2,ASE,-313.118117015688,,0.01428046,,,,True,structures/reference/46-P1.xyz
46-TS,orbmol_v2,ASE,-422.622179631799,,0.01344086,,,,True,structures/reference/46-TS.xyz
47-P1,orbmol_v2,ASE,-309.520969647997,,0.01413023,,,,True,structures/reference/47-P1.xyz
47-R1,orbmol_v2,ASE,-419.071272727319,,0.01421420,,,,True,structures/reference/47-R1.xyz
47-TS,orbmol_v2,ASE,-419.049960751777,,0.01357059,,,,True,structures/reference/47-TS.xyz
48-P1,orbmol_v2,ASE,-951.528049436816,,0.01430476,,,,True,structures/reference/48-P1.xyz
48-R1,orbmol_v2,ASE,-1061.037152055609,,0.01502782,,,,True,structures/reference/48-R1.xyz
48-TS,orbmol_v2,ASE,-1061.034366178744,,0.01353490,,,,True,structures/reference/48-TS.xyz
49-P1,orbmol_v2,ASE,-477.261656882837,,0.01272937,,,,True,structures/reference/49-P1.xyz
49-R1,orbmol_v2,ASE,-586.734486291383,,0.01348412,,,,True,structures/reference/49-R1.xyz
49-TS,orbmol_v2,ASE,-586.722179157256,,0.01415694,,,,True,structures/reference/49-TS.xyz
5-P1,orbmol_v2,ASE,-440.101520031243,,0.01435118,,,,True,structures/reference/5-P1.xyz
5-R1,orbmol_v2,ASE,-170.830911159136,,0.01345890,,,,True,structures/reference/5-R1.xyz
5-R2,orbmol_v2,ASE,-269.226613229764,,0.01263412,,,,True,structures/reference/5-R2.xyz
5-TS,orbmol_v2,ASE,-440.068664435481,,0.01405092,,,,True,structures/reference/5-TS.xyz
50-R1,orbmol_v2,ASE,-645.016565065798,,0.01388383,,,,True,structures/reference/50-R1.xyz
50-R2,orbmol_v2,ASE,-415.971763017018,,0.01383448,,,,True,structures/reference/50-R2.xyz
50-TS,orbmol_v2,ASE,-1060.987151497565,,0.01412130,,,,True,structures/reference/50-TS.xyz
6-P1,orbmol_v2,ASE,-440.130193289495,,0.01307025,,,,True,structures/reference/6-P1.xyz
6-TS,orbmol_v2,ASE,-440.061366517539,,0.01393779,,,,True,structures/reference/6-TS.xyz
7-P1,orbmol_v2,ASE,-616.019144044568,,0.01371248,,,,True,structures/reference/7-P1.xyz
7-R1,orbmol_v2,ASE,-615.997758715897,,0.01377310,,,,True,structures/reference/7-R1.xyz
7-TS,orbmol_v2,ASE,-615.979094909249,,0.01387673,,,,True,structures/reference/7-TS.xyz
8-P1,orbmol_v2,ASE,-1115.589075832027,,0.01396255,,,,True,structures/reference/8-P1.xyz
8-R1,orbmol_v2,ASE,-157.181767567591,,0.01286523,,,,True,structures/reference/8-R1.xyz
8-R2,orbmol_v2,ASE,-958.351729994692,,0.01288735,,,,True,structures/reference/8-R2.xyz
8-TS,orbmol_v2,ASE,-1115.533197070293,,0.01346247,,,,True,structures/reference/8-TS.xyz
9-P1,orbmol_v2,ASE,-614.845956544662,,0.01340101,,,,True,structures/reference/9-P1.xyz
9-R1,orbmol_v2,ASE,-614.830019893823,,0.01818884,,,,True,structures/reference/9-R1.xyz
9-TS,orbmol_v2,ASE,-614.811157073440,,0.01315509,,,,True,structures/reference/9-TS.xyz
1-P1,polar-1-l,ASE,-616.781770926651,,0.49959145,,,,True,structures/reference/1-P1.xyz
1-R1,polar-1-l,ASE,-616.782327600233,,0.59129105,,,,True,structures/reference/1-R1.xyz
1-TS,polar-1-l,ASE,-616.763408061795,,0.42349104,,,,True,structures/reference/1-TS.xyz
10-P1,polar-1-l,ASE,-153.182376196232,,0.47284808,,,,True,structures/reference/10-P1.xyz
10-P2,polar-1-l,ASE,-39.817659812449,,0.21964244,,,,True,structures/reference/10-P2.xyz
10-R1,polar-1-l,ASE,-193.012899047010,,0.28293865,,,,True,structures/reference/10-R1.xyz
10-TS,polar-1-l,ASE,-192.987678883776,,0.17145988,,,,True,structures/reference/10-TS.xyz
11-P1,polar-1-l,ASE,-344.923301046995,,0.13624635,,,,True,structures/reference/11-P1.xyz
11-P2,polar-1-l,ASE,-203.447381468125,,0.14162147,,,,True,structures/reference/11-P2.xyz
11-R1,polar-1-l,ASE,-548.382738736896,,0.16227948,,,,True,structures/reference/11-R1.xyz
11-TS,polar-1-l,ASE,-548.367121295363,,0.16441866,,,,True,structures/reference/11-TS.xyz
12-P1,polar-1-l,ASE,-803.592260105224,,0.18001413,,,,True,structures/reference/12-P1.xyz
12-R1,polar-1-l,ASE,-646.346801875522,,0.13574625,,,,True,structures/reference/12-R1.xyz
12-R2,polar-1-l,ASE,-157.185388548278,,0.13694616,,,,True,structures/reference/12-R2.xyz
12-TS,polar-1-l,ASE,-803.529577969605,,0.18395071,,,,True,structures/reference/12-TS.xyz
13-P1,polar-1-l,ASE,-456.138252411403,,0.15957215,,,,True,structures/reference/13-P1.xyz
13-R2,polar-1-l,ASE,-263.087535282395,,0.15462902,,,,True,structures/reference/13-R2.xyz
13-TS,polar-1-l,ASE,-456.092020201001,,0.15897056,,,,True,structures/reference/13-TS.xyz
14-P1,polar-1-l,ASE,-388.336782242805,,0.17488366,,,,True,structures/reference/14-P1.xyz
14-R1,polar-1-l,ASE,-193.008602073628,,0.17223091,,,,True,structures/reference/14-R1.xyz
14-R2,polar-1-l,ASE,-195.254014608997,,0.13771095,,,,True,structures/reference/14-R2.xyz
14-TS,polar-1-l,ASE,-388.281907849851,,0.17720344,,,,True,structures/reference/14-TS.xyz
15-P1,polar-1-l,ASE,-384.982141416110,,0.16032615,,,,True,structures/reference/15-P1.xyz
15-R1,polar-1-l,ASE,-306.389725271150,,0.13535566,,,,True,structures/reference/15-R1.xyz
15-R2,polar-1-l,ASE,-78.566488293117,,0.14390102,,,,True,structures/reference/15-R2.xyz
15-TS,polar-1-l,ASE,-384.923123746775,,0.15984765,,,,True,structures/reference/15-TS.xyz
16-P1,polar-1-l,ASE,-460.210003153112,,0.16444837,,,,True,structures/reference/16-P1.xyz
16-R1,polar-1-l,ASE,-381.626883626569,,0.13824551,,,,True,structures/reference/16-R1.xyz
16-TS,polar-1-l,ASE,-460.162785561771,,0.16353949,,,,True,structures/reference/16-TS.xyz
17-P1,polar-1-l,ASE,-647.649024100392,,0.16754771,,,,True,structures/reference/17-P1.xyz
17-R2,polar-1-l,ASE,-341.224809832848,,0.15893422,,,,True,structures/reference/17-R2.xyz
17-TS,polar-1-l,ASE,-647.609991758950,,0.16723872,,,,True,structures/reference/17-TS.xyz
18-P1,polar-1-l,ASE,-555.288158495583,,0.13829913,,,,True,structures/reference/18-P1.xyz
18-R1,polar-1-l,ASE,-398.101735558133,,0.09464881,,,,True,structures/reference/18-R1.xyz
18-TS,polar-1-l,ASE,-555.274569456030,,0.13814851,,,,True,structures/reference/18-TS.xyz
19-P1,polar-1-l,ASE,-554.057212861043,,0.13317049,,,,True,structures/reference/19-P1.xyz
19-R2,polar-1-l,ASE,-155.962740832103,,0.17383521,,,,True,structures/reference/19-R2.xyz
19-TS,polar-1-l,ASE,-554.049423721109,,0.13362697,,,,True,structures/reference/19-TS.xyz
2-P1,polar-1-l,ASE,-616.804014975245,,0.20942525,,,,True,structures/reference/2-P1.xyz
2-TS,polar-1-l,ASE,-616.776605685907,,0.20791175,,,,True,structures/reference/2-TS.xyz
20-P1,polar-1-l,ASE,-780.249563658872,,0.13953910,,,,True,structures/reference/20-P1.xyz
20-P2,polar-1-l,ASE,-231.541182143523,,0.13423128,,,,True,structures/reference/20-P2.xyz
20-R1,polar-1-l,ASE,-1011.791048801706,,0.19025282,,,,True,structures/reference/20-R1.xyz
20-TS,polar-1-l,ASE,-1011.777842503375,,0.18887996,,,,True,structures/reference/20-TS.xyz
21-P1,polar-1-l,ASE,-914.579723135537,,0.16760482,,,,True,structures/reference/21-P1.xyz
21-R1,polar-1-l,ASE,-914.565120477914,,0.16971203,,,,True,structures/reference/21-R1.xyz
21-TS,polar-1-l,ASE,-914.552220089202,,0.16910051,,,,True,structures/reference/21-TS.xyz
22-P1,polar-1-l,ASE,-595.213276224452,,0.20133413,,,,True,structures/reference/22-P1.xyz
22-R1,polar-1-l,ASE,-595.191253597439,,0.20280012,,,,True,structures/reference/22-R1.xyz
22-TS,polar-1-l,ASE,-595.177987852167,,0.20322387,,,,True,structures/reference/22-TS.xyz
23-P1,polar-1-l,ASE,-310.933442167612,,0.16243232,,,,True,structures/reference/23-P1.xyz
23-R1,polar-1-l,ASE,-310.926016164309,,0.16123262,,,,True,structures/reference/23-R1.xyz
23-TS,polar-1-l,ASE,-310.915079244141,,0.16083611,,,,True,structures/reference/23-TS.xyz
24-P1,polar-1-l,ASE,-463.395298621127,,0.17353777,,,,True,structures/reference/24-P1.xyz
24-R1,polar-1-l,ASE,-463.375471303360,,0.17376299,,,,True,structures/reference/24-R1.xyz
24-TS,polar-1-l,ASE,-463.370822122112,,0.17542871,,,,True,structures/reference/24-TS.xyz
25-P1,polar-1-l,ASE,-385.439963252919,,0.15724508,,,,True,structures/reference/25-P1.xyz
25-R1,polar-1-l,ASE,-384.766798542690,,0.15472140,,,,True,structures/reference/25-R1.xyz
25-R2,polar-1-l,ASE,-40.490848557230,,0.13772646,,,,True,structures/reference/25-R2.xyz
25-TS,polar-1-l,ASE,-425.242191215156,,0.17564633,,,,True,structures/reference/25-TS.xyz
26-P2,polar-1-l,ASE,-115.047707809968,,0.13617873,,,,True,structures/reference/26-P2.xyz
26-R2,polar-1-l,ASE,-115.717081511928,,0.13916331,,,,True,structures/reference/26-R2.xyz
26-TS,polar-1-l,ASE,-500.475572299600,,0.17288171,,,,True,structures/reference/26-TS.xyz
27-P1,polar-1-l,ASE,-75.742419458825,,0.11457491,,,,True,structures/reference/27-P1.xyz
27-P2,polar-1-l,ASE,-549.225429674640,,0.12686580,,,,True,structures/reference/27-P2.xyz
27-R1,polar-1-l,ASE,-548.546646078531,,0.12342181,,,,True,structures/reference/27-R1.xyz
27-R2,polar-1-l,ASE,-76.433635169831,,0.12351911,,,,True,structures/reference/27-R2.xyz
27-TS,polar-1-l,ASE,-624.966416512015,,0.13890586,,,,True,structures/reference/27-TS.xyz
28-TS,polar-1-l,ASE,-589.024855450654,,0.14966948,,,,True,structures/reference/28-TS.xyz
29-P1,polar-1-l,ASE,-157.744559656022,,0.13516523,,,,True,structures/reference/29-P1.xyz
29-R1,polar-1-l,ASE,-158.403131530926,,0.14080995,,,,True,structures/reference/29-R1.xyz
29-TS,polar-1-l,ASE,-706.950403831549,,0.15690439,,,,True,structures/reference/29-TS.xyz
3-P1,polar-1-l,ASE,-834.249035795471,,0.17203756,,,,True,structures/reference/3-P1.xyz
3-R1,polar-1-l,ASE,-834.228311557555,,0.17057162,,,,True,structures/reference/3-R1.xyz
3-TS,polar-1-l,ASE,-834.204853864404,,0.17206257,,,,True,structures/reference/3-TS.xyz
30-P1,polar-1-l,ASE,-117.230195528629,,0.15384788,,,,True,structures/reference/30-P1.xyz
30-R1,polar-1-l,ASE,-117.875453500713,,0.17092500,,,,True,structures/reference/30-R1.xyz
30-TS,polar-1-l,ASE,-666.417535621229,,0.13670691,,,,True,structures/reference/30-TS.xyz
31-P1,polar-1-l,ASE,-754.137559271175,,0.19486021,,,,True,structures/reference/31-P1.xyz
31-R1,polar-1-l,ASE,-754.116219138947,,0.19717319,,,,True,structures/reference/31-R1.xyz
31-TS,polar-1-l,ASE,-754.106468171928,,0.19868438,,,,True,structures/reference/31-TS.xyz
32-P1,polar-1-l,ASE,-562.377825650293,,0.16574111,,,,True,structures/reference/32-P1.xyz
32-R1,polar-1-l,ASE,-562.361306707318,,0.16591654,,,,True,structures/reference/32-R1.xyz
32-TS,polar-1-l,ASE,-562.347567729529,,0.16667675,,,,True,structures/reference/32-TS.xyz
33-P1,polar-1-l,ASE,-679.068674813980,,0.20001989,,,,True,structures/reference/33-P1.xyz
33-R1,polar-1-l,ASE,-679.054919071231,,0.19974656,,,,True,structures/reference/33-R1.xyz
33-TS,polar-1-l,ASE,-679.042703525938,,0.20037077,,,,True,structures/reference/33-TS.xyz
34-P1,polar-1-l,ASE,-1139.893943608846,,0.20624529,,,,True,structures/reference/34-P1.xyz
34-R1,polar-1-l,ASE,-1139.880467278932,,0.20801606,,,,True,structures/reference/34-R1.xyz
34-TS,polar-1-l,ASE,-1139.866246186577,,0.20696198,,,,True,structures/reference/34-TS.xyz
35-P1,polar-1-l,ASE,-3253.716128897691,,0.20727181,,,,True,structures/reference/35-P1.xyz
35-R1,polar-1-l,ASE,-3253.701955441837,,0.20793408,,,,True,structures/reference/35-R1.xyz
35-TS,polar-1-l,ASE,-3253.685301422428,,0.20570379,,,,True,structures/reference/35-TS.xyz
36-P1,polar-1-l,ASE,-1074.907952313661,,0.17682655,,,,True,structures/reference/36-P1.xyz
36-R1,polar-1-l,ASE,-1074.881752549692,,0.17912539,,,,True,structures/reference/36-R1.xyz
36-TS,polar-1-l,ASE,-1074.871038797805,,0.17756368,,,,True,structures/reference/36-TS.xyz
37-P1,polar-1-l,ASE,-751.939351375069,,0.17889830,,,,True,structures/reference/37-P1.xyz
37-R1,polar-1-l,ASE,-751.919089891979,,0.17981121,,,,True,structures/reference/37-R1.xyz
37-TS,polar-1-l,ASE,-751.906026349592,,0.17759004,,,,True,structures/reference/37-TS.xyz
38-P1,polar-1-l,ASE,-348.289951192956,,0.16111916,,,,True,structures/reference/38-P1.xyz
38-P2,polar-1-l,ASE,-460.128315461912,,0.08362680,,,,True,structures/reference/38-P2.xyz
38-R1,polar-1-l,ASE,-808.437035099018,,0.16415820,,,,True,structures/reference/38-R1.xyz
38-TS,polar-1-l,ASE,-808.425671539928,,0.16452305,,,,True,structures/reference/38-TS.xyz
39-P2,polar-1-l,ASE,-2573.971110028076,,0.08406623,,,,True,structures/reference/39-P2.xyz
39-R1,polar-1-l,ASE,-2922.261096194542,,0.16435286,,,,True,structures/reference/39-R1.xyz
39-TS,polar-1-l,ASE,-2922.257524432760,,0.16513443,,,,True,structures/reference/39-TS.xyz
4-P1,polar-1-l,ASE,-834.255691869406,,0.17272032,,,,True,structures/reference/4-P1.xyz
4-TS,polar-1-l,ASE,-834.199839804053,,0.17222652,,,,True,structures/reference/4-TS.xyz
40-P1,polar-1-l,ASE,-462.816066508023,,0.17373961,,,,True,structures/reference/40-P1.xyz
40-R1,polar-1-l,ASE,-922.968348995053,,0.17754979,,,,True,structures/reference/40-R1.xyz
40-TS,polar-1-l,ASE,-922.957398863287,,0.17509749,,,,True,structures/reference/40-TS.xyz
41-P1,polar-1-l,ASE,-822.704190911887,,0.17196713,,,,True,structures/reference/41-P1.xyz
41-R1,polar-1-l,ASE,-1282.857252780113,,0.17449117,,,,True,structures/reference/41-R1.xyz
41-TS,polar-1-l,ASE,-1282.851092642429,,0.17445514,,,,True,structures/reference/41-TS.xyz
42-P1,polar-1-l,ASE,-509.382396626473,,0.15738878,,,,True,structures/reference/42-P1.xyz
42-R1,polar-1-l,ASE,-430.784474583115,,0.13398773,,,,True,structures/reference/42-R1.xyz
42-TS,polar-1-l,ASE,-509.329864147373,,0.15856201,,,,True,structures/reference/42-TS.xyz
43-P1,polar-1-l,ASE,-304.715333880500,,0.14332122,,,,True,structures/reference/43-P1.xyz
43-R1,polar-1-l,ASE,-304.685104856230,,0.13906662,,,,True,structures/reference/43-R1.xyz
43-TS,polar-1-l,ASE,-304.666329331120,,0.14025628,,,,True,structures/reference/43-TS.xyz
44-P1,polar-1-l,ASE,-109.552765930538,,0.11234069,,,,True,structures/reference/44-P1.xyz
44-P2,polar-1-l,ASE,-195.188435267295,,0.13529795,,,,True,structures/reference/44-P2.xyz
44-TS,polar-1-l,ASE,-304.708604359259,,0.13917216,,,,True,structures/reference/44-TS.xyz
45-P1,polar-1-l,ASE,-422.622823069908,,0.18014630,,,,True,structures/reference/45-P1.xyz
45-R1,polar-1-l,ASE,-422.605334723681,,0.18026041,,,,True,structures/reference/45-R1.xyz
45-TS,polar-1-l,ASE,-422.584197229328,,0.17997694,,,,True,structures/reference/45-TS.xyz
46-P1,polar-1-l,ASE,-313.117992006967,,0.17300525,,,,True,structures/reference/46-P1.xyz
46-TS,polar-1-l,ASE,-422.619806936081,,0.17953396,,,,True,structures/reference/46-TS.xyz
47-P1,polar-1-l,ASE,-309.518638008063,,0.14679265,,,,True,structures/reference/47-P1.xyz
47-R1,polar-1-l,ASE,-419.067719889699,,0.15813130,,,,True,structures/reference/47-R1.xyz
47-TS,polar-1-l,ASE,-419.044316285432,,0.15802951,,,,True,structures/reference/47-TS.xyz
48-P1,polar-1-l,ASE,-951.523484798339,,0.25721694,,,,True,structures/reference/48-P1.xyz
48-R1,polar-1-l,ASE,-1061.035204835652,,0.26697093,,,,True,structures/reference/48-R1.xyz
48-TS,polar-1-l,ASE,-1061.031432551429,,0.26715058,,,,True,structures/reference/48-TS.xyz
49-P1,polar-1-l,ASE,-477.259184932237,,0.16029400,,,,True,structures/reference/49-P1.xyz
49-R1,polar-1-l,ASE,-586.729034785204,,0.16743395,,,,True,structures/reference/49-R1.xyz
49-TS,polar-1-l,ASE,-586.722542207193,,0.16628650,,,,True,structures/reference/49-TS.xyz
5-P1,polar-1-l,ASE,-440.101620365692,,0.16282843,,,,True,structures/reference/5-P1.xyz
5-R1,polar-1-l,ASE,-170.830991216274,,0.15382761,,,,True,structures/reference/5-R1.xyz
5-R2,polar-1-l,ASE,-269.223396037134,,0.13231550,,,,True,structures/reference/5-R2.xyz
5-TS,polar-1-l,ASE,-440.064120772447,,0.16279325,,,,True,structures/reference/5-TS.xyz
50-R1,polar-1-l,ASE,-645.017286507518,,0.16903991,,,,True,structures/reference/50-R1.xyz
50-R2,polar-1-l,ASE,-415.971380470410,,0.13924367,,,,True,structures/reference/50-R2.xyz
50-TS,polar-1-l,ASE,-1060.986906482759,,0.26364013,,,,True,structures/reference/50-TS.xyz
6-P1,polar-1-l,ASE,-440.129382423622,,0.16590279,,,,True,structures/reference/6-P1.xyz
6-TS,polar-1-l,ASE,-440.061055967211,,0.16527643,,,,True,structures/reference/6-TS.xyz
7-P1,polar-1-l,ASE,-616.016518655113,,0.20534525,,,,True,structures/reference/7-P1.xyz
7-R1,polar-1-l,ASE,-616.003812929751,,0.20115949,,,,True,structures/reference/7-R1.xyz
7-TS,polar-1-l,ASE,-615.981690575898,,0.20460572,,,,True,structures/reference/7-TS.xyz
8-P1,polar-1-l,ASE,-1115.589146277729,,0.14274646,,,,True,structures/reference/8-P1.xyz
8-R1,polar-1-l,ASE,-157.181695017223,,0.13552935,,,,True,structures/reference/8-R1.xyz
8-R2,polar-1-l,ASE,-958.350104318858,,0.12736823,,,,True,structures/reference/8-R2.xyz
8-TS,polar-1-l,ASE,-1115.533663659635,,0.14213600,,,,True,structures/reference/8-TS.xyz
9-P1,polar-1-l,ASE,-614.845425643035,,0.20134290,,,,True,structures/reference/9-P1.xyz
9-R1,polar-1-l,ASE,-614.830869207441,,0.19844608,,,,True,structures/reference/9-R1.xyz
9-TS,polar-1-l,ASE,-614.810673130340,,0.19910783,,,,True,structures/reference/9-TS.xyz
1-P1,polar-1-m,ASE,-616.780537542702,,0.36893323,,,,True,structures/reference/1-P1.xyz
1-R1,polar-1-m,ASE,-616.778376036384,,0.42402861,,,,True,structures/reference/1-R1.xyz
1-TS,polar-1-m,ASE,-616.759774170634,,0.31673289,,,,True,structures/reference/1-TS.xyz
10-P1,polar-1-m,ASE,-153.180931879424,,0.41391088,,,,True,structures/reference/10-P1.xyz
10-P2,polar-1-m,ASE,-39.817327439302,,0.11127487,,,,True,structures/reference/10-P2.xyz
10-R1,polar-1-m,ASE,-193.013549142549,,0.12397879,,,,True,structures/reference/10-R1.xyz
10-TS,polar-1-m,ASE,-192.986220164991,,0.08023961,,,,True,structures/reference/10-TS.xyz
11-P1,polar-1-m,ASE,-344.923217980941,,0.06806144,,,,True,structures/reference/11-P1.xyz
11-P2,polar-1-m,ASE,-203.442179190092,,0.07218295,,,,True,structures/reference/11-P2.xyz
11-R1,polar-1-m,ASE,-548.382185400742,,0.07954233,,,,True,structures/reference/11-R1.xyz
11-TS,polar-1-m,ASE,-548.362291105551,,0.08027365,,,,True,structures/reference/11-TS.xyz
12-P1,polar-1-m,ASE,-803.589662171774,,0.08642506,,,,True,structures/reference/12-P1.xyz
12-R1,polar-1-m,ASE,-646.343816304025,,0.06836836,,,,True,structures/reference/12-R1.xyz
12-R2,polar-1-m,ASE,-157.185404503201,,0.06854102,,,,True,structures/reference/12-R2.xyz
12-TS,polar-1-m,ASE,-803.521151097978,,0.08956070,,,,True,structures/reference/12-TS.xyz
13-P1,polar-1-m,ASE,-456.137365208418,,0.07742486,,,,True,structures/reference/13-P1.xyz
13-R2,polar-1-m,ASE,-263.087267013347,,0.07482949,,,,True,structures/reference/13-R2.xyz
13-TS,polar-1-m,ASE,-456.091803808960,,0.07755449,,,,True,structures/reference/13-TS.xyz
14-P1,polar-1-m,ASE,-388.333374235759,,0.08410183,,,,True,structures/reference/14-P1.xyz
14-R1,polar-1-m,ASE,-193.009485791097,,0.07885200,,,,True,structures/reference/14-R1.xyz
14-R2,polar-1-m,ASE,-195.254142589978,,0.06919023,,,,True,structures/reference/14-R2.xyz
14-TS,polar-1-m,ASE,-388.267572577494,,0.08441994,,,,True,structures/reference/14-TS.xyz
15-P1,polar-1-m,ASE,-384.981916423495,,0.07724026,,,,True,structures/reference/15-P1.xyz
15-R1,polar-1-m,ASE,-306.388970385479,,0.06805594,,,,True,structures/reference/15-R1.xyz
15-R2,polar-1-m,ASE,-78.566486552689,,0.07105985,,,,True,structures/reference/15-R2.xyz
15-TS,polar-1-m,ASE,-384.925607307147,,0.07750097,,,,True,structures/reference/15-TS.xyz
16-P1,polar-1-m,ASE,-460.208953205905,,0.08011099,,,,True,structures/reference/16-P1.xyz
16-R1,polar-1-m,ASE,-381.628757014555,,0.06859247,,,,True,structures/reference/16-R1.xyz
16-TS,polar-1-m,ASE,-460.164898549209,,0.07993232,,,,True,structures/reference/16-TS.xyz
17-P1,polar-1-m,ASE,-647.647482426045,,0.08229448,,,,True,structures/reference/17-P1.xyz
17-R2,polar-1-m,ASE,-341.224620043688,,0.07332052,,,,True,structures/reference/17-R2.xyz
17-TS,polar-1-m,ASE,-647.604166924997,,0.08112432,,,,True,structures/reference/17-TS.xyz
18-P1,polar-1-m,ASE,-555.289915067974,,0.06868181,,,,True,structures/reference/18-P1.xyz
18-R1,polar-1-m,ASE,-398.090125361399,,0.06239790,,,,True,structures/reference/18-R1.xyz
18-TS,polar-1-m,ASE,-555.277088382673,,0.06792681,,,,True,structures/reference/18-TS.xyz
19-P1,polar-1-m,ASE,-554.059183073521,,0.06683372,,,,True,structures/reference/19-P1.xyz
19-R2,polar-1-m,ASE,-155.962718228930,,0.07995185,,,,True,structures/reference/19-R2.xyz
19-TS,polar-1-m,ASE,-554.050848474389,,0.06726641,,,,True,structures/reference/19-TS.xyz
2-P1,polar-1-m,ASE,-616.803696846484,,0.09836402,,,,True,structures/reference/2-P1.xyz
2-TS,polar-1-m,ASE,-616.772623125746,,0.09811632,,,,True,structures/reference/2-TS.xyz
20-P1,polar-1-m,ASE,-780.248899462164,,0.07028235,,,,True,structures/reference/20-P1.xyz
20-P2,polar-1-m,ASE,-231.541271542067,,0.06629328,,,,True,structures/reference/20-P2.xyz
20-R1,polar-1-m,ASE,-1011.791536721383,,0.09001414,,,,True,structures/reference/20-R1.xyz
20-TS,polar-1-m,ASE,-1011.777942706063,,0.08975280,,,,True,structures/reference/20-TS.xyz
21-P1,polar-1-m,ASE,-914.580670804917,,0.08309832,,,,True,structures/reference/21-P1.xyz
21-R1,polar-1-m,ASE,-914.562904450599,,0.08446758,,,,True,structures/reference/21-R1.xyz
21-TS,polar-1-m,ASE,-914.549624093051,,0.08349957,,,,True,structures/reference/21-TS.xyz
22-P1,polar-1-m,ASE,-595.211095185593,,0.09542668,,,,True,structures/reference/22-P1.xyz
22-R1,polar-1-m,ASE,-595.192547716239,,0.09598118,,,,True,structures/reference/22-R1.xyz
22-TS,polar-1-m,ASE,-595.172829896102,,0.09577354,,,,True,structures/reference/22-TS.xyz
23-P1,polar-1-m,ASE,-310.934059123579,,0.07957009,,,,True,structures/reference/23-P1.xyz
23-R1,polar-1-m,ASE,-310.925667213972,,0.07881596,,,,True,structures/reference/23-R1.xyz
23-TS,polar-1-m,ASE,-310.906572500221,,0.07932936,,,,True,structures/reference/23-TS.xyz
24-P1,polar-1-m,ASE,-463.394101195224,,0.08417513,,,,True,structures/reference/24-P1.xyz
24-R1,polar-1-m,ASE,-463.370655380299,,0.08444899,,,,True,structures/reference/24-R1.xyz
24-TS,polar-1-m,ASE,-463.361115065940,,0.08647735,,,,True,structures/reference/24-TS.xyz
25-P1,polar-1-m,ASE,-385.440237535223,,0.07656688,,,,True,structures/reference/25-P1.xyz
25-R1,polar-1-m,ASE,-384.764303221789,,0.07616812,,,,True,structures/reference/25-R1.xyz
25-R2,polar-1-m,ASE,-40.490955805226,,0.06995605,,,,True,structures/reference/25-R2.xyz
25-TS,polar-1-m,ASE,-425.237424078531,,0.08794070,,,,True,structures/reference/25-TS.xyz
26-P2,polar-1-m,ASE,-115.046799613663,,0.06980951,,,,True,structures/reference/26-P2.xyz
26-R2,polar-1-m,ASE,-115.717014842374,,0.07124841,,,,True,structures/reference/26-R2.xyz
26-TS,polar-1-m,ASE,-500.472024005620,,0.08508727,,,,True,structures/reference/26-TS.xyz
27-P1,polar-1-m,ASE,-75.742936556057,,0.06444721,,,,True,structures/reference/27-P1.xyz
27-P2,polar-1-m,ASE,-549.225040078745,,0.06780114,,,,True,structures/reference/27-P2.xyz
27-R1,polar-1-m,ASE,-548.545441363018,,0.06664031,,,,True,structures/reference/27-R1.xyz
27-R2,polar-1-m,ASE,-76.433601796046,,0.06615750,,,,True,structures/reference/27-R2.xyz
27-TS,polar-1-m,ASE,-624.957334598264,,0.07156324,,,,True,structures/reference/27-TS.xyz
28-TS,polar-1-m,ASE,-589.019946444914,,0.07556857,,,,True,structures/reference/28-TS.xyz
29-P1,polar-1-m,ASE,-157.744044010823,,0.06897711,,,,True,structures/reference/29-P1.xyz
29-R1,polar-1-m,ASE,-158.403011885328,,0.06879439,,,,True,structures/reference/29-R1.xyz
29-TS,polar-1-m,ASE,-706.947096794430,,0.07678670,,,,True,structures/reference/29-TS.xyz
3-P1,polar-1-m,ASE,-834.246176438976,,0.08665655,,,,True,structures/reference/3-P1.xyz
3-R1,polar-1-m,ASE,-834.227082838552,,0.08360738,,,,True,structures/reference/3-R1.xyz
3-TS,polar-1-m,ASE,-834.198788664624,,0.08329225,,,,True,structures/reference/3-TS.xyz
30-P1,polar-1-m,ASE,-117.230101298660,,0.07426210,,,,True,structures/reference/30-P1.xyz
30-R1,polar-1-m,ASE,-117.875465860841,,0.07848293,,,,True,structures/reference/30-R1.xyz
30-TS,polar-1-m,ASE,-666.414444765213,,0.07025070,,,,True,structures/reference/30-TS.xyz
31-P1,polar-1-m,ASE,-754.135948306410,,0.09241549,,,,True,structures/reference/31-P1.xyz
31-R1,polar-1-m,ASE,-754.114382480682,,0.09338886,,,,True,structures/reference/31-R1.xyz
31-TS,polar-1-m,ASE,-754.107486764771,,0.09289436,,,,True,structures/reference/31-TS.xyz
32-P1,polar-1-m,ASE,-562.377139887904,,0.08044290,,,,True,structures/reference/32-P1.xyz
32-R1,polar-1-m,ASE,-562.359139398708,,0.08029385,,,,True,structures/reference/32-R1.xyz
32-TS,polar-1-m,ASE,-562.347197633858,,0.08036223,,,,True,structures/reference/32-TS.xyz
33-P1,polar-1-m,ASE,-679.069226132152,,0.09363407,,,,True,structures/reference/33-P1.xyz
33-R1,polar-1-m,ASE,-679.053187733500,,0.09280261,,,,True,structures/reference/33-R1.xyz
33-TS,polar-1-m,ASE,-679.038231151037,,0.09329533,,,,True,structures/reference/33-TS.xyz
34-P1,polar-1-m,ASE,-1139.894209301843,,0.09669018,,,,True,structures/reference/34-P1.xyz
34-R1,polar-1-m,ASE,-1139.877094526004,,0.09872848,,,,True,structures/reference/34-R1.xyz
34-TS,polar-1-m,ASE,-1139.863964125173,,0.09622944,,,,True,structures/reference/34-TS.xyz
35-P1,polar-1-m,ASE,-3253.714637121365,,0.09644239,,,,True,structures/reference/35-P1.xyz
35-R1,polar-1-m,ASE,-3253.698269046611,,0.09674755,,,,True,structures/reference/35-R1.xyz
35-TS,polar-1-m,ASE,-3253.683679588677,,0.09796996,,,,True,structures/reference/35-TS.xyz
36-P1,polar-1-m,ASE,-1074.904734616769,,0.08710713,,,,True,structures/reference/36-P1.xyz
36-R1,polar-1-m,ASE,-1074.881674365233,,0.08941060,,,,True,structures/reference/36-R1.xyz
36-TS,polar-1-m,ASE,-1074.872224460214,,0.08662697,,,,True,structures/reference/36-TS.xyz
37-P1,polar-1-m,ASE,-751.938060826115,,0.08607976,,,,True,structures/reference/37-P1.xyz
37-R1,polar-1-m,ASE,-751.920409204274,,0.08710354,,,,True,structures/reference/37-R1.xyz
37-TS,polar-1-m,ASE,-751.908187591452,,0.08564304,,,,True,structures/reference/37-TS.xyz
38-P1,polar-1-m,ASE,-348.289685218727,,0.07967916,,,,True,structures/reference/38-P1.xyz
38-P2,polar-1-m,ASE,-460.124704372703,,0.05439921,,,,True,structures/reference/38-P2.xyz
38-R1,polar-1-m,ASE,-808.434496294476,,0.08105779,,,,True,structures/reference/38-R1.xyz
38-TS,polar-1-m,ASE,-808.422449624049,,0.08110048,,,,True,structures/reference/38-TS.xyz
39-P2,polar-1-m,ASE,-2573.969090504955,,0.05266998,,,,True,structures/reference/39-P2.xyz
39-R1,polar-1-m,ASE,-2922.258655062686,,0.08089966,,,,True,structures/reference/39-R1.xyz
39-TS,polar-1-m,ASE,-2922.254130310548,,0.08050031,,,,True,structures/reference/39-TS.xyz
4-P1,polar-1-m,ASE,-834.254536071690,,0.08296381,,,,True,structures/reference/4-P1.xyz
4-TS,polar-1-m,ASE,-834.193728510187,,0.08194522,,,,True,structures/reference/4-TS.xyz
40-P1,polar-1-m,ASE,-462.816539046277,,0.08469898,,,,True,structures/reference/40-P1.xyz
40-R1,polar-1-m,ASE,-922.966754558154,,0.08591083,,,,True,structures/reference/40-R1.xyz
40-TS,polar-1-m,ASE,-922.955041627671,,0.08634211,,,,True,structures/reference/40-TS.xyz
41-P1,polar-1-m,ASE,-822.704231147933,,0.08356575,,,,True,structures/reference/41-P1.xyz
41-R1,polar-1-m,ASE,-1282.854126079743,,0.08362445,,,,True,structures/reference/41-R1.xyz
41-TS,polar-1-m,ASE,-1282.849775915582,,0.08460564,,,,True,structures/reference/41-TS.xyz
42-P1,polar-1-m,ASE,-509.381268712017,,0.07425187,,,,True,structures/reference/42-P1.xyz
42-R1,polar-1-m,ASE,-430.780579039508,,0.06526507,,,,True,structures/reference/42-R1.xyz
42-TS,polar-1-m,ASE,-509.326758060409,,0.07437371,,,,True,structures/reference/42-TS.xyz
43-P1,polar-1-m,ASE,-304.711559816949,,0.06839530,,,,True,structures/reference/43-P1.xyz
43-R1,polar-1-m,ASE,-304.684943845701,,0.06795596,,,,True,structures/reference/43-R1.xyz
43-TS,polar-1-m,ASE,-304.663152283204,,0.06823349,,,,True,structures/reference/43-TS.xyz
44-P1,polar-1-m,ASE,-109.552504117756,,0.06009061,,,,True,structures/reference/44-P1.xyz
44-P2,polar-1-m,ASE,-195.190898382278,,0.06553965,,,,True,structures/reference/44-P2.xyz
44-TS,polar-1-m,ASE,-304.706276537455,,0.06801244,,,,True,structures/reference/44-TS.xyz
45-P1,polar-1-m,ASE,-422.614404501958,,0.08406096,,,,True,structures/reference/45-P1.xyz
45-R1,polar-1-m,ASE,-422.606069223034,,0.08442445,,,,True,structures/reference/45-R1.xyz
45-TS,polar-1-m,ASE,-422.576861955464,,0.08439509,,,,True,structures/reference/45-TS.xyz
46-P1,polar-1-m,ASE,-313.114001021823,,0.08063311,,,,True,structures/reference/46-P1.xyz
46-TS,polar-1-m,ASE,-422.612787747865,,0.08374872,,,,True,structures/reference/46-TS.xyz
47-P1,polar-1-m,ASE,-309.518827672744,,0.07592716,,,,True,structures/reference/47-P1.xyz
47-R1,polar-1-m,ASE,-419.066645798294,,0.07601185,,,,True,structures/reference/47-R1.xyz
47-TS,polar-1-m,ASE,-419.039284110010,,0.07599223,,,,True,structures/reference/47-TS.xyz
48-P1,polar-1-m,ASE,-951.517344470227,,0.11488135,,,,True,structures/reference/48-P1.xyz
48-R1,polar-1-m,ASE,-1061.029807678076,,0.11739307,,,,True,structures/reference/48-R1.xyz
48-TS,polar-1-m,ASE,-1061.027115742881,,0.11787688,,,,True,structures/reference/48-TS.xyz
49-P1,polar-1-m,ASE,-477.257036239817,,0.07787394,,,,True,structures/reference/49-P1.xyz
49-R1,polar-1-m,ASE,-586.723179834794,,0.08117869,,,,True,structures/reference/49-R1.xyz
49-TS,polar-1-m,ASE,-586.718769822337,,0.08204709,,,,True,structures/reference/49-TS.xyz
5-P1,polar-1-m,ASE,-440.100637281660,,0.08079224,,,,True,structures/reference/5-P1.xyz
5-R1,polar-1-m,ASE,-170.830862089064,,0.07488025,,,,True,structures/reference/5-R1.xyz
5-R2,polar-1-m,ASE,-269.225113420041,,0.06547668,,,,True,structures/reference/5-R2.xyz
5-TS,polar-1-m,ASE,-440.060539335836,,0.07833831,,,,True,structures/reference/5-TS.xyz
50-R1,polar-1-m,ASE,-645.016087831813,,0.08275766,,,,True,structures/reference/50-R1.xyz
50-R2,polar-1-m,ASE,-415.971909111258,,0.06858916,,,,True,structures/reference/50-R2.xyz
50-TS,polar-1-m,ASE,-1060.979764125931,,0.11721166,,,,True,structures/reference/50-TS.xyz
6-P1,polar-1-m,ASE,-440.125573452231,,0.07781726,,,,True,structures/reference/6-P1.xyz
6-TS,polar-1-m,ASE,-440.056153830718,,0.07812521,,,,True,structures/reference/6-TS.xyz
7-P1,polar-1-m,ASE,-616.015789733628,,0.09459216,,,,True,structures/reference/7-P1.xyz
7-R1,polar-1-m,ASE,-615.999886514340,,0.09348287,,,,True,structures/reference/7-R1.xyz
7-TS,polar-1-m,ASE,-615.979838623042,,0.09260598,,,,True,structures/reference/7-TS.xyz
8-P1,polar-1-m,ASE,-1115.588997433421,,0.06823212,,,,True,structures/reference/8-P1.xyz
8-R1,polar-1-m,ASE,-157.181880823763,,0.06531743,,,,True,structures/reference/8-R1.xyz
8-R2,polar-1-m,ASE,-958.348166142280,,0.06375039,,,,True,structures/reference/8-R2.xyz
8-TS,polar-1-m,ASE,-1115.528247754777,,0.06813005,,,,True,structures/reference/8-TS.xyz
9-P1,polar-1-m,ASE,-614.844381899415,,0.09243063,,,,True,structures/reference/9-P1.xyz
9-R1,polar-1-m,ASE,-614.830216616983,,0.09101772,,,,True,structures/reference/9-R1.xyz
9-TS,polar-1-m,ASE,-614.804969908998,,0.09045305,,,,True,structures/reference/9-TS.xyz
1-P1,polar-1-s,ASE,-616.775786455351,,0.28701622,,,,True,structures/reference/1-P1.xyz
1-R1,polar-1-s,ASE,-616.770280226174,,0.37909042,,,,True,structures/reference/1-R1.xyz
1-TS,polar-1-s,ASE,-616.759506350611,,0.28587895,,,,True,structures/reference/1-TS.xyz
10-P1,polar-1-s,ASE,-153.179790225724,,0.39727423,,,,True,structures/reference/10-P1.xyz
10-P2,polar-1-s,ASE,-39.816430407794,,0.06404936,,,,True,structures/reference/10-P2.xyz
10-R1,polar-1-s,ASE,-193.013959827486,,0.07191586,,,,True,structures/reference/10-R1.xyz
10-TS,polar-1-s,ASE,-192.987572437483,,0.04731949,,,,True,structures/reference/10-TS.xyz
11-P1,polar-1-s,ASE,-344.917606278955,,0.04595303,,,,True,structures/reference/11-P1.xyz
11-P2,polar-1-s,ASE,-203.438524935822,,0.04255301,,,,True,structures/reference/11-P2.xyz
11-R1,polar-1-s,ASE,-548.372526966142,,0.04277070,,,,True,structures/reference/11-R1.xyz
11-TS,polar-1-s,ASE,-548.353182409728,,0.04348770,,,,True,structures/reference/11-TS.xyz
12-P1,polar-1-s,ASE,-803.583699744908,,0.04345698,,,,True,structures/reference/12-P1.xyz
12-R1,polar-1-s,ASE,-646.334840295021,,0.04114465,,,,True,structures/reference/12-R1.xyz
12-R2,polar-1-s,ASE,-157.185048207017,,0.03974163,,,,True,structures/reference/12-R2.xyz
12-TS,polar-1-s,ASE,-803.504235626107,,0.04576306,,,,True,structures/reference/12-TS.xyz
13-P1,polar-1-s,ASE,-456.133467614647,,0.04066726,,,,True,structures/reference/13-P1.xyz
13-R2,polar-1-s,ASE,-263.087662750942,,0.03935548,,,,True,structures/reference/13-R2.xyz
13-TS,polar-1-s,ASE,-456.091000598083,,0.04182804,,,,True,structures/reference/13-TS.xyz
14-P1,polar-1-s,ASE,-388.322803828592,,0.04211954,,,,True,structures/reference/14-P1.xyz
14-R1,polar-1-s,ASE,-193.008255675585,,0.04000533,,,,True,structures/reference/14-R1.xyz
14-R2,polar-1-s,ASE,-195.252756346847,,0.03839244,,,,True,structures/reference/14-R2.xyz
14-TS,polar-1-s,ASE,-388.251751091887,,0.04141408,,,,True,structures/reference/14-TS.xyz
15-P1,polar-1-s,ASE,-384.970912211458,,0.04075322,,,,True,structures/reference/15-P1.xyz
15-R1,polar-1-s,ASE,-306.387996459429,,0.03797877,,,,True,structures/reference/15-R1.xyz
15-R2,polar-1-s,ASE,-78.566407992835,,0.03753023,,,,True,structures/reference/15-R2.xyz
15-TS,polar-1-s,ASE,-384.920718090703,,0.03969780,,,,True,structures/reference/15-TS.xyz
16-P1,polar-1-s,ASE,-460.199731586303,,0.04041579,,,,True,structures/reference/16-P1.xyz
16-R1,polar-1-s,ASE,-381.621506872259,,0.03894055,,,,True,structures/reference/16-R1.xyz
16-TS,polar-1-s,ASE,-460.159585404296,,0.04082333,,,,True,structures/reference/16-TS.xyz
17-P1,polar-1-s,ASE,-647.634978694014,,0.04219163,,,,True,structures/reference/17-P1.xyz
17-R2,polar-1-s,ASE,-341.225262364977,,0.03758748,,,,True,structures/reference/17-R2.xyz
17-TS,polar-1-s,ASE,-647.598624821003,,0.04082298,,,,True,structures/reference/17-TS.xyz
18-P1,polar-1-s,ASE,-555.289206983660,,0.03832809,,,,True,structures/reference/18-P1.xyz
18-R1,polar-1-s,ASE,-398.085063192659,,0.04079294,,,,True,structures/reference/18-R1.xyz
18-TS,polar-1-s,ASE,-555.268255219621,,0.03766815,,,,True,structures/reference/18-TS.xyz
19-P1,polar-1-s,ASE,-554.060687733748,,0.03868236,,,,True,structures/reference/19-P1.xyz
19-R2,polar-1-s,ASE,-155.962431873952,,0.04000035,,,,True,structures/reference/19-R2.xyz
19-TS,polar-1-s,ASE,-554.048515868874,,0.03824577,,,,True,structures/reference/19-TS.xyz
2-P1,polar-1-s,ASE,-616.795699552608,,0.04782485,,,,True,structures/reference/2-P1.xyz
2-TS,polar-1-s,ASE,-616.769420044410,,0.04606347,,,,True,structures/reference/2-TS.xyz
20-P1,polar-1-s,ASE,-780.243984712745,,0.03850119,,,,True,structures/reference/20-P1.xyz
20-P2,polar-1-s,ASE,-231.532774819780,,0.03773933,,,,True,structures/reference/20-P2.xyz
20-R1,polar-1-s,ASE,-1011.791704615913,,0.04121529,,,,True,structures/reference/20-R1.xyz
20-TS,polar-1-s,ASE,-1011.765145764235,,0.04245700,,,,True,structures/reference/20-TS.xyz
21-P1,polar-1-s,ASE,-914.569941777335,,0.04221516,,,,True,structures/reference/21-P1.xyz
21-R1,polar-1-s,ASE,-914.561856960087,,0.04312804,,,,True,structures/reference/21-R1.xyz
21-TS,polar-1-s,ASE,-914.539560589613,,0.04231828,,,,True,structures/reference/21-TS.xyz
22-P1,polar-1-s,ASE,-595.197351861561,,0.04420426,,,,True,structures/reference/22-P1.xyz
22-R1,polar-1-s,ASE,-595.187790539308,,0.04367078,,,,True,structures/reference/22-R1.xyz
22-TS,polar-1-s,ASE,-595.154953082472,,0.04304358,,,,True,structures/reference/22-TS.xyz
23-P1,polar-1-s,ASE,-310.934082363566,,0.04079071,,,,True,structures/reference/23-P1.xyz
23-R1,polar-1-s,ASE,-310.927487768693,,0.04085322,,,,True,structures/reference/23-R1.xyz
23-TS,polar-1-s,ASE,-310.901522140796,,0.04050533,,,,True,structures/reference/23-TS.xyz
24-P1,polar-1-s,ASE,-463.392013296394,,0.04130305,,,,True,structures/reference/24-P1.xyz
24-R1,polar-1-s,ASE,-463.376378939476,,0.04198681,,,,True,structures/reference/24-R1.xyz
24-TS,polar-1-s,ASE,-463.361714295484,,0.04326952,,,,True,structures/reference/24-TS.xyz
25-P1,polar-1-s,ASE,-385.437827308861,,0.04037331,,,,True,structures/reference/25-P1.xyz
25-R1,polar-1-s,ASE,-384.766592324604,,0.04011693,,,,True,structures/reference/25-R1.xyz
25-R2,polar-1-s,ASE,-40.491092535722,,0.03911988,,,,True,structures/reference/25-R2.xyz
25-TS,polar-1-s,ASE,-425.236063614992,,0.04630376,,,,True,structures/reference/25-TS.xyz
26-P2,polar-1-s,ASE,-115.045475200090,,0.04016421,,,,True,structures/reference/26-P2.xyz
26-R2,polar-1-s,ASE,-115.717169503382,,0.04098206,,,,True,structures/reference/26-R2.xyz
26-TS,polar-1-s,ASE,-500.472292487593,,0.04542239,,,,True,structures/reference/26-TS.xyz
27-P1,polar-1-s,ASE,-75.742768557720,,0.03833763,,,,True,structures/reference/27-P1.xyz
27-P2,polar-1-s,ASE,-549.221292507749,,0.03739984,,,,True,structures/reference/27-P2.xyz
27-R1,polar-1-s,ASE,-548.543998934445,,0.03729827,,,,True,structures/reference/27-R1.xyz
27-R2,polar-1-s,ASE,-76.433630179433,,0.03852036,,,,True,structures/reference/27-R2.xyz
27-TS,polar-1-s,ASE,-624.963589574002,,0.04209715,,,,True,structures/reference/27-TS.xyz
28-TS,polar-1-s,ASE,-589.017605439540,,0.03929818,,,,True,structures/reference/28-TS.xyz
29-P1,polar-1-s,ASE,-157.745557704881,,0.03708626,,,,True,structures/reference/29-P1.xyz
29-R1,polar-1-s,ASE,-158.403200087491,,0.03852928,,,,True,structures/reference/29-R1.xyz
29-TS,polar-1-s,ASE,-706.948367755862,,0.04013976,,,,True,structures/reference/29-TS.xyz
3-P1,polar-1-s,ASE,-834.243009276114,,0.04155097,,,,True,structures/reference/3-P1.xyz
3-R1,polar-1-s,ASE,-834.205750046294,,0.04164674,,,,True,structures/reference/3-R1.xyz
3-TS,polar-1-s,ASE,-834.179959480610,,0.04135048,,,,True,structures/reference/3-TS.xyz
30-P1,polar-1-s,ASE,-117.224284863756,,0.03878422,,,,True,structures/reference/30-P1.xyz
30-R1,polar-1-s,ASE,-117.875278024697,,0.04026693,,,,True,structures/reference/30-R1.xyz
30-TS,polar-1-s,ASE,-666.417130610381,,0.03971112,,,,True,structures/reference/30-TS.xyz
31-P1,polar-1-s,ASE,-754.134523696237,,0.04319238,,,,True,structures/reference/31-P1.xyz
31-R1,polar-1-s,ASE,-754.112447410039,,0.04338775,,,,True,structures/reference/31-R1.xyz
31-TS,polar-1-s,ASE,-754.102241699458,,0.04311222,,,,True,structures/reference/31-TS.xyz
32-P1,polar-1-s,ASE,-562.372802818649,,0.04063543,,,,True,structures/reference/32-P1.xyz
32-R1,polar-1-s,ASE,-562.359768335299,,0.04062015,,,,True,structures/reference/32-R1.xyz
32-TS,polar-1-s,ASE,-562.344953498784,,0.04103327,,,,True,structures/reference/32-TS.xyz
33-P1,polar-1-s,ASE,-679.066881086360,,0.04309810,,,,True,structures/reference/33-P1.xyz
33-R1,polar-1-s,ASE,-679.053582035167,,0.04271545,,,,True,structures/reference/33-R1.xyz
33-TS,polar-1-s,ASE,-679.040735744129,,0.04264454,,,,True,structures/reference/33-TS.xyz
34-P1,polar-1-s,ASE,-1139.890298452229,,0.04371785,,,,True,structures/reference/34-P1.xyz
34-R1,polar-1-s,ASE,-1139.878638579662,,0.04460962,,,,True,structures/reference/34-R1.xyz
34-TS,polar-1-s,ASE,-1139.863485711530,,0.04325327,,,,True,structures/reference/34-TS.xyz
35-P1,polar-1-s,ASE,-3253.712943122990,,0.04450932,,,,True,structures/reference/35-P1.xyz
35-R1,polar-1-s,ASE,-3253.698952895541,,0.04371992,,,,True,structures/reference/35-R1.xyz
35-TS,polar-1-s,ASE,-3253.682886469392,,0.04500180,,,,True,structures/reference/35-TS.xyz
36-P1,polar-1-s,ASE,-1074.902747951395,,0.04259340,,,,True,structures/reference/36-P1.xyz
36-R1,polar-1-s,ASE,-1074.887137086259,,0.04311023,,,,True,structures/reference/36-R1.xyz
36-TS,polar-1-s,ASE,-1074.869370564125,,0.04300844,,,,True,structures/reference/36-TS.xyz
37-P1,polar-1-s,ASE,-751.935730031711,,0.04191214,,,,True,structures/reference/37-P1.xyz
37-R1,polar-1-s,ASE,-751.923243565022,,0.04220937,,,,True,structures/reference/37-R1.xyz
37-TS,polar-1-s,ASE,-751.900525593570,,0.04098916,,,,True,structures/reference/37-TS.xyz
38-P1,polar-1-s,ASE,-348.283589535522,,0.04123295,,,,True,structures/reference/38-P1.xyz
38-P2,polar-1-s,ASE,-460.114851264711,,0.03291517,,,,True,structures/reference/38-P2.xyz
38-R1,polar-1-s,ASE,-808.423179471681,,0.04157370,,,,True,structures/reference/38-R1.xyz
38-TS,polar-1-s,ASE,-808.402133802650,,0.04096368,,,,True,structures/reference/38-TS.xyz
39-P2,polar-1-s,ASE,-2573.961914938330,,0.03647269,,,,True,structures/reference/39-P2.xyz
39-R1,polar-1-s,ASE,-2922.245837156276,,0.04374159,,,,True,structures/reference/39-R1.xyz
39-TS,polar-1-s,ASE,-2922.226969264998,,0.04611154,,,,True,structures/reference/39-TS.xyz
4-P1,polar-1-s,ASE,-834.252700616574,,0.04248623,,,,True,structures/reference/4-P1.xyz
4-TS,polar-1-s,ASE,-834.174849723089,,0.04213440,,,,True,structures/reference/4-TS.xyz
40-P1,polar-1-s,ASE,-462.809502534401,,0.04541062,,,,True,structures/reference/40-P1.xyz
40-R1,polar-1-s,ASE,-922.956402060875,,0.04882785,,,,True,structures/reference/40-R1.xyz
40-TS,polar-1-s,ASE,-922.934858038555,,0.04498579,,,,True,structures/reference/40-TS.xyz
41-P1,polar-1-s,ASE,-822.696964825209,,0.04570515,,,,True,structures/reference/41-P1.xyz
41-R1,polar-1-s,ASE,-1282.841481372281,,0.04494998,,,,True,structures/reference/41-R1.xyz
41-TS,polar-1-s,ASE,-1282.838618273102,,0.04540183,,,,True,structures/reference/41-TS.xyz
42-P1,polar-1-s,ASE,-509.372139147555,,0.04155619,,,,True,structures/reference/42-P1.xyz
42-R1,polar-1-s,ASE,-430.776437579692,,0.04099118,,,,True,structures/reference/42-R1.xyz
42-TS,polar-1-s,ASE,-509.319398089017,,0.04084927,,,,True,structures/reference/42-TS.xyz
43-P1,polar-1-s,ASE,-304.708304908854,,0.04037413,,,,True,structures/reference/43-P1.xyz
43-R1,polar-1-s,ASE,-304.678583998924,,0.03953207,,,,True,structures/reference/43-R1.xyz
43-TS,polar-1-s,ASE,-304.653048072322,,0.04060287,,,,True,structures/reference/43-TS.xyz
44-P1,polar-1-s,ASE,-109.552478074874,,0.03933151,,,,True,structures/reference/44-P1.xyz
44-P2,polar-1-s,ASE,-195.181070008089,,0.03970137,,,,True,structures/reference/44-P2.xyz
44-TS,polar-1-s,ASE,-304.695968148448,,0.04094628,,,,True,structures/reference/44-TS.xyz
45-P1,polar-1-s,ASE,-422.602706949383,,0.04308343,,,,True,structures/reference/45-P1.xyz
45-R1,polar-1-s,ASE,-422.594905090631,,0.04408515,,,,True,structures/reference/45-R1.xyz
45-TS,polar-1-s,ASE,-422.570357037613,,0.04241265,,,,True,structures/reference/45-TS.xyz
46-P1,polar-1-s,ASE,-313.104901295814,,0.04305755,,,,True,structures/reference/46-P1.xyz
46-TS,polar-1-s,ASE,-422.598161558820,,0.04289128,,,,True,structures/reference/46-TS.xyz
47-P1,polar-1-s,ASE,-309.513489509817,,0.04564249,,,,True,structures/reference/47-P1.xyz
47-R1,polar-1-s,ASE,-419.053757175251,,0.04154622,,,,True,structures/reference/47-R1.xyz
47-TS,polar-1-s,ASE,-419.019480004468,,0.04238674,,,,True,structures/reference/47-TS.xyz
48-P1,polar-1-s,ASE,-951.518039380504,,0.05154479,,,,True,structures/reference/48-P1.xyz
48-R1,polar-1-s,ASE,-1061.021842602930,,0.05014297,,,,True,structures/reference/48-R1.xyz
48-TS,polar-1-s,ASE,-1061.014887167905,,0.05154343,,,,True,structures/reference/48-TS.xyz
49-P1,polar-1-s,ASE,-477.246111738224,,0.04390359,,,,True,structures/reference/49-P1.xyz
49-R1,polar-1-s,ASE,-586.699800822693,,0.04466506,,,,True,structures/reference/49-R1.xyz
49-TS,polar-1-s,ASE,-586.698053337996,,0.04301716,,,,True,structures/reference/49-TS.xyz
5-P1,polar-1-s,ASE,-440.095617205005,,0.04213105,,,,True,structures/reference/5-P1.xyz
5-R1,polar-1-s,ASE,-170.831147160732,,0.04160720,,,,True,structures/reference/5-R1.xyz
5-R2,polar-1-s,ASE,-269.224973867220,,0.03928176,,,,True,structures/reference/5-R2.xyz
5-TS,polar-1-s,ASE,-440.044147054357,,0.04276872,,,,True,structures/reference/5-TS.xyz
50-R1,polar-1-s,ASE,-645.014562662757,,0.04676178,,,,True,structures/reference/50-R1.xyz
50-R2,polar-1-s,ASE,-415.971479627878,,0.04250636,,,,True,structures/reference/50-R2.xyz
50-TS,polar-1-s,ASE,-1060.972882873819,,0.05154700,,,,True,structures/reference/50-TS.xyz
6-P1,polar-1-s,ASE,-440.112351157935,,0.04271815,,,,True,structures/reference/6-P1.xyz
6-TS,polar-1-s,ASE,-440.057278672948,,0.04353385,,,,True,structures/reference/6-TS.xyz
7-P1,polar-1-s,ASE,-616.011075333392,,0.04705962,,,,True,structures/reference/7-P1.xyz
7-R1,polar-1-s,ASE,-615.988001264450,,0.04761142,,,,True,structures/reference/7-R1.xyz
7-TS,polar-1-s,ASE,-615.971293919221,,0.04686193,,,,True,structures/reference/7-TS.xyz
8-P1,polar-1-s,ASE,-1115.584503364186,,0.04096649,,,,True,structures/reference/8-P1.xyz
8-R1,polar-1-s,ASE,-157.181599857021,,0.04436318,,,,True,structures/reference/8-R1.xyz
8-R2,polar-1-s,ASE,-958.350408221571,,0.04120878,,,,True,structures/reference/8-R2.xyz
8-TS,polar-1-s,ASE,-1115.519659591039,,0.04099405,,,,True,structures/reference/8-TS.xyz
9-P1,polar-1-s,ASE,-614.831423361618,,0.04556063,,,,True,structures/reference/9-P1.xyz
9-R1,polar-1-s,ASE,-614.828069680756,,0.04521257,,,,True,structures/reference/9-R1.xyz
9-TS,polar-1-s,ASE,-614.785285660675,,0.04512932,,,,True,structures/reference/9-TS.xyz
1-P1,uma-m-1p1,ASE,-616.784348897136,,0.10653535,,,,True,structures/reference/1-P1.xyz
1-R1,uma-m-1p1,ASE,-616.784276545549,,0.10944411,,,,True,structures/reference/1-R1.xyz
1-TS,uma-m-1p1,ASE,-616.769693778428,,0.10864425,,,,True,structures/reference/1-TS.xyz
10-P1,uma-m-1p1,ASE,-153.182909180307,,0.11350024,,,,True,structures/reference/10-P1.xyz
10-P2,uma-m-1p1,ASE,-39.817985474653,,0.10544704,,,,True,structures/reference/10-P2.xyz
10-R1,uma-m-1p1,ASE,-193.014481129158,,0.10492311,,,,True,structures/reference/10-R1.xyz
10-TS,uma-m-1p1,ASE,-192.987122532861,,0.10512176,,,,True,structures/reference/10-TS.xyz
11-P1,uma-m-1p1,ASE,-344.924990730722,,0.11038610,,,,True,structures/reference/11-P1.xyz
11-P2,uma-m-1p1,ASE,-203.450689061253,,0.10522784,,,,True,structures/reference/11-P2.xyz
11-R1,uma-m-1p1,ASE,-548.382138757906,,0.10616113,,,,True,structures/reference/11-R1.xyz
11-TS,uma-m-1p1,ASE,-548.364168910055,,0.10428972,,,,True,structures/reference/11-TS.xyz
12-P1,uma-m-1p1,ASE,-803.593121369004,,0.10098733,,,,True,structures/reference/12-P1.xyz
12-R1,uma-m-1p1,ASE,-646.348118698105,,0.10378466,,,,True,structures/reference/12-R1.xyz
12-R2,uma-m-1p1,ASE,-157.185216931511,,0.10250178,,,,True,structures/reference/12-R2.xyz
12-TS,uma-m-1p1,ASE,-803.534077123291,,0.10298885,,,,True,structures/reference/12-TS.xyz
13-P1,uma-m-1p1,ASE,-456.137667039161,,0.10483056,,,,True,structures/reference/13-P1.xyz
13-R2,uma-m-1p1,ASE,-263.087359724617,,0.09701678,,,,True,structures/reference/13-R2.xyz
13-TS,uma-m-1p1,ASE,-456.087917553458,,0.09555829,,,,True,structures/reference/13-TS.xyz
14-P1,uma-m-1p1,ASE,-388.336436735943,,0.09608469,,,,True,structures/reference/14-P1.xyz
14-R1,uma-m-1p1,ASE,-193.007952237334,,0.10003052,,,,True,structures/reference/14-R1.xyz
14-R2,uma-m-1p1,ASE,-195.254027528954,,0.09695304,,,,True,structures/reference/14-R2.xyz
14-TS,uma-m-1p1,ASE,-388.286473536422,,0.09594664,,,,True,structures/reference/14-TS.xyz
15-P1,uma-m-1p1,ASE,-384.981104337977,,0.09518071,,,,True,structures/reference/15-P1.xyz
15-R1,uma-m-1p1,ASE,-306.393091570348,,0.09522665,,,,True,structures/reference/15-R1.xyz
15-R2,uma-m-1p1,ASE,-78.566484007220,,0.09493454,,,,True,structures/reference/15-R2.xyz
15-TS,uma-m-1p1,ASE,-384.926643187262,,0.09555298,,,,True,structures/reference/15-TS.xyz
16-P1,uma-m-1p1,ASE,-460.209867969099,,0.09718194,,,,True,structures/reference/16-P1.xyz
16-R1,uma-m-1p1,ASE,-381.628559501542,,0.09625402,,,,True,structures/reference/16-R1.xyz
16-TS,uma-m-1p1,ASE,-460.164904941031,,0.09675655,,,,True,structures/reference/16-TS.xyz
17-P1,uma-m-1p1,ASE,-647.650066372396,,0.10053853,,,,True,structures/reference/17-P1.xyz
17-R2,uma-m-1p1,ASE,-341.224691907515,,0.10013345,,,,True,structures/reference/17-R2.xyz
17-TS,uma-m-1p1,ASE,-647.609355272234,,0.09676708,,,,True,structures/reference/17-TS.xyz
18-P1,uma-m-1p1,ASE,-555.288831208754,,0.09607988,,,,True,structures/reference/18-P1.xyz
18-R1,uma-m-1p1,ASE,-398.091518469025,,0.00125452,,,,True,structures/reference/18-R1.xyz
18-TS,uma-m-1p1,ASE,-555.274541009284,,0.09518889,,,,True,structures/reference/18-TS.xyz
19-P1,uma-m-1p1,ASE,-554.059645203515,,0.09575115,,,,True,structures/reference/19-P1.xyz
19-R2,uma-m-1p1,ASE,-155.962770567689,,0.09417337,,,,True,structures/reference/19-R2.xyz
19-TS,uma-m-1p1,ASE,-554.050489559172,,0.09614948,,,,True,structures/reference/19-TS.xyz
2-P1,uma-m-1p1,ASE,-616.806985220453,,0.10065807,,,,True,structures/reference/2-P1.xyz
2-TS,uma-m-1p1,ASE,-616.779661736766,,0.09741990,,,,True,structures/reference/2-TS.xyz
20-P1,uma-m-1p1,ASE,-780.250642191857,,0.09574985,,,,True,structures/reference/20-P1.xyz
20-P2,uma-m-1p1,ASE,-231.542511319352,,0.09457472,,,,True,structures/reference/20-P2.xyz
20-R1,uma-m-1p1,ASE,-1011.793259715976,,0.09513814,,,,True,structures/reference/20-R1.xyz
20-TS,uma-m-1p1,ASE,-1011.775728314904,,0.09571841,,,,True,structures/reference/20-TS.xyz
21-P1,uma-m-1p1,ASE,-914.580813755104,,0.10024406,,,,True,structures/reference/21-P1.xyz
21-R1,uma-m-1p1,ASE,-914.566443581466,,0.09512137,,,,True,structures/reference/21-R1.xyz
21-TS,uma-m-1p1,ASE,-914.554896874657,,0.09508395,,,,True,structures/reference/21-TS.xyz
22-P1,uma-m-1p1,ASE,-595.212950610989,,0.09501338,,,,True,structures/reference/22-P1.xyz
22-R1,uma-m-1p1,ASE,-595.191829591577,,0.09537769,,,,True,structures/reference/22-R1.xyz
22-TS,uma-m-1p1,ASE,-595.175929348329,,0.09626706,,,,True,structures/reference/22-TS.xyz
23-P1,uma-m-1p1,ASE,-310.932897869277,,0.09495595,,,,True,structures/reference/23-P1.xyz
23-R1,uma-m-1p1,ASE,-310.927434720638,,0.09468615,,,,True,structures/reference/23-R1.xyz
23-TS,uma-m-1p1,ASE,-310.911639380671,,0.09434239,,,,True,structures/reference/23-TS.xyz
24-P1,uma-m-1p1,ASE,-463.392780907886,,0.09562793,,,,True,structures/reference/24-P1.xyz
24-R1,uma-m-1p1,ASE,-463.353936966886,,0.37164327,,,,True,structures/reference/24-R1.xyz
24-TS,uma-m-1p1,ASE,-463.368006626517,,0.10167573,,,,True,structures/reference/24-TS.xyz
25-P1,uma-m-1p1,ASE,-385.440665517138,,0.09990086,,,,True,structures/reference/25-P1.xyz
25-R1,uma-m-1p1,ASE,-384.761034253085,,0.10215850,,,,True,structures/reference/25-R1.xyz
25-R2,uma-m-1p1,ASE,-40.491039967453,,0.10144396,,,,True,structures/reference/25-R2.xyz
25-TS,uma-m-1p1,ASE,-425.237314997886,,0.10366003,,,,True,structures/reference/25-TS.xyz
26-P2,uma-m-1p1,ASE,-115.048089655995,,0.10199734,,,,True,structures/reference/26-P2.xyz
26-R2,uma-m-1p1,ASE,-115.716936618503,,0.10194791,,,,True,structures/reference/26-R2.xyz
26-TS,uma-m-1p1,ASE,-500.469991190380,,0.10689345,,,,True,structures/reference/26-TS.xyz
27-P1,uma-m-1p1,ASE,-75.742446602323,,0.10205253,,,,True,structures/reference/27-P1.xyz
27-P2,uma-m-1p1,ASE,-549.227849267537,,0.10127043,,,,True,structures/reference/27-P2.xyz
27-R1,uma-m-1p1,ASE,-548.542669622865,,0.10199517,,,,True,structures/reference/27-R1.xyz
27-R2,uma-m-1p1,ASE,-76.433552138778,,0.10053411,,,,True,structures/reference/27-R2.xyz
27-TS,uma-m-1p1,ASE,-624.964963965947,,0.10296340,,,,True,structures/reference/27-TS.xyz
28-TS,uma-m-1p1,ASE,-589.025099675119,,0.10363196,,,,True,structures/reference/28-TS.xyz
29-P1,uma-m-1p1,ASE,-157.744755215193,,0.10287391,,,,True,structures/reference/29-P1.xyz
29-R1,uma-m-1p1,ASE,-158.403014977774,,0.10210474,,,,True,structures/reference/29-R1.xyz
29-TS,uma-m-1p1,ASE,-706.942943152305,,0.10367074,,,,True,structures/reference/29-TS.xyz
3-P1,uma-m-1p1,ASE,-834.251587618686,,0.10319994,,,,True,structures/reference/3-P1.xyz
3-R1,uma-m-1p1,ASE,-834.231060876683,,0.10349796,,,,True,structures/reference/3-R1.xyz
3-TS,uma-m-1p1,ASE,-834.212329199990,,0.10554694,,,,True,structures/reference/3-TS.xyz
30-P1,uma-m-1p1,ASE,-117.231483718070,,0.10222114,,,,True,structures/reference/30-P1.xyz
30-R1,uma-m-1p1,ASE,-117.875380246365,,0.10313596,,,,True,structures/reference/30-R1.xyz
30-TS,uma-m-1p1,ASE,-666.413881343954,,0.10315708,,,,True,structures/reference/30-TS.xyz
31-P1,uma-m-1p1,ASE,-754.138784188718,,0.10298748,,,,True,structures/reference/31-P1.xyz
31-R1,uma-m-1p1,ASE,-754.116657832848,,0.10382551,,,,True,structures/reference/31-R1.xyz
31-TS,uma-m-1p1,ASE,-754.106280759240,,0.10372867,,,,True,structures/reference/31-TS.xyz
32-P1,uma-m-1p1,ASE,-562.378801750227,,0.10327137,,,,True,structures/reference/32-P1.xyz
32-R1,uma-m-1p1,ASE,-562.362968869106,,0.10281139,,,,True,structures/reference/32-R1.xyz
32-TS,uma-m-1p1,ASE,-562.350266437460,,0.10281047,,,,True,structures/reference/32-TS.xyz
33-P1,uma-m-1p1,ASE,-679.070427337970,,0.10711530,,,,True,structures/reference/33-P1.xyz
33-R1,uma-m-1p1,ASE,-679.056924593928,,0.10316103,,,,True,structures/reference/33-R1.xyz
33-TS,uma-m-1p1,ASE,-679.042877448722,,0.10304841,,,,True,structures/reference/33-TS.xyz
34-P1,uma-m-1p1,ASE,-1139.894998620120,,0.10212740,,,,True,structures/reference/34-P1.xyz
34-R1,uma-m-1p1,ASE,-1139.881024167737,,0.10284334,,,,True,structures/reference/34-R1.xyz
34-TS,uma-m-1p1,ASE,-1139.867303131857,,0.10353050,,,,True,structures/reference/34-TS.xyz
35-P1,uma-m-1p1,ASE,-3253.716895274530,,0.10240898,,,,True,structures/reference/35-P1.xyz
35-R1,uma-m-1p1,ASE,-3253.702050056966,,0.10247020,,,,True,structures/reference/35-R1.xyz
35-TS,uma-m-1p1,ASE,-3253.687821568874,,0.10351375,,,,True,structures/reference/35-TS.xyz
36-P1,uma-m-1p1,ASE,-1074.908378463870,,0.10478543,,,,True,structures/reference/36-P1.xyz
36-R1,uma-m-1p1,ASE,-1074.867426458382,,0.10395263,,,,True,structures/reference/36-R1.xyz
36-TS,uma-m-1p1,ASE,-1074.872572800524,,0.10455105,,,,True,structures/reference/36-TS.xyz
37-P1,uma-m-1p1,ASE,-751.941507505259,,0.10424389,,,,True,structures/reference/37-P1.xyz
37-R1,uma-m-1p1,ASE,-751.911504407445,,0.10377236,,,,True,structures/reference/37-R1.xyz
37-TS,uma-m-1p1,ASE,-751.907877949491,,0.10431301,,,,True,structures/reference/37-TS.xyz
38-P1,uma-m-1p1,ASE,-348.291666198907,,0.10423357,,,,True,structures/reference/38-P1.xyz
38-P2,uma-m-1p1,ASE,-460.126132814017,,0.00109537,,,,True,structures/reference/38-P2.xyz
38-R1,uma-m-1p1,ASE,-808.436807245095,,0.10493883,,,,True,structures/reference/38-R1.xyz
38-TS,uma-m-1p1,ASE,-808.423070846145,,0.10473629,,,,True,structures/reference/38-TS.xyz
39-P2,uma-m-1p1,ASE,-2573.968461835595,,0.00103625,,,,True,structures/reference/39-P2.xyz
39-R1,uma-m-1p1,ASE,-2922.260721653739,,0.10846916,,,,True,structures/reference/39-R1.xyz
39-TS,uma-m-1p1,ASE,-2922.256548780612,,0.10576397,,,,True,structures/reference/39-TS.xyz
4-P1,uma-m-1p1,ASE,-834.258760102937,,0.10438685,,,,True,structures/reference/4-P1.xyz
4-TS,uma-m-1p1,ASE,-834.206386282616,,0.10502424,,,,True,structures/reference/4-TS.xyz
40-P1,uma-m-1p1,ASE,-462.818223945750,,0.10847283,,,,True,structures/reference/40-P1.xyz
40-R1,uma-m-1p1,ASE,-922.968017276394,,0.10508187,,,,True,structures/reference/40-R1.xyz
40-TS,uma-m-1p1,ASE,-922.954768980988,,0.10900144,,,,True,structures/reference/40-TS.xyz
41-P1,uma-m-1p1,ASE,-822.706900612839,,0.10226565,,,,True,structures/reference/41-P1.xyz
41-R1,uma-m-1p1,ASE,-1282.858554793020,,0.10434120,,,,True,structures/reference/41-R1.xyz
41-TS,uma-m-1p1,ASE,-1282.849075540729,,0.10749281,,,,True,structures/reference/41-TS.xyz
42-P1,uma-m-1p1,ASE,-509.383824869863,,0.10680377,,,,True,structures/reference/42-P1.xyz
42-R1,uma-m-1p1,ASE,-430.784696968575,,0.10563582,,,,True,structures/reference/42-R1.xyz
42-TS,uma-m-1p1,ASE,-509.334583999250,,0.10641479,,,,True,structures/reference/42-TS.xyz
43-P1,uma-m-1p1,ASE,-304.717539480168,,0.10614530,,,,True,structures/reference/43-P1.xyz
43-R1,uma-m-1p1,ASE,-304.684947897951,,0.10301598,,,,True,structures/reference/43-R1.xyz
43-TS,uma-m-1p1,ASE,-304.670695540593,,0.10375023,,,,True,structures/reference/43-TS.xyz
44-P1,uma-m-1p1,ASE,-109.552546555853,,0.09996148,,,,True,structures/reference/44-P1.xyz
44-P2,uma-m-1p1,ASE,-195.189307985045,,0.10248225,,,,True,structures/reference/44-P2.xyz
44-TS,uma-m-1p1,ASE,-304.712126209893,,0.09877922,,,,True,structures/reference/44-TS.xyz
45-P1,uma-m-1p1,ASE,-422.624074960808,,0.10738621,,,,True,structures/reference/45-P1.xyz
45-R1,uma-m-1p1,ASE,-422.606922927257,,0.10188671,,,,True,structures/reference/45-R1.xyz
45-TS,uma-m-1p1,ASE,-422.586992162197,,0.09706163,,,,True,structures/reference/45-TS.xyz
46-P1,uma-m-1p1,ASE,-313.117338274390,,0.10033515,,,,True,structures/reference/46-P1.xyz
46-TS,uma-m-1p1,ASE,-422.623179781425,,0.09756382,,,,True,structures/reference/46-TS.xyz
47-P1,uma-m-1p1,ASE,-309.519077220951,,0.09750688,,,,True,structures/reference/47-P1.xyz
47-R1,uma-m-1p1,ASE,-419.071381008669,,0.09627221,,,,True,structures/reference/47-R1.xyz
47-TS,uma-m-1p1,ASE,-419.048299388055,,0.09607641,,,,True,structures/reference/47-TS.xyz
48-P1,uma-m-1p1,ASE,-951.527144083627,,0.09864080,,,,True,structures/reference/48-P1.xyz
48-R1,uma-m-1p1,ASE,-1061.038254344904,,0.10722988,,,,True,structures/reference/48-R1.xyz
48-TS,uma-m-1p1,ASE,-1061.032914758799,,0.10652976,,,,True,structures/reference/48-TS.xyz
49-P1,uma-m-1p1,ASE,-477.261812525759,,0.09793477,,,,True,structures/reference/49-P1.xyz
49-R1,uma-m-1p1,ASE,-586.732802933991,,0.09688621,,,,True,structures/reference/49-R1.xyz
49-TS,uma-m-1p1,ASE,-586.725206949866,,0.30474854,,,,True,structures/reference/49-TS.xyz
5-P1,uma-m-1p1,ASE,-440.101291178988,,0.09790349,,,,True,structures/reference/5-P1.xyz
5-R1,uma-m-1p1,ASE,-170.830847056500,,0.09613776,,,,True,structures/reference/5-R1.xyz
5-R2,uma-m-1p1,ASE,-269.227036065259,,0.09576199,,,,True,structures/reference/5-R2.xyz
5-TS,uma-m-1p1,ASE,-440.066685808455,,0.09598674,,,,True,structures/reference/5-TS.xyz
50-R1,uma-m-1p1,ASE,-645.017431153356,,0.09934157,,,,True,structures/reference/50-R1.xyz
50-R2,uma-m-1p1,ASE,-415.971855835933,,0.09820278,,,,True,structures/reference/50-R2.xyz
50-TS,uma-m-1p1,ASE,-1060.991035178986,,0.10138306,,,,True,structures/reference/50-TS.xyz
6-P1,uma-m-1p1,ASE,-440.129558753109,,0.09740839,,,,True,structures/reference/6-P1.xyz
6-TS,uma-m-1p1,ASE,-440.062390880781,,0.09999145,,,,True,structures/reference/6-TS.xyz
7-P1,uma-m-1p1,ASE,-616.019055462697,,0.09509078,,,,True,structures/reference/7-P1.xyz
7-R1,uma-m-1p1,ASE,-615.994894764449,,0.09513935,,,,True,structures/reference/7-R1.xyz
7-TS,uma-m-1p1,ASE,-615.981160958122,,0.09578200,,,,True,structures/reference/7-TS.xyz
8-P1,uma-m-1p1,ASE,-1115.589627897516,,0.09536106,,,,True,structures/reference/8-P1.xyz
8-R1,uma-m-1p1,ASE,-157.181667445851,,0.09519267,,,,True,structures/reference/8-R1.xyz
8-R2,uma-m-1p1,ASE,-958.351178416170,,0.09463163,,,,True,structures/reference/8-R2.xyz
8-TS,uma-m-1p1,ASE,-1115.534156660500,,0.09586167,,,,True,structures/reference/8-TS.xyz
9-P1,uma-m-1p1,ASE,-614.846153398140,,0.09588019,,,,True,structures/reference/9-P1.xyz
9-R1,uma-m-1p1,ASE,-614.831007377349,,0.09448482,,,,True,structures/reference/9-R1.xyz
9-TS,uma-m-1p1,ASE,-614.813396370182,,0.09590939,,,,True,structures/reference/9-TS.xyz
1-P1,uma-s-1p1,ASE,-616.783468761284,,0.04741826,,,,True,structures/reference/1-P1.xyz
1-R1,uma-s-1p1,ASE,-616.779341167268,,0.04481655,,,,True,structures/reference/1-R1.xyz
1-TS,uma-s-1p1,ASE,-616.764657835390,,0.04848411,,,,True,structures/reference/1-TS.xyz
10-P1,uma-s-1p1,ASE,-153.183198388922,,0.04453999,,,,True,structures/reference/10-P1.xyz
10-P2,uma-s-1p1,ASE,-39.819087416570,,0.04426401,,,,True,structures/reference/10-P2.xyz
10-R1,uma-s-1p1,ASE,-193.015403327322,,0.04433061,,,,True,structures/reference/10-R1.xyz
10-TS,uma-s-1p1,ASE,-192.986640161885,,0.04436566,,,,True,structures/reference/10-TS.xyz
11-P1,uma-s-1p1,ASE,-344.924704887134,,0.04852413,,,,True,structures/reference/11-P1.xyz
11-P2,uma-s-1p1,ASE,-203.450460949679,,0.04379758,,,,True,structures/reference/11-P2.xyz
11-R1,uma-s-1p1,ASE,-548.379300768789,,0.04388337,,,,True,structures/reference/11-R1.xyz
11-TS,uma-s-1p1,ASE,-548.362295136973,,0.04333042,,,,True,structures/reference/11-TS.xyz
12-P1,uma-s-1p1,ASE,-803.592431992077,,0.04434076,,,,True,structures/reference/12-P1.xyz
12-R1,uma-s-1p1,ASE,-646.347393054529,,0.04336023,,,,True,structures/reference/12-R1.xyz
12-R2,uma-s-1p1,ASE,-157.185282917539,,0.04421688,,,,True,structures/reference/12-R2.xyz
12-TS,uma-s-1p1,ASE,-803.533089564736,,0.04336390,,,,True,structures/reference/12-TS.xyz
13-P1,uma-s-1p1,ASE,-456.138223895493,,0.04294191,,,,True,structures/reference/13-P1.xyz
13-R2,uma-s-1p1,ASE,-263.087359894054,,0.04699121,,,,True,structures/reference/13-R2.xyz
13-TS,uma-s-1p1,ASE,-456.086705342206,,0.04545083,,,,True,structures/reference/13-TS.xyz
14-P1,uma-s-1p1,ASE,-388.336291021552,,0.04800993,,,,True,structures/reference/14-P1.xyz
14-R1,uma-s-1p1,ASE,-193.008421750612,,0.04314106,,,,True,structures/reference/14-R1.xyz
14-R2,uma-s-1p1,ASE,-195.254038138918,,0.04463521,,,,True,structures/reference/14-R2.xyz
14-TS,uma-s-1p1,ASE,-388.283977225616,,0.04375173,,,,True,structures/reference/14-TS.xyz
15-P1,uma-s-1p1,ASE,-384.981578228375,,0.04334061,,,,True,structures/reference/15-P1.xyz
15-R1,uma-s-1p1,ASE,-306.392622789170,,0.04359293,,,,True,structures/reference/15-R1.xyz
15-R2,uma-s-1p1,ASE,-78.566517725907,,0.04510554,,,,True,structures/reference/15-R2.xyz
15-TS,uma-s-1p1,ASE,-384.920252059723,,0.04458072,,,,True,structures/reference/15-TS.xyz
16-P1,uma-s-1p1,ASE,-460.209830431038,,0.04425409,,,,True,structures/reference/16-P1.xyz
16-R1,uma-s-1p1,ASE,-381.628504363368,,0.04308587,,,,True,structures/reference/16-R1.xyz
16-TS,uma-s-1p1,ASE,-460.158539457197,,0.04855574,,,,True,structures/reference/16-TS.xyz
17-P1,uma-s-1p1,ASE,-647.649119674849,,0.04463290,,,,True,structures/reference/17-P1.xyz
17-R2,uma-s-1p1,ASE,-341.224742944106,,0.04264717,,,,True,structures/reference/17-R2.xyz
17-TS,uma-s-1p1,ASE,-647.611532278963,,0.04409328,,,,True,structures/reference/17-TS.xyz
18-P1,uma-s-1p1,ASE,-555.288939191881,,0.04313033,,,,True,structures/reference/18-P1.xyz
18-R1,uma-s-1p1,ASE,-398.091518469025,,0.00117560,,,,True,structures/reference/18-R1.xyz
18-TS,uma-s-1p1,ASE,-555.274645523063,,0.04342539,,,,True,structures/reference/18-TS.xyz
19-P1,uma-s-1p1,ASE,-554.060229315033,,0.04389737,,,,True,structures/reference/19-P1.xyz
19-R2,uma-s-1p1,ASE,-155.962836599400,,0.04289831,,,,True,structures/reference/19-R2.xyz
19-TS,uma-s-1p1,ASE,-554.049646100485,,0.04317028,,,,True,structures/reference/19-TS.xyz
2-P1,uma-s-1p1,ASE,-616.806850334019,,0.04425872,,,,True,structures/reference/2-P1.xyz
2-TS,uma-s-1p1,ASE,-616.776856987636,,0.04776075,,,,True,structures/reference/2-TS.xyz
20-P1,uma-s-1p1,ASE,-780.251237029982,,0.04390437,,,,True,structures/reference/20-P1.xyz
20-P2,uma-s-1p1,ASE,-231.542008590464,,0.04291359,,,,True,structures/reference/20-P2.xyz
20-R1,uma-s-1p1,ASE,-1011.794647333116,,0.04406236,,,,True,structures/reference/20-R1.xyz
20-TS,uma-s-1p1,ASE,-1011.776302663984,,0.04477552,,,,True,structures/reference/20-TS.xyz
21-P1,uma-s-1p1,ASE,-914.580176296898,,0.04372164,,,,True,structures/reference/21-P1.xyz
21-R1,uma-s-1p1,ASE,-914.567474131413,,0.04286906,,,,True,structures/reference/21-R1.xyz
21-TS,uma-s-1p1,ASE,-914.554106665058,,0.04295773,,,,True,structures/reference/21-TS.xyz
22-P1,uma-s-1p1,ASE,-595.212894587690,,0.04469313,,,,True,structures/reference/22-P1.xyz
22-R1,uma-s-1p1,ASE,-595.190925342994,,0.04389516,,,,True,structures/reference/22-R1.xyz
22-TS,uma-s-1p1,ASE,-595.175785693581,,0.04304050,,,,True,structures/reference/22-TS.xyz
23-P1,uma-s-1p1,ASE,-310.933226979648,,0.04405183,,,,True,structures/reference/23-P1.xyz
23-R1,uma-s-1p1,ASE,-310.927966577555,,0.04459836,,,,True,structures/reference/23-R1.xyz
23-TS,uma-s-1p1,ASE,-310.912531341501,,0.04363681,,,,True,structures/reference/23-TS.xyz
24-P1,uma-s-1p1,ASE,-463.392577592393,,0.04429319,,,,True,structures/reference/24-P1.xyz
24-R1,uma-s-1p1,ASE,-463.369740799680,,0.04322648,,,,True,structures/reference/24-R1.xyz
24-TS,uma-s-1p1,ASE,-463.364203304390,,0.04422312,,,,True,structures/reference/24-TS.xyz
25-P1,uma-s-1p1,ASE,-385.441137855522,,0.04288812,,,,True,structures/reference/25-P1.xyz
25-R1,uma-s-1p1,ASE,-384.751989727967,,0.04573303,,,,True,structures/reference/25-R1.xyz
25-R2,uma-s-1p1,ASE,-40.491076873497,,0.04358633,,,,True,structures/reference/25-R2.xyz
25-TS,uma-s-1p1,ASE,-425.237977352087,,0.04321833,,,,True,structures/reference/25-TS.xyz
26-P2,uma-s-1p1,ASE,-115.048156249542,,0.04279378,,,,True,structures/reference/26-P2.xyz
26-R2,uma-s-1p1,ASE,-115.716986994001,,0.04307421,,,,True,structures/reference/26-R2.xyz
26-TS,uma-s-1p1,ASE,-500.471650574257,,0.04430407,,,,True,structures/reference/26-TS.xyz
27-P1,uma-s-1p1,ASE,-75.742026053524,,0.04353813,,,,True,structures/reference/27-P1.xyz
27-P2,uma-s-1p1,ASE,-549.228788923627,,0.04260912,,,,True,structures/reference/27-P2.xyz
27-R1,uma-s-1p1,ASE,-548.584023792264,,0.04428617,,,,True,structures/reference/27-R1.xyz
27-R2,uma-s-1p1,ASE,-76.433597874502,,0.04187034,,,,True,structures/reference/27-R2.xyz
27-TS,uma-s-1p1,ASE,-624.969017387377,,0.04373187,,,,True,structures/reference/27-TS.xyz
28-TS,uma-s-1p1,ASE,-589.028699787949,,0.04329465,,,,True,structures/reference/28-TS.xyz
29-P1,uma-s-1p1,ASE,-157.745096243224,,0.04370771,,,,True,structures/reference/29-P1.xyz
29-R1,uma-s-1p1,ASE,-158.403091051428,,0.04330811,,,,True,structures/reference/29-R1.xyz
29-TS,uma-s-1p1,ASE,-706.944159381542,,0.04343993,,,,True,structures/reference/29-TS.xyz
3-P1,uma-s-1p1,ASE,-834.250851074001,,0.04356773,,,,True,structures/reference/3-P1.xyz
3-R1,uma-s-1p1,ASE,-834.224315659618,,0.04455346,,,,True,structures/reference/3-R1.xyz
3-TS,uma-s-1p1,ASE,-834.208783083715,,0.04382509,,,,True,structures/reference/3-TS.xyz
30-P1,uma-s-1p1,ASE,-117.231183445191,,0.04315661,,,,True,structures/reference/30-P1.xyz
30-R1,uma-s-1p1,ASE,-117.875428329616,,0.04307452,,,,True,structures/reference/30-R1.xyz
30-TS,uma-s-1p1,ASE,-666.415264341701,,0.04331815,,,,True,structures/reference/30-TS.xyz
31-P1,uma-s-1p1,ASE,-754.138437144181,,0.04354224,,,,True,structures/reference/31-P1.xyz
31-R1,uma-s-1p1,ASE,-754.115147512390,,0.04422833,,,,True,structures/reference/31-R1.xyz
31-TS,uma-s-1p1,ASE,-754.106065661798,,0.04367528,,,,True,structures/reference/31-TS.xyz
32-P1,uma-s-1p1,ASE,-562.377662453031,,0.04321088,,,,True,structures/reference/32-P1.xyz
32-R1,uma-s-1p1,ASE,-562.363107001000,,0.04360823,,,,True,structures/reference/32-R1.xyz
32-TS,uma-s-1p1,ASE,-562.349952864320,,0.04420852,,,,True,structures/reference/32-TS.xyz
33-P1,uma-s-1p1,ASE,-679.070357509726,,0.04336601,,,,True,structures/reference/33-P1.xyz
33-R1,uma-s-1p1,ASE,-679.058048665518,,0.04373326,,,,True,structures/reference/33-R1.xyz
33-TS,uma-s-1p1,ASE,-679.041870036890,,0.04384146,,,,True,structures/reference/33-TS.xyz
34-P1,uma-s-1p1,ASE,-1139.894888092806,,0.04380769,,,,True,structures/reference/34-P1.xyz
34-R1,uma-s-1p1,ASE,-1139.880765423533,,0.04277217,,,,True,structures/reference/34-R1.xyz
34-TS,uma-s-1p1,ASE,-1139.867377518347,,0.04428305,,,,True,structures/reference/34-TS.xyz
35-P1,uma-s-1p1,ASE,-3253.717300490113,,0.04304382,,,,True,structures/reference/35-P1.xyz
35-R1,uma-s-1p1,ASE,-3253.702942283641,,0.04420369,,,,True,structures/reference/35-R1.xyz
35-TS,uma-s-1p1,ASE,-3253.688576430335,,0.04398110,,,,True,structures/reference/35-TS.xyz
36-P1,uma-s-1p1,ASE,-1074.907224351024,,0.04677358,,,,True,structures/reference/36-P1.xyz
36-R1,uma-s-1p1,ASE,-1074.878800738725,,0.04412160,,,,True,structures/reference/36-R1.xyz
36-TS,uma-s-1p1,ASE,-1074.872954269452,,0.04398105,,,,True,structures/reference/36-TS.xyz
37-P1,uma-s-1p1,ASE,-751.940133349635,,0.04438903,,,,True,structures/reference/37-P1.xyz
37-R1,uma-s-1p1,ASE,-751.918283355907,,0.04316873,,,,True,structures/reference/37-R1.xyz
37-TS,uma-s-1p1,ASE,-751.907116984661,,0.04313485,,,,True,structures/reference/37-TS.xyz
38-P1,uma-s-1p1,ASE,-348.291260778406,,0.04263147,,,,True,structures/reference/38-P1.xyz
38-P2,uma-s-1p1,ASE,-460.126132814017,,0.00116957,,,,True,structures/reference/38-P2.xyz
38-R1,uma-s-1p1,ASE,-808.434583670262,,0.04535856,,,,True,structures/reference/38-R1.xyz
38-TS,uma-s-1p1,ASE,-808.425923580195,,0.04425694,,,,True,structures/reference/38-TS.xyz
39-P2,uma-s-1p1,ASE,-2573.968461835595,,0.00090975,,,,True,structures/reference/39-P2.xyz
39-R1,uma-s-1p1,ASE,-2922.258429112142,,0.04486471,,,,True,structures/reference/39-R1.xyz
39-TS,uma-s-1p1,ASE,-2922.257054972005,,0.04442974,,,,True,structures/reference/39-TS.xyz
4-P1,uma-s-1p1,ASE,-834.257045575091,,0.04534644,,,,True,structures/reference/4-P1.xyz
4-TS,uma-s-1p1,ASE,-834.202263708330,,0.04378690,,,,True,structures/reference/4-TS.xyz
40-P1,uma-s-1p1,ASE,-462.818427006259,,0.04634349,,,,True,structures/reference/40-P1.xyz
40-R1,uma-s-1p1,ASE,-922.965045891053,,0.04373686,,,,True,structures/reference/40-R1.xyz
40-TS,uma-s-1p1,ASE,-922.957369695675,,0.04565925,,,,True,structures/reference/40-TS.xyz
41-P1,uma-s-1p1,ASE,-822.707030365554,,0.04363827,,,,True,structures/reference/41-P1.xyz
41-R1,uma-s-1p1,ASE,-1282.856919080700,,0.04589382,,,,True,structures/reference/41-R1.xyz
41-TS,uma-s-1p1,ASE,-1282.849765116072,,0.04285247,,,,True,structures/reference/41-TS.xyz
42-P1,uma-s-1p1,ASE,-509.384205357745,,0.04531278,,,,True,structures/reference/42-P1.xyz
42-R1,uma-s-1p1,ASE,-430.784928543554,,0.04402234,,,,True,structures/reference/42-R1.xyz
42-TS,uma-s-1p1,ASE,-509.330510470169,,0.04237029,,,,True,structures/reference/42-TS.xyz
43-P1,uma-s-1p1,ASE,-304.717166652489,,0.04384359,,,,True,structures/reference/43-P1.xyz
43-R1,uma-s-1p1,ASE,-304.684727705070,,0.04505585,,,,True,structures/reference/43-R1.xyz
43-TS,uma-s-1p1,ASE,-304.670934801417,,0.04279838,,,,True,structures/reference/43-TS.xyz
44-P1,uma-s-1p1,ASE,-109.552585173705,,0.04206539,,,,True,structures/reference/44-P1.xyz
44-P2,uma-s-1p1,ASE,-195.189445338960,,0.04582090,,,,True,structures/reference/44-P2.xyz
44-TS,uma-s-1p1,ASE,-304.711373143082,,0.04477086,,,,True,structures/reference/44-TS.xyz
45-P1,uma-s-1p1,ASE,-422.623994818908,,0.04404276,,,,True,structures/reference/45-P1.xyz
45-R1,uma-s-1p1,ASE,-422.609516067238,,0.04369139,,,,True,structures/reference/45-R1.xyz
45-TS,uma-s-1p1,ASE,-422.585817551370,,0.04393672,,,,True,structures/reference/45-TS.xyz
46-P1,uma-s-1p1,ASE,-313.117704942644,,0.04562327,,,,True,structures/reference/46-P1.xyz
46-TS,uma-s-1p1,ASE,-422.621313525701,,0.04405328,,,,True,structures/reference/46-TS.xyz
47-P1,uma-s-1p1,ASE,-309.519112263088,,0.04436467,,,,True,structures/reference/47-P1.xyz
47-R1,uma-s-1p1,ASE,-419.070908579332,,0.04784053,,,,True,structures/reference/47-R1.xyz
47-TS,uma-s-1p1,ASE,-419.048176506216,,0.04379254,,,,True,structures/reference/47-TS.xyz
48-P1,uma-s-1p1,ASE,-951.527752284108,,0.04294837,,,,True,structures/reference/48-P1.xyz
48-R1,uma-s-1p1,ASE,-1061.037624705916,,0.04398243,,,,True,structures/reference/48-R1.xyz
48-TS,uma-s-1p1,ASE,-1061.030281808915,,0.04591079,,,,True,structures/reference/48-TS.xyz
49-P1,uma-s-1p1,ASE,-477.262188812728,,0.04332136,,,,True,structures/reference/49-P1.xyz
49-R1,uma-s-1p1,ASE,-586.733075087453,,0.04321265,,,,True,structures/reference/49-R1.xyz
49-TS,uma-s-1p1,ASE,-586.723079269771,,0.04387435,,,,True,structures/reference/49-TS.xyz
5-P1,uma-s-1p1,ASE,-440.100502392729,,0.04462260,,,,True,structures/reference/5-P1.xyz
5-R1,uma-s-1p1,ASE,-170.830869690759,,0.04276066,,,,True,structures/reference/5-R1.xyz
5-R2,uma-s-1p1,ASE,-269.227829009085,,0.04297139,,,,True,structures/reference/5-R2.xyz
5-TS,uma-s-1p1,ASE,-440.063409278442,,0.04898539,,,,True,structures/reference/5-TS.xyz
50-R1,uma-s-1p1,ASE,-645.018243050772,,0.04332045,,,,True,structures/reference/50-R1.xyz
50-R2,uma-s-1p1,ASE,-415.971851643202,,0.04244960,,,,True,structures/reference/50-R2.xyz
50-TS,uma-s-1p1,ASE,-1060.986057495755,,0.04303131,,,,True,structures/reference/50-TS.xyz
6-P1,uma-s-1p1,ASE,-440.130594009674,,0.04608600,,,,True,structures/reference/6-P1.xyz
6-TS,uma-s-1p1,ASE,-440.060725657433,,0.04377219,,,,True,structures/reference/6-TS.xyz
7-P1,uma-s-1p1,ASE,-616.018863972085,,0.04333658,,,,True,structures/reference/7-P1.xyz
7-R1,uma-s-1p1,ASE,-615.993435743357,,0.04469852,,,,True,structures/reference/7-R1.xyz
7-TS,uma-s-1p1,ASE,-615.980515294046,,0.04521009,,,,True,structures/reference/7-TS.xyz
8-P1,uma-s-1p1,ASE,-1115.588908433090,,0.04342377,,,,True,structures/reference/8-P1.xyz
8-R1,uma-s-1p1,ASE,-157.181721372859,,0.04344969,,,,True,structures/reference/8-R1.xyz
8-R2,uma-s-1p1,ASE,-958.352055695503,,0.04371559,,,,True,structures/reference/8-R2.xyz
8-TS,uma-s-1p1,ASE,-1115.532970910187,,0.04815646,,,,True,structures/reference/8-TS.xyz
9-P1,uma-s-1p1,ASE,-614.846702306996,,0.04415283,,,,True,structures/reference/9-P1.xyz
9-R1,uma-s-1p1,ASE,-614.830615816266,,0.04397112,,,,True,structures/reference/9-R1.xyz
9-TS,uma-s-1p1,ASE,-614.809843499674,,0.04472430,,,,True,structures/reference/9-TS.xyz
1-P1,uma-s-1p2,ASE,-616.781324471732,,0.05825260,,,,True,structures/reference/1-P1.xyz
1-R1,uma-s-1p2,ASE,-616.781356201867,,0.05034047,,,,True,structures/reference/1-R1.xyz
1-TS,uma-s-1p2,ASE,-616.765745481107,,0.04752313,,,,True,structures/reference/1-TS.xyz
10-P1,uma-s-1p2,ASE,-153.183006846007,,0.04448723,,,,True,structures/reference/10-P1.xyz
10-P2,uma-s-1p2,ASE,-39.817815788784,,0.04468932,,,,True,structures/reference/10-P2.xyz
10-R1,uma-s-1p2,ASE,-193.015127847187,,0.04449233,,,,True,structures/reference/10-R1.xyz
10-TS,uma-s-1p2,ASE,-192.985724693193,,0.04530261,,,,True,structures/reference/10-TS.xyz
11-P1,uma-s-1p2,ASE,-344.924348291433,,0.04412888,,,,True,structures/reference/11-P1.xyz
11-P2,uma-s-1p2,ASE,-203.450902061643,,0.05397161,,,,True,structures/reference/11-P2.xyz
11-R1,uma-s-1p2,ASE,-548.381047380968,,0.04681657,,,,True,structures/reference/11-R1.xyz
11-TS,uma-s-1p2,ASE,-548.362558370648,,0.04977963,,,,True,structures/reference/11-TS.xyz
12-P1,uma-s-1p2,ASE,-803.593856865665,,0.05363171,,,,True,structures/reference/12-P1.xyz
12-R1,uma-s-1p2,ASE,-646.348021777996,,0.04998252,,,,True,structures/reference/12-R1.xyz
12-R2,uma-s-1p2,ASE,-157.185273661592,,0.04721253,,,,True,structures/reference/12-R2.xyz
12-TS,uma-s-1p2,ASE,-803.533647385914,,0.04705865,,,,True,structures/reference/12-TS.xyz
13-P1,uma-s-1p2,ASE,-456.137656195201,,0.04582882,,,,True,structures/reference/13-P1.xyz
13-R2,uma-s-1p2,ASE,-263.087372247915,,0.05132300,,,,True,structures/reference/13-R2.xyz
13-TS,uma-s-1p2,ASE,-456.088881162633,,0.04734860,,,,True,structures/reference/13-TS.xyz
14-P1,uma-s-1p2,ASE,-388.337377496044,,0.04872416,,,,True,structures/reference/14-P1.xyz
14-R1,uma-s-1p2,ASE,-193.008618071501,,0.05109679,,,,True,structures/reference/14-R1.xyz
14-R2,uma-s-1p2,ASE,-195.254079562245,,0.05113235,,,,True,structures/reference/14-R2.xyz
14-TS,uma-s-1p2,ASE,-388.284873545443,,0.05152790,,,,True,structures/reference/14-TS.xyz
15-P1,uma-s-1p2,ASE,-384.981418757451,,0.05055803,,,,True,structures/reference/15-P1.xyz
15-R1,uma-s-1p2,ASE,-306.392798543220,,0.05073884,,,,True,structures/reference/15-R1.xyz
15-R2,uma-s-1p2,ASE,-78.566525452876,,0.05403212,,,,True,structures/reference/15-R2.xyz
15-TS,uma-s-1p2,ASE,-384.924954386540,,0.05193475,,,,True,structures/reference/15-TS.xyz
16-P1,uma-s-1p2,ASE,-460.209555854820,,0.05200695,,,,True,structures/reference/16-P1.xyz
16-R1,uma-s-1p2,ASE,-381.628939719555,,0.05168160,,,,True,structures/reference/16-R1.xyz
16-TS,uma-s-1p2,ASE,-460.164691623108,,0.05189354,,,,True,structures/reference/16-TS.xyz
17-P1,uma-s-1p2,ASE,-647.650030352771,,0.05519927,,,,True,structures/reference/17-P1.xyz
17-R2,uma-s-1p2,ASE,-341.224765124455,,0.05275481,,,,True,structures/reference/17-R2.xyz
17-TS,uma-s-1p2,ASE,-647.608434836121,,0.05238118,,,,True,structures/reference/17-TS.xyz
18-P1,uma-s-1p2,ASE,-555.288701843978,,0.04909148,,,,True,structures/reference/18-P1.xyz
18-R1,uma-s-1p2,ASE,-398.091519070528,,0.05418254,,,,True,structures/reference/18-R1.xyz
18-TS,uma-s-1p2,ASE,-555.275813906239,,0.04871537,,,,True,structures/reference/18-TS.xyz
19-P1,uma-s-1p2,ASE,-554.059673849428,,0.04653269,,,,True,structures/reference/19-P1.xyz
19-R2,uma-s-1p2,ASE,-155.962847665281,,0.04522652,,,,True,structures/reference/19-R2.xyz
19-TS,uma-s-1p2,ASE,-554.051044242369,,0.04956956,,,,True,structures/reference/19-TS.xyz
2-P1,uma-s-1p2,ASE,-616.806534774056,,0.05632692,,,,True,structures/reference/2-P1.xyz
2-TS,uma-s-1p2,ASE,-616.775740476969,,0.04992071,,,,True,structures/reference/2-TS.xyz
20-P1,uma-s-1p2,ASE,-780.249675322264,,0.04846267,,,,True,structures/reference/20-P1.xyz
20-P2,uma-s-1p2,ASE,-231.542266834794,,0.04516017,,,,True,structures/reference/20-P2.xyz
20-R1,uma-s-1p2,ASE,-1011.792780328880,,0.04827601,,,,True,structures/reference/20-R1.xyz
20-TS,uma-s-1p2,ASE,-1011.777501512819,,0.04877843,,,,True,structures/reference/20-TS.xyz
21-P1,uma-s-1p2,ASE,-914.579796281090,,0.04821320,,,,True,structures/reference/21-P1.xyz
21-R1,uma-s-1p2,ASE,-914.566423227630,,0.04580109,,,,True,structures/reference/21-R1.xyz
21-TS,uma-s-1p2,ASE,-914.552825077925,,0.04411766,,,,True,structures/reference/21-TS.xyz
22-P1,uma-s-1p2,ASE,-595.212642373390,,0.04411250,,,,True,structures/reference/22-P1.xyz
22-R1,uma-s-1p2,ASE,-595.191781960051,,0.04395755,,,,True,structures/reference/22-R1.xyz
22-TS,uma-s-1p2,ASE,-595.176060481726,,0.04857966,,,,True,structures/reference/22-TS.xyz
23-P1,uma-s-1p2,ASE,-310.932886411061,,0.04455740,,,,True,structures/reference/23-P1.xyz
23-R1,uma-s-1p2,ASE,-310.927894936375,,0.04535936,,,,True,structures/reference/23-R1.xyz
23-TS,uma-s-1p2,ASE,-310.911749775682,,0.04244015,,,,True,structures/reference/23-TS.xyz
24-P1,uma-s-1p2,ASE,-463.392899451002,,0.04506552,,,,True,structures/reference/24-P1.xyz
24-R1,uma-s-1p2,ASE,-463.350388160142,,0.04433843,,,,True,structures/reference/24-R1.xyz
24-TS,uma-s-1p2,ASE,-463.368583328347,,0.04629889,,,,True,structures/reference/24-TS.xyz
25-P1,uma-s-1p2,ASE,-385.440672333941,,0.04332452,,,,True,structures/reference/25-P1.xyz
25-R1,uma-s-1p2,ASE,-384.744876571939,,0.04674669,,,,True,structures/reference/25-R1.xyz
25-R2,uma-s-1p2,ASE,-40.491085961273,,0.04346658,,,,True,structures/reference/25-R2.xyz
25-TS,uma-s-1p2,ASE,-425.238601413271,,0.04489183,,,,True,structures/reference/25-TS.xyz
26-P2,uma-s-1p2,ASE,-115.047613395227,,0.04759281,,,,True,structures/reference/26-P2.xyz
26-R2,uma-s-1p2,ASE,-115.716999510771,,0.04657567,,,,True,structures/reference/26-R2.xyz
26-TS,uma-s-1p2,ASE,-500.469284959345,,0.04660129,,,,True,structures/reference/26-TS.xyz
27-P1,uma-s-1p2,ASE,-75.742480127968,,0.04462348,,,,True,structures/reference/27-P1.xyz
27-P2,uma-s-1p2,ASE,-549.227246669209,,0.04382985,,,,True,structures/reference/27-P2.xyz
27-R1,uma-s-1p2,ASE,-548.540321734904,,0.04309627,,,,True,structures/reference/27-R1.xyz
27-R2,uma-s-1p2,ASE,-76.433574535183,,0.04308635,,,,True,structures/reference/27-R2.xyz
27-TS,uma-s-1p2,ASE,-624.965756080056,,0.04365055,,,,True,structures/reference/27-TS.xyz
28-TS,uma-s-1p2,ASE,-589.026113622434,,0.04300957,,,,True,structures/reference/28-TS.xyz
29-P1,uma-s-1p2,ASE,-157.744966108152,,0.04422644,,,,True,structures/reference/29-P1.xyz
29-R1,uma-s-1p2,ASE,-158.403114253043,,0.04512698,,,,True,structures/reference/29-R1.xyz
29-TS,uma-s-1p2,ASE,-706.944539778365,,0.04952756,,,,True,structures/reference/29-TS.xyz
3-P1,uma-s-1p2,ASE,-834.251012771828,,0.04373757,,,,True,structures/reference/3-P1.xyz
3-R1,uma-s-1p2,ASE,-834.231374414011,,0.04337072,,,,True,structures/reference/3-R1.xyz
3-TS,uma-s-1p2,ASE,-834.208569709475,,0.04462373,,,,True,structures/reference/3-TS.xyz
30-P1,uma-s-1p2,ASE,-117.231535108661,,0.04279129,,,,True,structures/reference/30-P1.xyz
30-R1,uma-s-1p2,ASE,-117.875440226209,,0.04333739,,,,True,structures/reference/30-R1.xyz
30-TS,uma-s-1p2,ASE,-666.414729990972,,0.04412146,,,,True,structures/reference/30-TS.xyz
31-P1,uma-s-1p2,ASE,-754.138997472304,,0.04410230,,,,True,structures/reference/31-P1.xyz
31-R1,uma-s-1p2,ASE,-754.116681552975,,0.04780713,,,,True,structures/reference/31-R1.xyz
31-TS,uma-s-1p2,ASE,-754.105790479592,,0.04393504,,,,True,structures/reference/31-TS.xyz
32-P1,uma-s-1p2,ASE,-562.378884825288,,0.04248622,,,,True,structures/reference/32-P1.xyz
32-R1,uma-s-1p2,ASE,-562.362764500456,,0.04156963,,,,True,structures/reference/32-R1.xyz
32-TS,uma-s-1p2,ASE,-562.351335613446,,0.04147166,,,,True,structures/reference/32-TS.xyz
33-P1,uma-s-1p2,ASE,-679.070079301919,,0.04687974,,,,True,structures/reference/33-P1.xyz
33-R1,uma-s-1p2,ASE,-679.057413489452,,0.04632337,,,,True,structures/reference/33-R1.xyz
33-TS,uma-s-1p2,ASE,-679.043794124777,,0.04675981,,,,True,structures/reference/33-TS.xyz
34-P1,uma-s-1p2,ASE,-1139.894468444251,,0.04642657,,,,True,structures/reference/34-P1.xyz
34-R1,uma-s-1p2,ASE,-1139.880525119582,,0.04636538,,,,True,structures/reference/34-R1.xyz
34-TS,uma-s-1p2,ASE,-1139.868112516186,,0.04337547,,,,True,structures/reference/34-TS.xyz
35-P1,uma-s-1p2,ASE,-3253.716581286026,,0.04178562,,,,True,structures/reference/35-P1.xyz
35-R1,uma-s-1p2,ASE,-3253.702128426088,,0.04209634,,,,True,structures/reference/35-R1.xyz
35-TS,uma-s-1p2,ASE,-3253.688533269862,,0.04163397,,,,True,structures/reference/35-TS.xyz
36-P1,uma-s-1p2,ASE,-1074.907743868024,,0.04154294,,,,True,structures/reference/36-P1.xyz
36-R1,uma-s-1p2,ASE,-1074.871803438967,,0.04166695,,,,True,structures/reference/36-R1.xyz
36-TS,uma-s-1p2,ASE,-1074.873131087711,,0.04154345,,,,True,structures/reference/36-TS.xyz
37-P1,uma-s-1p2,ASE,-751.941281793208,,0.04115464,,,,True,structures/reference/37-P1.xyz
37-R1,uma-s-1p2,ASE,-751.901426248761,,0.04243849,,,,True,structures/reference/37-R1.xyz
37-TS,uma-s-1p2,ASE,-751.907103200966,,0.04353879,,,,True,structures/reference/37-TS.xyz
38-P1,uma-s-1p2,ASE,-348.292231520180,,0.04469260,,,,True,structures/reference/38-P1.xyz
38-P2,uma-s-1p2,ASE,-460.126179896904,,0.04011753,,,,True,structures/reference/38-P2.xyz
38-R1,uma-s-1p2,ASE,-808.437843173340,,0.04200455,,,,True,structures/reference/38-R1.xyz
38-TS,uma-s-1p2,ASE,-808.425285316581,,0.04181982,,,,True,structures/reference/38-TS.xyz
39-P2,uma-s-1p2,ASE,-2573.968496949920,,0.04064897,,,,True,structures/reference/39-P2.xyz
39-R1,uma-s-1p2,ASE,-2922.261824145319,,0.04541938,,,,True,structures/reference/39-R1.xyz
39-TS,uma-s-1p2,ASE,-2922.258339479066,,0.04599433,,,,True,structures/reference/39-TS.xyz
4-P1,uma-s-1p2,ASE,-834.257766088657,,0.04642095,,,,True,structures/reference/4-P1.xyz
4-TS,uma-s-1p2,ASE,-834.203507147195,,0.04725697,,,,True,structures/reference/4-TS.xyz
40-P1,uma-s-1p2,ASE,-462.818199346850,,0.04581798,,,,True,structures/reference/40-P1.xyz
40-R1,uma-s-1p2,ASE,-922.969137181528,,0.04273088,,,,True,structures/reference/40-R1.xyz
40-TS,uma-s-1p2,ASE,-922.957224652526,,0.04191073,,,,True,structures/reference/40-TS.xyz
41-P1,uma-s-1p2,ASE,-822.706707529349,,0.04174791,,,,True,structures/reference/41-P1.xyz
41-R1,uma-s-1p2,ASE,-1282.857083914523,,0.04171213,,,,True,structures/reference/41-R1.xyz
41-TS,uma-s-1p2,ASE,-1282.848566313331,,0.04144921,,,,True,structures/reference/41-TS.xyz
42-P1,uma-s-1p2,ASE,-509.384346265277,,0.04167942,,,,True,structures/reference/42-P1.xyz
42-R1,uma-s-1p2,ASE,-430.783845392083,,0.04095733,,,,True,structures/reference/42-R1.xyz
42-TS,uma-s-1p2,ASE,-509.331448385315,,0.04106788,,,,True,structures/reference/42-TS.xyz
43-P1,uma-s-1p2,ASE,-304.716472166834,,0.04323912,,,,True,structures/reference/43-P1.xyz
43-R1,uma-s-1p2,ASE,-304.684576072899,,0.04108398,,,,True,structures/reference/43-R1.xyz
43-TS,uma-s-1p2,ASE,-304.669417333628,,0.04125626,,,,True,structures/reference/43-TS.xyz
44-P1,uma-s-1p2,ASE,-109.552579114544,,0.04000899,,,,True,structures/reference/44-P1.xyz
44-P2,uma-s-1p2,ASE,-195.188892483990,,0.04184264,,,,True,structures/reference/44-P2.xyz
44-TS,uma-s-1p2,ASE,-304.712354181375,,0.04525699,,,,True,structures/reference/44-TS.xyz
45-P1,uma-s-1p2,ASE,-422.625276014380,,0.04408865,,,,True,structures/reference/45-P1.xyz
45-R1,uma-s-1p2,ASE,-422.606776756027,,0.04292938,,,,True,structures/reference/45-R1.xyz
45-TS,uma-s-1p2,ASE,-422.586925148380,,0.04209618,,,,True,structures/reference/45-TS.xyz
46-P1,uma-s-1p2,ASE,-313.116911650656,,0.04175463,,,,True,structures/reference/46-P1.xyz
46-TS,uma-s-1p2,ASE,-422.623632802121,,0.04224999,,,,True,structures/reference/46-TS.xyz
47-P1,uma-s-1p2,ASE,-309.519533464421,,0.04628657,,,,True,structures/reference/47-P1.xyz
47-R1,uma-s-1p2,ASE,-419.070229034641,,0.04546737,,,,True,structures/reference/47-R1.xyz
47-TS,uma-s-1p2,ASE,-419.047026337907,,0.04598562,,,,True,structures/reference/47-TS.xyz
48-P1,uma-s-1p2,ASE,-951.527745878176,,0.04685722,,,,True,structures/reference/48-P1.xyz
48-R1,uma-s-1p2,ASE,-1061.037809071965,,0.04697360,,,,True,structures/reference/48-R1.xyz
48-TS,uma-s-1p2,ASE,-1061.032204665098,,0.04715576,,,,True,structures/reference/48-TS.xyz
49-P1,uma-s-1p2,ASE,-477.262457482338,,0.04651242,,,,True,structures/reference/49-P1.xyz
49-R1,uma-s-1p2,ASE,-586.732931062328,,0.04639889,,,,True,structures/reference/49-R1.xyz
49-TS,uma-s-1p2,ASE,-586.722881343848,,0.04875504,,,,True,structures/reference/49-TS.xyz
5-P1,uma-s-1p2,ASE,-440.101900826553,,0.05232634,,,,True,structures/reference/5-P1.xyz
5-R1,uma-s-1p2,ASE,-170.830876895430,,0.05111840,,,,True,structures/reference/5-R1.xyz
5-R2,uma-s-1p2,ASE,-269.227335127121,,0.04558523,,,,True,structures/reference/5-R2.xyz
5-TS,uma-s-1p2,ASE,-440.065446062390,,0.04919109,,,,True,structures/reference/5-TS.xyz
50-R1,uma-s-1p2,ASE,-645.018020259056,,0.04548266,,,,True,structures/reference/50-R1.xyz
50-R2,uma-s-1p2,ASE,-415.971885896795,,0.04546754,,,,True,structures/reference/50-R2.xyz
50-TS,uma-s-1p2,ASE,-1060.987392546504,,0.05205730,,,,True,structures/reference/50-TS.xyz
6-P1,uma-s-1p2,ASE,-440.130354477855,,0.04419221,,,,True,structures/reference/6-P1.xyz
6-TS,uma-s-1p2,ASE,-440.061478686628,,0.04644479,,,,True,structures/reference/6-TS.xyz
7-P1,uma-s-1p2,ASE,-616.017802044847,,0.04362446,,,,True,structures/reference/7-P1.xyz
7-R1,uma-s-1p2,ASE,-615.995002308163,,0.04243557,,,,True,structures/reference/7-R1.xyz
7-TS,uma-s-1p2,ASE,-615.980394937553,,0.04307877,,,,True,structures/reference/7-TS.xyz
8-P1,uma-s-1p2,ASE,-1115.589508881827,,0.04326844,,,,True,structures/reference/8-P1.xyz
8-R1,uma-s-1p2,ASE,-157.181755517270,,0.04185147,,,,True,structures/reference/8-R1.xyz
8-R2,uma-s-1p2,ASE,-958.348723265119,,0.04158781,,,,True,structures/reference/8-R2.xyz
8-TS,uma-s-1p2,ASE,-1115.534158836709,,0.04319581,,,,True,structures/reference/8-TS.xyz
9-P1,uma-s-1p2,ASE,-614.846378813159,,0.04502621,,,,True,structures/reference/9-P1.xyz
9-R1,uma-s-1p2,ASE,-614.831042693824,,0.04719453,,,,True,structures/reference/9-R1.xyz
9-TS,uma-s-1p2,ASE,-614.812989010378,,0.04870738,,,,True,structures/reference/9-TS.xyz
