rxn_number,functional,program,R1_energy_kcal_mol,R2_energy_kcal_mol,TS_energy_kcal_mol,P1_energy_kcal_mol,P2_energy_kcal_mol,R1_gpu_time_s,R2_gpu_time_s,TS_gpu_time_s,P1_gpu_time_s,P2_gpu_time_s
1,MACE-OMOL,ASE,-387034.07910963,,-387024.21104578,-387036.79877641,,0.43358249,,0.31249228,0.35547172,
1,aimnet2-nse,ASE,-387313.76346798,,-387296.55815231,-387311.14324617,,0.00348474,,0.00335264,0.00450748,
1,allscaip-md-conserving-all-omol,ASE,-387035.46456673,,-387027.27602070,-387037.76204243,,0.05935305,,0.05885653,0.05570123,
1,allscaip-md-direct-all-omol,ASE,-387038.41782393,,-387029.17447445,-387037.88144662,,0.02037696,,0.02532201,0.02047630,
1,esen-md-direct-all-omol,ASE,-387038.12433647,,-387027.96308411,-387037.95003514,,0.02623922,,0.02606100,0.02621213,
1,esen-sm-conserving-all-omol,ASE,-387034.61057430,,-387025.43269303,-387036.94420245,,0.03629195,,0.03751369,0.04336151,
1,esen-sm-direct-all-omol,ASE,-387032.31123020,,-387025.69934184,-387035.62465115,,0.01338690,,0.01303364,0.01392626,
1,orbmol_v1_conservative,ASE,-387035.60405942,,-387025.22009273,-387038.22879359,,0.01235696,,0.06087796,0.01439037,
1,orbmol_v1_direct,ASE,-387034.81399073,,-387023.83207034,-387037.68584966,,0.00931140,,0.05945404,0.15319107,
1,orbmol_v2,ASE,-387037.35979445,,-387030.44328583,-387038.63496027,,0.01549673,,0.01498217,0.01844292,
1,polar-1-l,ASE,-387036.77000126,,-387024.89781115,-387036.42068330,,0.59129105,,0.42349104,0.49959145,
1,polar-1-m,ASE,-387034.29035740,,-387022.61750993,-387035.64672315,,0.42402861,,0.31673289,0.36893323,
1,polar-1-s,ASE,-387029.21015959,,-387022.44945032,-387032.66537070,,0.37909042,,0.28587895,0.28701622,
1,uma-m-1p1,ASE,-387037.99298296,,-387028.84215805,-387038.03838427,,0.10944411,,0.10864425,0.10653535,
1,uma-s-1p1,ASE,-387034.89598620,,-387025.68205596,-387037.48609066,,0.04481655,,0.04848411,0.04741826,
1,uma-s-1p2,ASE,-387036.16043956,,-387026.36456398,-387036.14052859,,0.05034047,,0.04752313,0.05825260,
2,MACE-OMOL,ASE,-387036.79877641,,-387032.21732983,-387051.24513919,,0.35547172,,0.10497401,0.10502351,
2,aimnet2-nse,ASE,-387311.14324617,,-387305.72803254,-387332.64098945,,0.00450748,,0.00330432,0.00332701,
2,allscaip-md-conserving-all-omol,ASE,-387037.76204243,,-387034.49152499,-387052.57406406,,0.05570123,,0.05839878,0.06350159,
2,allscaip-md-direct-all-omol,ASE,-387037.88144662,,-387036.07932718,-387052.15034757,,0.02047630,,0.01909354,0.02151907,
2,esen-md-direct-all-omol,ASE,-387037.95003514,,-387035.12216157,-387052.33099042,,0.02621213,,0.02590663,0.02589602,
2,esen-sm-conserving-all-omol,ASE,-387036.94420245,,-387033.25715451,-387052.05670372,,0.04336151,,0.03482735,0.03562758,
2,esen-sm-direct-all-omol,ASE,-387035.62465115,,-387031.12305225,-387050.97975997,,0.01392626,,0.01274622,0.01278858,
2,orbmol_v1_conservative,ASE,-387038.22879359,,-387034.62214380,-387051.86921367,,0.01439037,,0.01274330,0.01213157,
2,orbmol_v1_direct,ASE,-387037.68584966,,-387035.48335782,-387052.72200186,,0.15319107,,0.00859668,0.00856100,
2,orbmol_v2,ASE,-387038.63496027,,-387034.87975556,-387052.30410223,,0.01844292,,0.01321455,0.01386084,
2,polar-1-l,ASE,-387036.42068330,,-387033.17944566,-387050.37903511,,0.49959145,,0.20791175,0.20942525,
2,polar-1-m,ASE,-387035.64672315,,-387030.68035133,-387050.17940629,,0.36893323,,0.09811632,0.09836402,
2,polar-1-s,ASE,-387032.66537070,,-387028.67038736,-387045.16102841,,0.28701622,,0.04606347,0.04782485,
2,uma-m-1p1,ASE,-387038.03838427,,-387035.09714661,-387052.24289219,,0.10653535,,0.09741990,0.10065807,
2,uma-s-1p1,ASE,-387037.48609066,,-387033.33713988,-387052.15824968,,0.04741826,,0.04776075,0.04425872,
2,uma-s-1p2,ASE,-387036.14052859,,-387032.63651883,-387051.96023280,,0.05825260,,0.04992071,0.05632692,
3,MACE-OMOL,ASE,-523483.25631619,,-523470.24262540,-523500.78389573,,0.07240981,,0.07603757,0.07536156,
3,aimnet2-nse,ASE,-523759.69756150,,-523737.87051979,-523774.19044094,,0.00331129,,0.00330126,0.00340110,
3,allscaip-md-conserving-all-omol,ASE,-523487.30972434,,-523475.34767605,-523500.97976799,,0.05883113,,0.05768927,0.05865269,
3,allscaip-md-direct-all-omol,ASE,-523487.89773121,,-523475.52641808,-523500.67703363,,0.01900723,,0.01887207,0.02131640,
3,esen-md-direct-all-omol,ASE,-523488.70788804,,-523474.82384802,-523500.87527081,,0.02601191,,0.02623255,0.02600433,
3,esen-sm-conserving-all-omol,ASE,-523485.97760770,,-523473.18363826,-523500.58247832,,0.03587282,,0.03575083,0.03580042,
3,esen-sm-direct-all-omol,ASE,-523488.09404380,,-523472.10910367,-523501.41858201,,0.01315800,,0.01342240,0.01305350,
3,orbmol_v1_conservative,ASE,-523488.53317612,,-523471.55297400,-523500.61729792,,0.01284752,,0.01352042,0.01307795,
3,orbmol_v1_direct,ASE,-523484.67106166,,-523470.40971763,-523500.41668871,,0.00761076,,0.00763730,0.00761899,
3,orbmol_v2,ASE,-523489.07609338,,-523474.73954151,-523500.48346406,,0.01356952,,0.01377865,0.01365438,
3,polar-1-l,ASE,-523486.19067133,,-523471.47074603,-523499.19532750,,0.17057162,,0.17206257,0.17203756,
3,polar-1-m,ASE,-523485.41963848,,-523467.66477554,-523497.40105413,,0.08360738,,0.08329225,0.08665655,
3,polar-1-s,ASE,-523472.03310867,,-523455.84928370,-523495.41362935,,0.04164674,,0.04135048,0.04155097,
3,uma-m-1p1,ASE,-523487.91589520,,-523476.16159012,-523500.79662081,,0.10349796,,0.10554694,0.10319994,
3,uma-s-1p1,ASE,-523483.68320741,,-523473.93636847,-523500.33443202,,0.04455346,,0.04382509,0.04356773,
3,uma-s-1p2,ASE,-523488.11264285,,-523473.80247411,-523500.43589894,,0.04337072,,0.04462373,0.04373757,
4,MACE-OMOL,ASE,-523483.25631619,,-523467.86392947,-523504.63022802,,0.07240981,,0.07609473,0.07597439,
4,aimnet2-nse,ASE,-523759.69756150,,-523740.37662608,-523775.21249152,,0.00331129,,0.00331624,0.00330581,
4,allscaip-md-conserving-all-omol,ASE,-523487.30972434,,-523472.24387638,-523505.53914142,,0.05883113,,0.05914591,0.05945954,
4,allscaip-md-direct-all-omol,ASE,-523487.89773121,,-523472.39767920,-523505.91441173,,0.01900723,,0.01889421,0.01890883,
4,esen-md-direct-all-omol,ASE,-523488.70788804,,-523472.98595598,-523505.04330477,,0.02601191,,0.02600282,0.02630766,
4,esen-sm-conserving-all-omol,ASE,-523485.97760770,,-523471.12306196,-523504.79320230,,0.03587282,,0.03585708,0.03722313,
4,esen-sm-direct-all-omol,ASE,-523488.09404380,,-523468.59546589,-523505.93278658,,0.01315800,,0.01256429,0.01284632,
4,orbmol_v1_conservative,ASE,-523488.53317612,,-523469.16721040,-523504.38346026,,0.01284752,,0.01325715,0.01349480,
4,orbmol_v1_direct,ASE,-523484.67106166,,-523468.79244933,-523505.07210235,,0.00761076,,0.00860536,0.00904790,
4,orbmol_v2,ASE,-523489.07609338,,-523471.22782953,-523505.01916833,,0.01356952,,0.01352254,0.01376808,
4,polar-1-l,ASE,-523486.19067133,,-523468.32437552,-523503.37207713,,0.17057162,,0.17222652,0.17272032,
4,polar-1-m,ASE,-523485.41963848,,-523464.48948056,-523502.64680308,,0.08360738,,0.08194522,0.08296381,
4,polar-1-s,ASE,-523472.03310867,,-523452.64286231,-523501.49503756,,0.04164674,,0.04213440,0.04248623,
4,uma-m-1p1,ASE,-523487.91589520,,-523472.43235301,-523505.29742281,,0.10349796,,0.10502424,0.10438685,
4,uma-s-1p1,ASE,-523483.68320741,,-523469.84539848,-523504.22154030,,0.04455346,,0.04378690,0.04534644,
4,uma-s-1p2,ASE,-523488.11264285,,-523470.62566818,-523504.67366941,,0.04337072,,0.04725697,0.04642095,
5,MACE-OMOL,ASE,-107198.05557604,-168941.58329507,-276142.30953629,-276167.96544945,,0.03759225,0.04603800,0.06955826,0.06930003,
5,aimnet2-nse,ASE,-107272.94740096,-169057.77555074,-276329.27051975,-276357.82602491,,0.00341964,0.00335874,0.00410305,0.00329787,
5,allscaip-md-conserving-all-omol,ASE,-107197.99332019,-168941.66587291,-276146.78057330,-276168.09199572,,0.05527112,0.05452848,0.05498396,0.05706241,
5,allscaip-md-direct-all-omol,ASE,-107198.01085076,-168942.79460880,-276148.09506676,-276168.62605560,,0.01891337,0.01890583,0.01891615,0.01889438,
5,esen-md-direct-all-omol,ASE,-107197.99909735,-168942.86531924,-276146.91449138,-276167.63681688,,0.02627495,0.02708406,0.02609878,0.02608261,
5,esen-sm-conserving-all-omol,ASE,-107198.03693899,-168942.62872955,-276146.92774353,-276167.80264932,,0.03600382,0.03493393,0.03615055,0.03633172,
5,esen-sm-direct-all-omol,ASE,-107197.97797830,-168941.94124041,-276148.09513822,-276166.01800444,,0.01347748,0.01339921,0.01387901,0.01284240,
5,orbmol_v1_conservative,ASE,-107197.97601063,-168942.78608779,-276143.43967998,-276167.79820604,,0.01249382,0.01120719,0.01288840,0.01233553,
5,orbmol_v1_direct,ASE,-107197.97731024,-168943.99920050,-276141.97688691,-276166.84256361,,0.00758912,0.00751811,0.00755114,0.00754655,
5,orbmol_v2,ASE,-107198.01964601,-168942.25745450,-276147.26758558,-276167.88478405,,0.01345890,0.01263412,0.01405092,0.01435118,
5,polar-1-l,ASE,-107198.06988263,-168940.23863556,-276144.41639386,-276167.94774487,,0.15382761,0.13231550,0.16279325,0.16282843,
5,polar-1-m,ASE,-107197.98885408,-168941.31630965,-276142.16900836,-276167.33085030,,0.07488025,0.06547668,0.07833831,0.08079224,
5,polar-1-s,ASE,-107198.16773926,-168941.22873893,-276131.88269601,-276164.18070450,,0.04160720,0.03928176,0.04276872,0.04213105,
5,uma-m-1p1,ASE,-107197.97942100,-168942.52278779,-276146.02597832,-276167.74117708,,0.09613776,0.09576199,0.09598674,0.09790349,
5,uma-s-1p1,ASE,-107197.99362421,-168943.02036758,-276143.96992461,-276167.24620621,,0.04276066,0.04297139,0.04898539,0.04462260,
5,uma-s-1p2,ASE,-107197.99814521,-168942.71045195,-276145.24802589,-276168.12373672,,0.05111840,0.04558523,0.04919109,0.05232634,
6,MACE-OMOL,ASE,-107198.05557604,-168941.58329507,-276141.95845695,-276186.36674932,,0.03759225,0.04603800,0.06974198,0.06917616,
6,aimnet2-nse,ASE,-107272.94740096,-169057.77555074,-276330.15960692,-276373.32836874,,0.00341964,0.00335874,0.00377396,0.00331906,
6,allscaip-md-conserving-all-omol,ASE,-107197.99332019,-168941.66587291,-276143.19597899,-276186.00854001,,0.05527112,0.05452848,0.05501377,0.05481409,
6,allscaip-md-direct-all-omol,ASE,-107198.01085076,-168942.79460880,-276142.82064820,-276186.07964097,,0.01891337,0.01890583,0.01905094,0.01972453,
6,esen-md-direct-all-omol,ASE,-107197.99909735,-168942.86531924,-276143.66068901,-276186.21060517,,0.02627495,0.02708406,0.02637219,0.02572920,
6,esen-sm-conserving-all-omol,ASE,-107198.03693899,-168942.62872955,-276143.16303098,-276185.14311709,,0.03600382,0.03493393,0.03603531,0.03577443,
6,esen-sm-direct-all-omol,ASE,-107197.97797830,-168941.94124041,-276140.57380418,-276184.77398663,,0.01347748,0.01339921,0.01335655,0.01299823,
6,orbmol_v1_conservative,ASE,-107197.97601063,-168942.78608779,-276143.67835091,-276186.28616955,,0.01249382,0.01120719,0.01287671,0.01197665,
6,orbmol_v1_direct,ASE,-107197.97731024,-168943.99920050,-276140.33387936,-276185.01009105,,0.00758912,0.00751811,0.00760250,0.00756775,
6,orbmol_v2,ASE,-107198.01964601,-168942.25745450,-276142.68807274,-276185.87752599,,0.01345890,0.01263412,0.01393779,0.01307025,
6,polar-1-l,ASE,-107198.06988263,-168940.23863556,-276142.49319946,-276185.36869996,,0.15382761,0.13231550,0.16527643,0.16590279,
6,polar-1-m,ASE,-107197.98885408,-168941.31630965,-276139.41706224,-276182.97853422,,0.07488025,0.06547668,0.07812521,0.07781726,
6,polar-1-s,ASE,-107198.16773926,-168941.22873893,-276140.12291142,-276174.68141894,,0.04160720,0.03928176,0.04353385,0.04271815,
6,uma-m-1p1,ASE,-107197.97942100,-168942.52278779,-276143.33087040,-276185.47934838,,0.09613776,0.09576199,0.09999145,0.09740839,
6,uma-s-1p1,ASE,-107197.99362421,-168943.02036758,-276142.28592693,-276186.12898171,,0.04276066,0.04297139,0.04377219,0.04608600,
6,uma-s-1p2,ASE,-107197.99814521,-168942.71045195,-276142.75845991,-276185.97867322,,0.05111840,0.04558523,0.04644479,0.04419221,
7,MACE-OMOL,ASE,-386552.66157785,,-386530.74984170,-386558.38410672,,0.09218648,,0.10133570,0.10190664,
7,aimnet2-nse,ASE,-386815.40911219,,-386797.36503661,-386827.07060748,,0.00330878,,0.00329212,0.00375488,
7,allscaip-md-conserving-all-omol,ASE,-386542.44511868,,-386535.04347196,-386558.14794202,,0.05438624,,0.05469845,0.05420065,
7,allscaip-md-direct-all-omol,ASE,-386542.03668406,,-386534.31131137,-386558.07261305,,0.01883787,,0.01883994,0.01879387,
7,esen-md-direct-all-omol,ASE,-386542.24278626,,-386534.54685970,-386557.96851159,,0.02564168,,0.02526710,0.02571641,
7,esen-sm-conserving-all-omol,ASE,-386544.34313152,,-386532.40112042,-386557.89825848,,0.03672360,,0.03608015,0.03677552,
7,esen-sm-direct-all-omol,ASE,-386540.52732538,,-386528.92920457,-386556.99897648,,0.01283239,,0.01292294,0.01303554,
7,orbmol_v1_conservative,ASE,-386546.50245888,,-386530.36880456,-386559.10448449,,0.01285913,,0.01336509,0.01235876,
7,orbmol_v1_direct,ASE,-386543.08599348,,-386532.63528056,-386557.87062272,,0.00760093,,0.00767972,0.00760326,
7,orbmol_v2,ASE,-386544.44557293,,-386532.73385696,-386557.86506983,,0.01377310,,0.01387673,0.01371248,
7,polar-1-l,ASE,-386548.24464964,,-386534.36266244,-386556.21761301,,0.20115949,,0.20460572,0.20534525,
7,polar-1-m,ASE,-386545.78078667,,-386533.20054443,-386555.76020785,,0.09348287,,0.09260598,0.09459216,
7,polar-1-s,ASE,-386538.32267945,,-386527.83866160,-386552.80187692,,0.04761142,,0.04686193,0.04705962,
7,uma-m-1p1,ASE,-386542.64841619,,-386534.03032225,-386557.80948387,,0.09513935,,0.09578200,0.09509078,
7,uma-s-1p1,ASE,-386541.73286660,,-386533.62516191,-386557.68932169,,0.04469852,,0.04521009,0.04333658,
7,uma-s-1p2,ASE,-386542.71590089,,-386533.54963707,-386557.02295226,,0.04243557,,0.04307877,0.04362446,
8,MACE-OMOL,ASE,-98633.02709272,-601374.99152427,-700008.19409082,-700042.91583517,,0.04570826,0.03995217,0.05347183,0.05395401,
8,aimnet2-nse,ASE,-98720.58415742,-601473.78511662,-700193.95501289,-700231.77822056,,0.00325204,0.00325690,0.00344858,0.00328513,
8,allscaip-md-conserving-all-omol,ASE,-98633.02840693,-601373.55337617,-700008.11750488,-700043.29119699,,0.05419537,0.05385875,0.05459256,0.05445198,
8,allscaip-md-direct-all-omol,ASE,-98633.05261352,-601375.09775466,-700007.66600392,-700043.45929477,,0.01894826,0.01876113,0.01886829,0.01884315,
8,esen-md-direct-all-omol,ASE,-98633.05654464,-601373.80346917,-700008.80470188,-700043.39466077,,0.02505553,0.02549889,0.02637238,0.02476304,
8,esen-sm-conserving-all-omol,ASE,-98633.04290337,-601374.54630769,-700006.54822571,-700042.90584316,,0.03527394,0.03496528,0.03658366,0.03589192,
8,esen-sm-direct-all-omol,ASE,-98633.10799368,-601373.53455562,-700007.62310180,-700042.53117707,,0.01249574,0.01238734,0.01272723,0.01265684,
8,orbmol_v1_conservative,ASE,-98633.01804005,-601373.90672652,-700005.77738124,-700042.44486690,,0.01218196,0.01309582,0.01156200,0.01315756,
8,orbmol_v1_direct,ASE,-98633.01327679,-601373.79949194,-700005.83273691,-700042.47342904,,0.00753210,0.00746294,0.00760514,0.00753341,
8,orbmol_v2,ASE,-98633.05237546,-601374.81491310,-700007.67872698,-700042.74318082,,0.01286523,0.01288735,0.01346247,0.01396255,
8,polar-1-l,ASE,-98633.00684941,-601373.79478607,-700007.97151623,-700042.78738616,,0.13552935,0.12736823,0.14213600,0.14274646,
8,polar-1-m,ASE,-98633.12344478,-601372.57856186,-700004.57298448,-700042.69398495,,0.06531743,0.06375039,0.06813005,0.06823212,
8,polar-1-s,ASE,-98632.94713548,-601373.98548791,-699999.18383014,-700039.87391381,,0.04436318,0.04120878,0.04099405,0.04096649,
8,uma-m-1p1,ASE,-98632.98954811,-601374.46879234,-700008.28087895,-700043.08960716,,0.09519267,0.09463163,0.09586167,0.09536106,
8,uma-s-1p1,ASE,-98633.02338782,-601375.01929346,-700007.53680937,-700042.63813639,,0.04344969,0.04371559,0.04815646,0.04342377,
8,uma-s-1p2,ASE,-98633.04481376,-601372.92816173,-700008.28224454,-700043.01492368,,0.04185147,0.04158781,0.04319581,0.04326844,
9,MACE-OMOL,ASE,-385812.20473524,,-385797.53232093,-385822.50326720,,0.09325385,,0.09568129,0.09729045,
9,aimnet2-nse,ASE,-386074.66398956,,-386055.16322532,-386083.05943469,,0.00331319,,0.00342243,0.00337259,
9,allscaip-md-conserving-all-omol,ASE,-385812.46645919,,-385800.78809996,-385822.58015758,,0.05398272,,0.05357872,0.05483755,
9,allscaip-md-direct-all-omol,ASE,-385813.10279953,,-385801.30286163,-385821.61954421,,0.01878346,,0.01886926,0.01876009,
9,esen-md-direct-all-omol,ASE,-385812.67397802,,-385800.97666212,-385821.88995718,,0.02537786,,0.02527425,0.02624952,
9,esen-sm-conserving-all-omol,ASE,-385811.86104757,,-385799.61027942,-385821.99130434,,0.03659475,,0.03589930,0.04902931,
9,esen-sm-direct-all-omol,ASE,-385811.27414091,,-385795.65148436,-385821.88831089,,0.01274863,,0.01302608,0.01290841,
9,orbmol_v1_conservative,ASE,-385813.09488959,,-385797.87684423,-385820.98533063,,0.01283995,,0.01257685,0.01301099,
9,orbmol_v1_direct,ASE,-385810.05985787,,-385797.43546339,-385821.98407051,,0.00929002,,0.00782892,0.00767821,
9,orbmol_v2,ASE,-385811.67836856,,-385799.84176958,-385821.67876836,,0.01818884,,0.01315509,0.01340101,
9,polar-1-l,ASE,-385812.21132093,,-385799.53809068,-385821.34562255,,0.19844608,,0.19910783,0.20134290,
9,polar-1-m,ASE,-385811.80181421,,-385795.95926511,-385820.69066351,,0.09101772,,0.09045305,0.09243063,
9,polar-1-s,ASE,-385810.45459134,,-385783.60721229,-385812.55905794,,0.04521257,,0.04512932,0.04556063,
9,uma-m-1p1,ASE,-385812.29802386,,-385801.24694955,-385821.80229579,,0.09448482,,0.09590939,0.09588019,
9,uma-s-1p1,ASE,-385812.05231556,,-385799.01748956,-385822.14674131,,0.04397112,,0.04472430,0.04415283,
9,uma-s-1p2,ASE,-385812.32018528,,-385800.99132741,-385821.94374586,,0.04719453,,0.04870738,0.04502621,
10,MACE-OMOL,ASE,-121118.70970369,,-121100.79159320,-96125.02774080,-24989.80551262,0.14664073,,0.04248130,0.37839032,0.12323946
10,aimnet2-nse,ASE,-121202.61380718,,-121182.88965981,-96184.18504036,-25011.08314829,0.00386710,,0.00359197,0.11027549,0.00406610
10,allscaip-md-conserving-all-omol,ASE,-121118.76132932,,-121100.80618313,-96123.34874901,-24986.24519207,0.05995195,,0.06104355,0.06195763,0.05618454
10,allscaip-md-direct-all-omol,ASE,-121118.48407848,,-121101.30449460,-96123.50925123,-24986.50758440,0.01955755,,0.01904424,0.01989387,0.01956084
10,esen-md-direct-all-omol,ASE,-121120.33348480,,-121101.86707064,-96123.46582912,-24986.54187293,0.02572965,,0.02518043,0.02912365,0.02597116
10,esen-sm-conserving-all-omol,ASE,-121119.51375939,,-121098.61886096,-96123.42889882,-24986.69671243,0.03684014,,0.03513743,0.03940273,0.03670235
10,esen-sm-direct-all-omol,ASE,-121121.05215768,,-121100.61198324,-96123.50922463,-24986.45869217,0.01400422,,0.01334940,0.01330728,0.01311101
10,orbmol_v1_conservative,ASE,-121121.65198126,,-121100.32416911,-96123.23791961,-24986.17894929,0.01189977,,0.01145054,0.01382422,0.01258395
10,orbmol_v1_direct,ASE,-121119.29791399,,-121098.64965768,-96124.02775974,-24987.56108818,0.01341710,,0.00932244,0.15280352,0.00879185
10,orbmol_v2,ASE,-121123.47013030,,-121101.89132607,-96123.87887283,-24986.85993116,0.06288123,,0.01564268,0.01517181,0.01459664
10,polar-1-l,ASE,-121117.42777454,,-121101.60188252,-96123.39629571,-24985.95980008,0.28293865,,0.17145988,0.47284808,0.21964244
10,polar-1-m,ASE,-121117.83571567,,-121100.68652262,-96122.48997319,-24985.75123277,0.12397879,,0.08023961,0.41391088,0.11127487
10,polar-1-s,ASE,-121118.09342437,,-121101.53508646,-96121.77357465,-24985.18833698,0.07191586,,0.04731949,0.39727423,0.06404936
10,uma-m-1p1,ASE,-121118.42054612,,-121101.25276703,-96123.73074828,-24986.16415621,0.10492311,,0.10512176,0.11350024,0.10544704
10,uma-s-1p1,ASE,-121118.99923423,,-121100.95007466,-96123.91222943,-24986.85563523,0.04433061,,0.04436566,0.04453999,0.04426401
10,uma-s-1p2,ASE,-121118.82636782,,-121100.37560936,-96123.79203443,-24986.05767671,0.04449233,,0.04530261,0.04448723,0.04468932
11,MACE-OMOL,ASE,-344113.93314831,,-344103.55686402,-216444.96404622,-127666.45742535,0.06689028,,0.06692239,0.04814810,0.03621837
11,aimnet2-nse,ASE,-344334.72209886,,-344321.34500565,-216589.92054399,-127743.34741379,0.00341729,,0.00332134,0.00352990,0.00325782
11,allscaip-md-conserving-all-omol,ASE,-344115.07984024,,-344103.58360985,-216443.60131936,-127667.18069032,0.06682041,,0.05893170,0.06191796,0.05722940
11,allscaip-md-direct-all-omol,ASE,-344113.94679936,,-344103.22936964,-216443.70704711,-127666.88878714,0.02131526,,0.02015816,0.02010555,0.01971020
11,esen-md-direct-all-omol,ASE,-344114.33483153,,-344103.28618843,-216443.61671028,-127666.96370682,0.02645364,,0.02741790,0.02541448,0.02516985
11,esen-sm-conserving-all-omol,ASE,-344114.85695351,,-344101.52864621,-216443.30447472,-127667.64968813,0.03577719,,0.03552677,0.03559852,0.03516227
11,esen-sm-direct-all-omol,ASE,-344115.71729713,,-344099.88329343,-216443.76244235,-127668.06107896,0.01294994,,0.01297827,0.01322924,0.01271269
11,orbmol_v1_conservative,ASE,-344112.82776955,,-344103.65237064,-216443.31300787,-127665.47521089,0.01186682,,0.01162715,0.01267146,0.01064321
11,orbmol_v1_direct,ASE,-344113.12964244,,-344100.74405822,-216444.65359862,-127667.25261121,0.00859172,,0.00851403,0.00873541,0.00840779
11,orbmol_v2,ASE,-344114.72400759,,-344102.67294565,-216443.26486408,-127667.40010484,0.01614047,,0.01482379,0.01600362,0.01525390
11,polar-1-l,ASE,-344115.37819342,,-344105.57810049,-216442.64817835,-127665.16462137,0.16227948,,0.16441866,0.13624635,0.14162147
11,polar-1-m,ASE,-344115.03096973,,-344102.54711050,-216442.59605361,-127661.90014249,0.07954233,,0.08027365,0.06806144,0.07218295
11,polar-1-s,ASE,-344108.97021026,,-344096.83131734,-216439.07465730,-127659.60706322,0.04277070,,0.04348770,0.04595303,0.04255301
11,uma-m-1p1,ASE,-344115.00170090,,-344103.72545066,-216443.70847094,-127667.24016748,0.10616113,,0.10428972,0.11038610,0.10522784
11,uma-s-1p1,ASE,-344113.22083577,,-344102.54964025,-216443.52910137,-127667.09702530,0.04388337,,0.04333042,0.04852413,0.04379758
11,uma-s-1p2,ASE,-344114.31685151,,-344102.71482189,-216443.30533418,-127667.37382725,0.04681657,,0.04977963,0.04412888,0.05397161
12,MACE-OMOL,ASE,-405588.06808318,-98635.24086995,-504223.65134339,-504263.22538716,,0.04435265,0.04551535,0.08281063,0.08286503,
12,aimnet2-nse,ASE,-405740.20499265,-98723.76412151,-504457.48447962,-504497.60007363,,0.00338359,0.00326478,0.00337311,0.00339711,
12,allscaip-md-conserving-all-omol,ASE,-405589.34494226,-98635.25215910,-504225.87185207,-504262.57555759,,0.05820545,0.05711927,0.06090954,0.05967340,
12,allscaip-md-direct-all-omol,ASE,-405589.16356115,-98635.28207131,-504226.12010337,-504262.54074935,,0.01948744,0.01911676,0.01853333,0.01913728,
12,esen-md-direct-all-omol,ASE,-405589.40411628,-98635.27271500,-504226.50371804,-504262.77747379,,0.02590314,0.02577053,0.02574529,0.02620951,
12,esen-sm-conserving-all-omol,ASE,-405588.16514086,-98635.27135785,-504224.35114185,-504262.17569356,,0.03681040,0.03634602,0.03706611,0.03597388,
12,esen-sm-direct-all-omol,ASE,-405588.28112504,-98635.29991035,-504222.08124096,-504261.53500847,,0.01295731,0.01262821,0.01289484,0.01298369,
12,orbmol_v1_conservative,ASE,-405588.48195973,-98635.25654215,-504223.27570927,-504261.72612613,,0.01041664,0.01112570,0.01087498,0.01228114,
12,orbmol_v1_direct,ASE,-405588.50918713,-98635.23173955,-504224.40656212,-504261.92557763,,0.00845521,0.00836762,0.00844955,0.00859575,
12,orbmol_v2,ASE,-405589.61581432,-98635.28954153,-504225.90574083,-504262.53088453,,0.01529539,0.01511583,0.01473125,0.01500585,
12,polar-1-l,ASE,-405588.75847151,-98635.32457524,-504222.44370692,-504261.77734250,,0.13574625,0.13694616,0.18395071,0.18001413,
12,polar-1-m,ASE,-405586.88499703,-98635.33458710,-504217.15576492,-504260.14711458,,0.06836836,0.06854102,0.08956070,0.08642506,
12,polar-1-s,ASE,-405581.25246611,-98635.11100786,-504206.54114562,-504256.40563508,,0.04114465,0.03974163,0.04576306,0.04345698,
12,uma-m-1p1,ASE,-405589.58479019,-98635.21688408,-504225.26696860,-504262.31779370,,0.10378466,0.10250178,0.10298885,0.10098733,
12,uma-s-1p1,ASE,-405589.12944195,-98635.25829094,-504224.64726622,-504261.88520313,,0.04336023,0.04421688,0.04336390,0.04434076,
12,uma-s-1p2,ASE,-405589.52397190,-98635.25248275,-504224.99730431,-504262.77932485,,0.04998252,0.04721253,0.04705865,0.05363171,
13,MACE-OMOL,ASE,-121118.70970369,-165089.91282283,-286201.67921564,-286230.85714811,,0.14664073,0.03969513,0.06261677,0.06368575,
13,aimnet2-nse,ASE,-121202.61380718,-165194.42478062,-286397.57512082,-286421.55290036,,0.00386710,0.00392046,0.00335843,0.00370209,
13,allscaip-md-conserving-all-omol,ASE,-121118.76132932,-165089.81765187,-286199.61357531,-286231.28888000,,0.05995195,0.05859347,0.05845261,0.05886545,
13,allscaip-md-direct-all-omol,ASE,-121118.48407848,-165089.79514280,-286199.00202574,-286231.26164809,,0.01955755,0.02371504,0.01911238,0.01915819,
13,esen-md-direct-all-omol,ASE,-121120.33348480,-165089.83955606,-286198.34553202,-286230.84615052,,0.02572965,0.02578771,0.02587403,0.02591403,
13,esen-sm-conserving-all-omol,ASE,-121119.51375939,-165089.85604625,-286200.42450617,-286230.43664916,,0.03684014,0.03584723,0.03527955,0.03538817,
13,esen-sm-direct-all-omol,ASE,-121121.05215768,-165089.74090026,-286198.06691175,-286230.71612396,,0.01400422,0.01278587,0.01282850,0.01285497,
13,orbmol_v1_conservative,ASE,-121121.65198126,-165089.75800297,-286196.42407811,-286230.37614729,,0.01189977,0.01089828,0.01176097,0.01062612,
13,orbmol_v1_direct,ASE,-121119.29791399,-165089.79075597,-286193.77940830,-286229.63395273,,0.01341710,0.00838852,0.00840463,0.00849827,
13,orbmol_v2,ASE,-121123.47013030,-165089.84612593,-286198.06091752,-286230.90517094,,0.06288123,0.01529372,0.01496292,0.01530941,
13,polar-1-l,ASE,-121117.42777454,-165089.92772129,-286202.07555032,-286231.08670155,,0.28293865,0.15462902,0.15897056,0.15957215,
13,polar-1-m,ASE,-121117.83571567,-165089.75937991,-286201.93976226,-286230.52997325,,0.12397879,0.07482949,0.07755449,0.07742486,
13,polar-1-s,ASE,-121118.09342437,-165090.00770901,-286201.43573980,-286228.08419613,,0.07191586,0.03935548,0.04182804,0.04066726,
13,uma-m-1p1,ASE,-121118.42054612,-165089.81755711,-286199.50110001,-286230.71937491,,0.10492311,0.09701678,0.09555829,0.10483056,
13,uma-s-1p1,ASE,-121118.99923423,-165089.81766344,-286198.74042594,-286231.06880755,,0.04433061,0.04699121,0.04545083,0.04294191,
13,uma-s-1p2,ASE,-121118.82636782,-165089.82541560,-286200.10577392,-286230.71257022,,0.04449233,0.05132300,0.04734860,0.04582882,
14,MACE-OMOL,ASE,-121114.42992821,-122523.80042635,-243648.66313345,-243685.83452485,,0.04205277,0.04745273,0.07932052,0.07993168,
14,aimnet2-nse,ASE,-121200.45999243,-122627.20628082,-243824.86346854,-243871.52217267,,0.00329499,0.00331682,0.00331282,0.00342267,
14,allscaip-md-conserving-all-omol,ASE,-121114.76595821,-122523.78132544,-243651.62266777,-243685.10724763,,0.05889009,0.05664834,0.06156035,0.05915051,
14,allscaip-md-direct-all-omol,ASE,-121114.53853083,-122523.77617307,-243652.32516081,-243685.54820330,,0.02006636,0.01994134,0.01941004,0.01937455,
14,esen-md-direct-all-omol,ASE,-121115.06862017,-122523.78307578,-243653.52793743,-243685.27670799,,0.02524140,0.02563386,0.02565601,0.02830121,
14,esen-sm-conserving-all-omol,ASE,-121115.53581904,-122523.78580561,-243650.72353060,-243684.33672650,,0.03672338,0.03481041,0.03594313,0.03928915,
14,esen-sm-direct-all-omol,ASE,-121115.49518611,-122523.81651257,-243646.23321334,-243684.39360977,,0.01262868,0.01266770,0.01282885,0.01288198,
14,orbmol_v1_conservative,ASE,-121116.90492044,-122523.66127691,-243645.82388049,-243685.39229003,,0.01106734,0.01228351,0.01039075,0.01244760,
14,orbmol_v1_direct,ASE,-121115.29725925,-122523.86201636,-243642.35724592,-243684.53124413,,0.00831978,0.00841111,0.00840249,0.00846176,
14,orbmol_v2,ASE,-121114.27585654,-122523.82704833,-243649.65001571,-243684.21065452,,0.01546412,0.01492574,0.01519242,0.01492547,
14,polar-1-l,ASE,-121114.73138292,-122523.74908028,-243650.58585391,-243685.02005679,,0.17223091,0.13771095,0.17720344,0.17488366,
14,polar-1-m,ASE,-121115.28592403,-122523.82938957,-243641.59033432,-243682.88149999,,0.07885200,0.06919023,0.08441994,0.08410183,
14,polar-1-s,ASE,-121114.51401486,-122522.95950883,-243631.66220179,-243676.24846908,,0.04000533,0.03839244,0.04141408,0.04211954,
14,uma-m-1p1,ASE,-121114.32360447,-122523.75718768,-243653.45086560,-243684.80324795,,0.10003052,0.09695304,0.09594664,0.09608469,
14,uma-s-1p1,ASE,-121114.61822852,-122523.76384553,-243651.88440686,-243684.71181079,,0.04314106,0.04463521,0.04375173,0.04800993,
14,uma-s-1p2,ASE,-121114.74142174,-122523.78983906,-243652.44685606,-243685.39358385,,0.05109679,0.05113235,0.05152790,0.04872416,
15,MACE-OMOL,ASE,-192264.66805762,-49301.30115614,-241542.29733689,-241579.79762890,,0.04584695,0.04091162,0.06365066,0.06411429,
15,aimnet2-nse,ASE,-192387.24882430,-49345.79513674,-241706.55010243,-241743.59193650,,0.00327848,0.00329745,0.00330374,0.00331257,
15,allscaip-md-conserving-all-omol,ASE,-192264.64801485,-49301.23990124,-241543.28292240,-241579.68932153,,0.05856313,0.05772811,0.05833541,0.05792034,
15,allscaip-md-direct-all-omol,ASE,-192263.76260124,-49301.26302609,-241546.25791344,-241579.88791707,,0.02027455,0.02045495,0.02052643,0.02054467,
15,esen-md-direct-all-omol,ASE,-192265.57603059,-49301.24580207,-241545.23867750,-241579.10599770,,0.02546576,0.02519268,0.02589422,0.02564110,
15,esen-sm-conserving-all-omol,ASE,-192264.68552408,-49301.25448861,-241542.85601532,-241579.56289818,,0.03522473,0.03491650,0.03601184,0.03672516,
15,esen-sm-direct-all-omol,ASE,-192263.17899671,-49301.25243921,-241544.56281669,-241579.77556233,,0.01252089,0.01258283,0.01357731,0.01270797,
15,orbmol_v1_conservative,ASE,-192263.23025237,-49301.23546416,-241542.86953223,-241579.84507438,,0.01078474,0.01092536,0.01125606,0.01086382,
15,orbmol_v1_direct,ASE,-192263.34395489,-49301.20195573,-241537.47223422,-241579.12380826,,0.00843728,0.00962253,0.00854960,0.00838579,
15,orbmol_v2,ASE,-192263.77064601,-49301.23434874,-241544.46084218,-241579.37275225,,0.01438951,0.02113577,0.01571210,0.01467927,
15,polar-1-l,ASE,-192262.46331004,-49301.21778557,-241542.91692078,-241579.95106895,,0.13535566,0.14390102,0.15984765,0.16032615,
15,polar-1-m,ASE,-192261.98961211,-49301.21669343,-241544.47537850,-241579.80988395,,0.06805594,0.07105985,0.07750097,0.07724026,
15,polar-1-s,ASE,-192261.37846426,-49301.16739638,-241541.40734874,-241572.90463636,,0.03797877,0.03753023,0.03969780,0.04075322,
15,uma-m-1p1,ASE,-192264.57569476,-49301.21509613,-241545.12540312,-241579.30029257,,0.09522665,0.09493454,0.09555298,0.09518071,
15,uma-s-1p1,ASE,-192264.28153012,-49301.23625493,-241541.11490987,-241579.59766330,,0.04359293,0.04510554,0.04458072,0.04334061,
15,uma-s-1p2,ASE,-192264.39181746,-49301.24110367,-241544.06566462,-241579.49759378,,0.05073884,0.05403212,0.05193475,0.05055803,
16,MACE-OMOL,ASE,-239475.04361074,-49301.30115614,-288755.35737562,-288785.85966883,,0.04799469,0.04091162,0.06739408,0.06890561,
16,aimnet2-nse,ASE,-239616.60962555,-49345.79513674,-288942.22963693,-288970.61899969,,0.00328162,0.00329745,0.00327676,0.00330246,
16,allscaip-md-conserving-all-omol,ASE,-239475.61785463,-49301.23990124,-288756.46822326,-288786.52906565,,0.05676874,0.05772811,0.05787030,0.05860507,
16,allscaip-md-direct-all-omol,ASE,-239475.55583097,-49301.26302609,-288759.01234208,-288786.71791863,,0.01897826,0.02045495,0.02056758,0.01992523,
16,esen-md-direct-all-omol,ASE,-239476.53816821,-49301.24580207,-288757.26397472,-288785.88252378,,0.02582287,0.02519268,0.02552722,0.02878478,
16,esen-sm-conserving-all-omol,ASE,-239474.90495951,-49301.25448861,-288755.74526638,-288785.83514125,,0.03598318,0.03491650,0.03591908,0.03689354,
16,esen-sm-direct-all-omol,ASE,-239476.31873361,-49301.25243921,-288758.24263914,-288786.34370909,,0.01390478,0.01258283,0.01362604,0.01371014,
16,orbmol_v1_conservative,ASE,-239474.76031457,-49301.23546416,-288755.99484100,-288786.59805633,,0.01284904,0.01092536,0.01049137,0.01247513,
16,orbmol_v1_direct,ASE,-239474.92603339,-49301.20195573,-288750.18353053,-288785.41308011,,0.00852137,0.00962253,0.00849555,0.00847465,
16,orbmol_v2,ASE,-239475.88493242,-49301.23434874,-288756.12457330,-288785.40878676,,0.01625504,0.02113577,0.01538286,0.01594807,
16,polar-1-l,ASE,-239474.49493107,-49301.21778557,-288756.51948647,-288786.14897361,,0.13824551,0.14390102,0.16353949,0.16444837,
16,polar-1-m,ASE,-239475.67049982,-49301.21669343,-288757.84540616,-288785.49012176,,0.06859247,0.07105985,0.07993232,0.08011099,
16,polar-1-s,ASE,-239471.12096666,-49301.16739638,-288754.51135726,-288779.70346786,,0.03894055,0.03753023,0.04082333,0.04041579,
16,uma-m-1p1,ASE,-239475.54655853,-49301.21509613,-288757.84941709,-288786.06414436,,0.09625402,0.09493454,0.09675655,0.09718194,
16,uma-s-1p1,ASE,-239475.51195880,-49301.23625493,-288753.85501552,-288786.04058887,,0.04308587,0.04510554,0.04855574,0.04425409,
16,uma-s-1p2,ASE,-239475.78514895,-49301.24110367,-288757.71555807,-288785.86828968,,0.05168160,0.05403212,0.05189354,0.05200695,
17,MACE-OMOL,ASE,-192264.66805762,-214121.80821675,-406380.09209772,-406406.47561560,,0.04584695,0.03694941,0.07075275,0.07079948,
17,aimnet2-nse,ASE,-192387.24882430,-214236.59403479,-406611.21480911,-406639.91155153,,0.00327848,0.00325058,0.00327915,0.00336255,
17,allscaip-md-conserving-all-omol,ASE,-192264.64801485,-214121.74007291,-406381.66031690,-406406.64105878,,0.05856313,0.05930728,0.06299715,0.06434445,
17,allscaip-md-direct-all-omol,ASE,-192263.76260124,-214121.78514878,-406379.19101023,-406407.02400988,,0.02027455,0.01867907,0.01894813,0.02171637,
17,esen-md-direct-all-omol,ASE,-192265.57603059,-214121.75558590,-406381.86882164,-406407.07843863,,0.02546576,0.02546255,0.02581583,0.02577946,
17,esen-sm-conserving-all-omol,ASE,-192264.68552408,-214121.76552957,-406384.13900174,-406406.34366216,,0.03522473,0.03527588,0.03585364,0.03685383,
17,esen-sm-direct-all-omol,ASE,-192263.17899671,-214121.73698682,-406378.40372109,-406407.18695164,,0.01252089,0.01290954,0.01310037,0.01342614,
17,orbmol_v1_conservative,ASE,-192263.23025237,-214121.76724825,-406376.44576077,-406406.24111268,,0.01078474,0.01050626,0.01114545,0.01062902,
17,orbmol_v1_direct,ASE,-192263.34395489,-214121.75019909,-406373.19824147,-406405.75122205,,0.00843728,0.00840997,0.00852685,0.00861946,
17,orbmol_v2,ASE,-192263.77064601,-214121.79917825,-406382.11649622,-406405.45976091,,0.01438951,0.01631253,0.01492997,0.01511702,
17,polar-1-l,ASE,-192262.46331004,-214121.80980581,-406381.42212366,-406405.91528872,,0.13535566,0.15893422,0.16723872,0.16754771,
17,polar-1-m,ASE,-192261.98961211,-214121.69071130,-406377.76698502,-406404.94787343,,0.06805594,0.07332052,0.08112432,0.08229448,
17,polar-1-s,ASE,-192261.37846426,-214122.09377402,-406374.28926212,-406397.10166279,,0.03797877,0.03758748,0.04082298,0.04219163,
17,uma-m-1p1,ASE,-192264.57569476,-214121.73580654,-406381.02272220,-406406.56932431,,0.09522665,0.10013345,0.09676708,0.10053853,
17,uma-s-1p1,ASE,-192264.28153012,-214121.76783248,-406382.38881461,-406405.97526260,,0.04359293,0.04264717,0.04409328,0.04463290,
17,uma-s-1p2,ASE,-192264.39181746,-214121.78175086,-406380.44513980,-406406.54672165,,0.05073884,0.05275481,0.05238118,0.05519927,
18,MACE-OMOL,ASE,-249807.72743172,-98633.02709272,-348441.01425140,-348449.32023347,,0.03664458,0.04570826,0.04768563,0.04815817,
18,aimnet2-nse,ASE,-249860.12678543,-98720.58415742,-348574.02879499,-348578.59421551,,0.08752440,0.00325204,0.00436636,0.00324752,
18,allscaip-md-conserving-all-omol,ASE,-249806.20970874,-98633.02840693,-348440.17297943,-348449.19842966,,0.00136892,0.05419537,0.05710420,0.05794561,
18,allscaip-md-direct-all-omol,ASE,-249806.20970874,-98633.05261352,-348438.73368818,-348448.43123541,,0.00090105,0.01894826,0.01884732,0.01893777,
18,esen-md-direct-all-omol,ASE,-249806.20970874,-98633.05654464,-348441.06578691,-348449.30447547,,0.00122203,0.02505553,0.02585076,0.02536113,
18,esen-sm-conserving-all-omol,ASE,-249806.20970874,-98633.04290337,-348440.92198337,-348448.82935362,,0.00112565,0.03527394,0.03605193,0.03454284,
18,esen-sm-direct-all-omol,ASE,-249806.20970874,-98633.10799368,-348440.81858885,-348448.56144166,,0.00100694,0.01249574,0.01309889,0.01295978,
18,orbmol_v1_conservative,ASE,-249812.44508429,-98633.01804005,-348442.31363577,-348448.71720532,,3.14875030,0.01218196,0.01369037,0.01106933,
18,orbmol_v1_direct,ASE,-249803.50045559,-98633.01327679,-348443.05278211,-348449.71382276,,0.02697411,0.00753210,0.00901341,0.00836486,
18,orbmol_v2,ASE,-249803.43701344,-98633.05237546,-348441.52513102,-348449.51256065,,3.78011215,0.01286523,0.01566122,0.01589920,
18,polar-1-l,ASE,-249812.62102922,-98633.00684941,-348440.06744207,-348448.59469348,,0.09464881,0.13552935,0.13814851,0.13829913,
18,polar-1-m,ASE,-249805.33552047,-98633.12344478,-348441.64809247,-348449.69695935,,0.06239790,0.06531743,0.06792681,0.06868181,
18,polar-1-s,ASE,-249802.15896149,-98632.94713548,-348436.10519874,-348449.25262971,,0.04079294,0.04436318,0.03766815,0.03832809,
18,uma-m-1p1,ASE,-249806.20970874,-98632.98954811,-348440.04959147,-348449.01682739,,0.00125452,0.09519267,0.09518889,0.09607988,
18,uma-s-1p1,ASE,-249806.20970874,-98633.02338782,-348440.11517485,-348449.08458783,,0.00117560,0.04344969,0.04342539,0.04313033,
18,uma-s-1p2,ASE,-249806.21008619,-98633.04481376,-348440.84834640,-348448.93564976,,0.05418254,0.04185147,0.04871537,0.04909148,
19,MACE-OMOL,ASE,-249807.72743172,-97868.23247173,-347670.93419905,-347677.21322631,,0.03664458,0.04165811,0.04220525,0.04217842,
19,aimnet2-nse,ASE,-249860.12678543,-97950.08861998,-347795.41728502,-347799.73254918,,0.08752440,0.00330045,0.00326819,0.00380305,
19,allscaip-md-conserving-all-omol,ASE,-249806.20970874,-97868.14629957,-347672.00684520,-347678.09221159,,0.00136892,0.05859503,0.05786702,0.05906128,
19,allscaip-md-direct-all-omol,ASE,-249806.20970874,-97868.17757461,-347671.86782117,-347677.39767425,,0.00090105,0.01893438,0.01891639,0.01900468,
19,esen-md-direct-all-omol,ASE,-249806.20970874,-97868.17173223,-347673.22449841,-347678.70056221,,0.00122203,0.02546084,0.02563640,0.02562895,
19,esen-sm-conserving-all-omol,ASE,-249806.20970874,-97868.15989726,-347672.25654118,-347677.41153427,,0.00112565,0.03614511,0.03541925,0.03735797,
19,esen-sm-direct-all-omol,ASE,-249806.20970874,-97868.14639614,-347671.10107824,-347676.75993169,,0.00100694,0.01247268,0.01250735,0.01300541,
19,orbmol_v1_conservative,ASE,-249812.44508429,-97868.19218747,-347674.32215986,-347678.01712778,,3.14875030,0.01098928,0.01223409,0.01230066,
19,orbmol_v1_direct,ASE,-249803.50045559,-97868.10253867,-347672.35669300,-347677.74563085,,0.02697411,0.00840955,0.00839203,0.00866559,
19,orbmol_v2,ASE,-249803.43701344,-97868.20693465,-347673.12003581,-347678.46644051,,3.78011215,0.01328055,0.01379351,0.01496119,
19,polar-1-l,ASE,-249812.62102922,-97868.10151818,-347671.27685452,-347676.16461383,,0.09464881,0.17383521,0.13362697,0.13317049,
19,polar-1-m,ASE,-249805.33552047,-97868.08733448,-347672.17090074,-347677.40094087,,0.06239790,0.07995185,0.06726641,0.06683372,
19,polar-1-s,ASE,-249802.15896149,-97867.90764401,-347670.70716862,-347678.34512946,,0.04079294,0.04000035,0.03824577,0.03868236,
19,uma-m-1p1,ASE,-249806.20970874,-97868.12017755,-347671.94567803,-347677.69093184,,0.00125452,0.09417337,0.09614948,0.09575115,
19,uma-s-1p1,ASE,-249806.20970874,-97868.16161307,-347671.41639969,-347678.05746736,,0.00117560,0.04289831,0.04317028,0.04389737,
19,uma-s-1p2,ASE,-249806.21008619,-97868.16855702,-347672.29374701,-347677.70890742,,0.05418254,0.04522652,0.04956956,0.04653269,
20,MACE-OMOL,ASE,-634908.11408851,,-634900.18762832,-489616.96930317,-145297.91810053,0.08919314,,0.08955301,0.05116578,0.04222072
20,aimnet2-nse,ASE,-635208.26183207,,-635193.09295439,-489807.68732838,-145405.38391362,0.00336798,,0.00330466,0.00337781,0.00327517
20,allscaip-md-conserving-all-omol,ASE,-634910.37429698,,-634899.38548835,-489614.40382201,-145294.92692881,0.05880969,,0.05824762,0.05955786,0.05899894
20,allscaip-md-direct-all-omol,ASE,-634911.44983361,,-634897.75333879,-489614.71699994,-145294.74986918,0.01916843,,0.01887759,0.01908662,0.01889196
20,esen-md-direct-all-omol,ASE,-634910.05954777,,-634899.18642762,-489614.27809463,-145295.07605050,0.02588120,,0.02593968,0.02582126,0.02563999
20,esen-sm-conserving-all-omol,ASE,-634907.99332978,,-634897.97654775,-489615.44491944,-145295.64237772,0.03715284,,0.03664404,0.03579359,0.03626485
20,esen-sm-direct-all-omol,ASE,-634908.13706713,,-634891.91400819,-489614.58471188,-145294.95883346,0.01293601,,0.01281089,0.01264973,0.01492283
20,orbmol_v1_conservative,ASE,-634906.33317077,,-634889.62236275,-489614.83499488,-145294.65871558,0.01278177,,0.01256189,0.01238462,0.01427641
20,orbmol_v1_direct,ASE,-634909.54361749,,-634890.76584699,-489614.82831855,-145295.72520360,0.00861735,,0.00855424,0.00853710,0.00839073
20,orbmol_v2,ASE,-634908.41337401,,-634897.28189064,-489615.61628616,-145295.31768320,0.01483469,,0.01340891,0.01435853,0.01260165
20,polar-1-l,ASE,-634908.49513803,,-634900.20806037,-489614.01356680,-145294.29143629,0.19025282,,0.18887996,0.13953910,0.13423128
20,polar-1-m,ASE,-634908.80131227,,-634900.27093851,-489613.59677705,-145294.34753473,0.09001414,,0.08975280,0.07028235,0.06629328
20,polar-1-s,ASE,-634908.90666768,,-634892.24073594,-489610.51272510,-145289.01576077,0.04121529,,0.04245700,0.03850119,0.03773933
20,uma-m-1p1,ASE,-634909.88250774,,-634898.88138702,-489614.69035649,-145295.12550675,0.09513814,,0.09571841,0.09574985,0.09457472
20,uma-s-1p1,ASE,-634910.75325068,,-634899.24179653,-489615.06362307,-145294.81003960,0.04406236,,0.04477552,0.04390437,0.04291359
20,uma-s-1p2,ASE,-634909.58168779,,-634899.99408556,-489614.08363664,-145294.97209037,0.04827601,,0.04877843,0.04846267,0.04516017
21,MACE-OMOL,ASE,-573899.56002815,,-573891.30952635,-573907.56668217,,0.07335338,,0.07441640,0.07422876,
21,aimnet2-nse,ASE,-574157.66339424,,-574148.42097706,-574169.08739319,,0.00328966,,0.00329389,0.00340093,
21,allscaip-md-conserving-all-omol,ASE,-573899.59258217,,-573891.28912112,-573908.23025675,,0.05864341,,0.05914137,0.05961604,
21,allscaip-md-direct-all-omol,ASE,-573898.38154577,,-573891.95223978,-573908.17135875,,0.01891209,,0.01877798,0.01899880,
21,esen-md-direct-all-omol,ASE,-573899.97096859,,-573892.09362579,-573908.35737025,,0.03026437,,0.02629076,0.02596936,
21,esen-sm-conserving-all-omol,ASE,-573898.43189225,,-573890.88435985,-573907.39582346,,0.03613062,,0.03658876,0.03593890,
21,esen-sm-direct-all-omol,ASE,-573899.59568812,,-573890.92416262,-573908.41013974,,0.01269324,,0.01275118,0.01277897,
21,orbmol_v1_conservative,ASE,-573897.53546111,,-573890.70479101,-573905.78282955,,0.01220209,,0.01198153,0.01244768,
21,orbmol_v1_direct,ASE,-573896.40411368,,-573886.56569851,-573909.11324297,,0.00851007,,0.00848908,0.00856906,
21,orbmol_v2,ASE,-573900.73961418,,-573893.48205520,-573908.44521034,,0.01283564,,0.01313651,0.01419201,
21,polar-1-l,ASE,-573898.30146854,,-573890.20635207,-573907.46477492,,0.16971203,,0.16910051,0.16760482,
21,polar-1-m,ASE,-573896.91089034,,-573888.57733982,-573908.05944646,,0.08446758,,0.08349957,0.08309832,
21,polar-1-s,ASE,-573896.25358010,,-573882.26239581,-573901.32687972,,0.04312804,,0.04231828,0.04221516,
21,uma-m-1p1,ASE,-573899.13172858,,-573891.88606037,-573908.14914906,,0.09512137,,0.09508395,0.10024406,
21,uma-s-1p1,ASE,-573899.77840847,,-573891.39019634,-573907.74913798,,0.04286906,,0.04295773,0.04372164,
21,uma-s-1p2,ASE,-573899.11895636,,-573890.58598824,-573907.51067445,,0.04580109,,0.04411766,0.04821320,
22,MACE-OMOL,ASE,-373488.15601450,,-373477.76990188,-373501.47936359,,0.10466498,,0.10507040,0.10206549,
22,aimnet2-nse,ASE,-373749.55555402,,-373723.50361725,-373763.53707753,,0.00328919,,0.00328842,0.00329261,
22,allscaip-md-conserving-all-omol,ASE,-373488.52038291,,-373479.39851727,-373502.94543607,,0.05943642,,0.05825072,0.06204903,
22,allscaip-md-direct-all-omol,ASE,-373488.74980060,,-373479.06589819,-373502.83213851,,0.01886400,,0.02256571,0.01885491,
22,esen-md-direct-all-omol,ASE,-373488.74381445,,-373478.33717415,-373502.18966906,,0.02586287,,0.02562519,0.02584549,
22,esen-sm-conserving-all-omol,ASE,-373487.25731890,,-373478.65145999,-373501.60697442,,0.03489997,,0.03558742,0.03508613,
22,esen-sm-direct-all-omol,ASE,-373488.30577186,,-373476.84246747,-373502.25111339,,0.01275942,,0.01312551,0.01294162,
22,orbmol_v1_conservative,ASE,-373488.05305365,,-373476.77941648,-373502.59190744,,0.01204104,,0.01237202,0.01280695,
22,orbmol_v1_direct,ASE,-373486.75692479,,-373474.57374012,-373501.54694560,,0.00850660,,0.00854111,0.00858857,
22,orbmol_v2,ASE,-373486.89098712,,-373478.52396571,-373502.34993012,,0.01399324,,0.01434826,0.01386729,
22,polar-1-l,ASE,-373488.16594930,,-373479.84156812,-373501.98535697,,0.20280012,,0.20322387,0.20133413,
22,polar-1-m,ASE,-373488.97802114,,-373476.60490169,-373500.61673436,,0.09598118,,0.09577354,0.09542668,
22,polar-1-s,ASE,-373485.99284743,,-373465.38703131,-373491.99266797,,0.04367078,,0.04304358,0.04420426,
22,uma-m-1p1,ASE,-373488.52739110,,-373478.54983741,-373501.78103143,,0.09537769,,0.09626706,0.09501338,
22,uma-s-1p1,ASE,-373487.95996652,,-373478.45969269,-373501.74587627,,0.04389516,,0.04304050,0.04469313,
22,uma-s-1p2,ASE,-373488.49750186,,-373478.63212486,-373501.58760940,,0.04395755,,0.04857966,0.04411250,
23,MACE-OMOL,ASE,-195110.12112092,,-195098.44835528,-195114.24349012,,0.06670106,,0.06659231,0.06955353,
23,aimnet2-nse,ASE,-195258.63768905,,-195239.97133987,-195263.48946517,,0.00334990,,0.00334198,0.00349085,
23,allscaip-md-conserving-all-omol,ASE,-195110.37135154,,-195100.15943025,-195113.45089650,,0.05859951,,0.05900794,0.05925787,
23,allscaip-md-direct-all-omol,ASE,-195110.12539018,,-195099.89082787,-195113.92282276,,0.01897616,,0.01891174,0.01940277,
23,esen-md-direct-all-omol,ASE,-195110.49404469,,-195101.88032193,-195113.19777501,,0.02596152,,0.02582071,0.02584362,
23,esen-sm-conserving-all-omol,ASE,-195110.21665553,,-195099.91260920,-195113.18607344,,0.03808451,,0.03747813,0.03613099,
23,esen-sm-direct-all-omol,ASE,-195110.81784462,,-195097.42719082,-195114.58745022,,0.01301838,,0.01288854,0.01329471,
23,orbmol_v1_conservative,ASE,-195111.29163622,,-195097.26875436,-195113.06728248,,0.01306190,,0.01273903,0.01313662,
23,orbmol_v1_direct,ASE,-195109.87413104,,-195093.96164181,-195113.09110284,,0.00846123,,0.00828520,0.00851988,
23,orbmol_v2,ASE,-195109.52003377,,-195101.63622064,-195113.42534111,,0.01332319,,0.01390885,0.01416537,
23,polar-1-l,ASE,-195109.02894026,,-195102.16591895,-195113.68882788,,0.16123262,,0.16083611,0.16243232,
23,polar-1-m,ASE,-195108.80997061,,-195096.82785633,-195114.07597361,,0.07881596,,0.07932936,0.07957009,
23,polar-1-s,ASE,-195109.95238599,,-195093.65870781,-195114.09055692,,0.04085322,,0.04050533,0.04079071,
23,uma-m-1p1,ASE,-195109.91909783,,-195100.00737195,-195113.34727550,,0.09468615,,0.09434239,0.09495595,
23,uma-s-1p1,ASE,-195110.25284310,,-195100.56708584,-195113.55379539,,0.04459836,,0.04363681,0.04405183,
23,uma-s-1p2,ASE,-195110.20788758,,-195100.07664586,-195113.34008536,,0.04535936,,0.04244015,0.04455740,
24,MACE-OMOL,ASE,-290769.61934925,,-290765.94779024,-290783.35567163,,0.08047671,,0.08153820,0.08138462,
24,aimnet2-nse,ASE,-290981.25653785,,-290972.41773291,-290996.05691107,,0.00361020,,0.00358317,0.00337588,
24,allscaip-md-conserving-all-omol,ASE,-290759.93683375,,-290768.58972147,-290783.79598447,,0.05809520,,0.06132905,0.05798578,
24,allscaip-md-direct-all-omol,ASE,-290768.63810442,,-290768.58653534,-290783.74361817,,0.01896530,,0.01894901,0.01892641,
24,esen-md-direct-all-omol,ASE,-290774.99497545,,-290769.35244947,-290783.33061031,,0.02580353,,0.02625495,0.02609308,
24,esen-sm-conserving-all-omol,ASE,-290773.23484164,,-290767.60857665,-290783.36697123,,0.03508060,,0.03628039,0.03588046,
24,esen-sm-direct-all-omol,ASE,-290772.91154251,,-290765.51243911,-290781.81056602,,0.01395101,,0.01346228,0.01322023,
24,orbmol_v1_conservative,ASE,-290768.22972398,,-290764.85933971,-290784.12655472,,0.01245791,,0.01211676,0.01342267,
24,orbmol_v1_direct,ASE,-290773.72282263,,-290763.67532205,-290784.11532774,,0.00788734,,0.00780482,0.00811700,
24,orbmol_v2,ASE,-290771.26337935,,-290768.79860584,-290783.12042289,,0.01393890,,0.01316512,0.01309938,
24,polar-1-l,ASE,-290772.51030984,,-290769.59290444,-290784.95214009,,0.17376299,,0.17542871,0.17353777,
24,polar-1-m,ASE,-290769.48827236,,-290763.50163447,-290784.20074396,,0.08444899,,0.08647735,0.08417513,
24,polar-1-s,ASE,-290773.07986012,,-290763.87765670,-290782.89056761,,0.04198681,,0.04326952,0.04130305,
24,uma-m-1p1,ASE,-290758.99730912,,-290767.82615420,-290783.37225112,,0.37164327,,0.10167573,0.09562793,
24,uma-s-1p1,ASE,-290768.91436434,,-290765.43953344,-290783.24466871,,0.04322648,,0.04422312,0.04429319,
24,uma-s-1p2,ASE,-290756.77039918,,-290768.18804008,-290783.44663805,,0.04433843,,0.04629889,0.04506552,
25,MACE-OMOL,ASE,-241443.10173093,-25408.54711031,-266836.08071190,-241868.70226788,-24989.80551262,0.05863501,0.03788323,0.07621619,0.06205465,0.12323946
25,aimnet2-nse,ASE,-241612.24049599,-25435.92547838,-267033.48548539,-242039.96252787,-25011.08314829,0.00369687,0.00448930,0.00400157,0.00331346,0.00406610
25,allscaip-md-conserving-all-omol,ASE,-241431.21776415,-25408.54226483,-266840.12636218,-241867.93453580,-24986.24519207,0.05952924,0.05811742,0.05846296,0.05883412,0.05618454
25,allscaip-md-direct-all-omol,ASE,-241426.94916129,-25408.51805548,-266840.41447719,-241867.54206755,-24986.50758440,0.01913423,0.01894097,0.01896209,0.01898621,0.01956084
25,esen-md-direct-all-omol,ASE,-241448.25882302,-25408.55051169,-266842.21700572,-241867.77447339,-24986.54187293,0.02588833,0.02570252,0.02605566,0.02562864,0.02597116
25,esen-sm-conserving-all-omol,ASE,-241455.66491765,-25408.54341310,-266839.78991990,-241868.00625904,-24986.69671243,0.03582011,0.03637607,0.03675108,0.03462512,0.03670235
25,esen-sm-direct-all-omol,ASE,-241447.24443454,-25408.54856216,-266838.25133666,-241867.95542755,-24986.45869217,0.01277887,0.01259269,0.01280730,0.01279590,0.01311101
25,orbmol_v1_conservative,ASE,-241442.45009508,-25408.54199538,-266839.20320092,-241867.98949363,-24986.17894929,0.01412756,0.01216263,0.01319023,0.01316491,0.01258395
25,orbmol_v1_direct,ASE,-241446.65099225,-25408.50278869,-266839.56141652,-241867.89259555,-24987.56108818,0.00869480,0.00808173,0.00809001,0.00807642,0.00879185
25,orbmol_v2,ASE,-241461.05061494,-25408.54487362,-266841.69536304,-241868.09723058,-24986.85993116,0.01438952,0.01402779,0.01365063,0.01348404,0.01459664
25,polar-1-l,ASE,-241444.82137012,-25408.39213272,-266843.51478833,-241867.23862086,-24985.95980008,0.15472140,0.13772646,0.17564633,0.15724508,0.21964244
25,polar-1-m,ASE,-241443.25553255,-25408.45943186,-266840.52336481,-241867.41073561,-24985.75123277,0.07616812,0.06995605,0.08794070,0.07656688,0.11127487
25,polar-1-s,ASE,-241444.69196632,-25408.54523154,-266839.66966101,-241865.89829567,-24985.18833698,0.04011693,0.03911988,0.04630376,0.04037331,0.06404936
25,uma-m-1p1,ASE,-241441.20422364,-25408.51224446,-266840.45491567,-241867.67929833,-24986.16415621,0.10215850,0.10144396,0.10366003,0.09990086,0.10544704
25,uma-s-1p1,ASE,-241435.52869820,-25408.53540335,-266840.87054922,-241867.97569515,-24986.85563523,0.04573303,0.04358633,0.04321833,0.04288812,0.04426401
25,uma-s-1p2,ASE,-241431.06512522,-25408.54110602,-266841.26215354,-241867.68357594,-24986.05767671,0.04674669,0.04346658,0.04489183,0.04332452,0.04468932
26,MACE-OMOL,ASE,-241443.10173093,-72613.56388011,-314048.50415255,-241868.70226788,-72193.46014333,0.05863501,0.03782446,0.07843797,0.06205465,0.03924764
26,aimnet2-nse,ASE,-241612.24049599,-72662.54149835,-314267.59759101,-242039.96252787,-72239.01169558,0.00369687,0.00353657,0.00332897,0.00331346,0.00324786
26,allscaip-md-conserving-all-omol,ASE,-241431.21776415,-72613.50496564,-314049.27176313,-241867.93453580,-72193.60759034,0.05952924,0.05919005,0.05737859,0.05883412,0.05741012
26,allscaip-md-direct-all-omol,ASE,-241426.94916129,-72613.51424723,-314049.33222533,-241867.54206755,-72193.51936842,0.01913423,0.01894863,0.01895442,0.01898621,0.01901134
26,esen-md-direct-all-omol,ASE,-241448.25882302,-72613.51170276,-314051.60266991,-241867.77447339,-72193.50483048,0.02588833,0.02555643,0.03183818,0.02562864,0.02534602
26,esen-sm-conserving-all-omol,ASE,-241455.66491765,-72613.51975542,-314051.24729607,-241868.00625904,-72193.45930283,0.03582011,0.03638810,0.03665195,0.03462512,0.03445158
26,esen-sm-direct-all-omol,ASE,-241447.24443454,-72613.51812684,-314046.46380061,-241867.95542755,-72193.76908311,0.01277887,0.01268719,0.01281294,0.01279590,0.01252058
26,orbmol_v1_conservative,ASE,-241442.45009508,-72613.52243563,-314044.70606624,-241867.98949363,-72193.57450365,0.01412756,0.01287607,0.01438831,0.01316491,0.01195100
26,orbmol_v1_direct,ASE,-241446.65099225,-72613.50912873,-314048.51874011,-241867.89259555,-72193.59112979,0.00869480,0.00806792,0.00777066,0.00807642,0.00820020
26,orbmol_v2,ASE,-241461.05061494,-72613.55636878,-314049.25033649,-241868.09723058,-72193.68746686,0.01438952,0.01360773,0.01289359,0.01348404,0.01405345
26,polar-1-l,ASE,-241444.82137012,-72613.56796101,-314053.17613594,-241867.23862086,-72193.52960398,0.15472140,0.13916331,0.17288171,0.15724508,0.13617873
26,polar-1-m,ASE,-241443.25553255,-72613.52612523,-314050.94954775,-241867.41073561,-72192.95970217,0.07616812,0.07124841,0.08508727,0.07656688,0.06980951
26,polar-1-s,ASE,-241444.69196632,-72613.62317648,-314051.11802274,-241865.89829567,-72192.12862007,0.04011693,0.04098206,0.04542239,0.04037331,0.04016421
26,uma-m-1p1,ASE,-241441.20422364,-72613.47703901,-314049.67393688,-241867.67929833,-72193.76921599,0.10215850,0.10194791,0.10689345,0.09990086,0.10199734
26,uma-s-1p1,ASE,-241435.52869820,-72613.50865011,-314050.71521603,-241867.97569515,-72193.81100407,0.04573303,0.04307421,0.04430407,0.04288812,0.04279378
26,uma-s-1p2,ASE,-241431.06512522,-72613.51650450,-314049.23077020,-241867.68357594,-72193.47035783,0.04674669,0.04657567,0.04660129,0.04332452,0.04759281
27,MACE-OMOL,ASE,-344216.23204717,-47962.83521694,-392172.03799139,-47529.08123078,-344646.88425374,0.03819137,0.03891267,0.03781177,0.04091693,0.03557479
27,aimnet2-nse,ASE,-344296.05732322,-47989.91817545,-392277.19870364,-47553.46633166,-344732.18194038,0.00337286,0.00326096,0.00343477,0.00336276,0.00323777
27,allscaip-md-conserving-all-omol,ASE,-344216.99041793,-47962.79684846,-392170.87454054,-47529.16459219,-344645.36965033,0.05747005,0.05760225,0.05820406,0.05809323,0.05682882
27,allscaip-md-direct-all-omol,ASE,-344218.77462743,-47962.80441174,-392172.50357821,-47529.08645372,-344645.13405831,0.01897253,0.01869895,0.01890539,0.01855926,0.01875744
27,esen-md-direct-all-omol,ASE,-344216.58194368,-47962.80302706,-392172.92739212,-47529.10742774,-344645.58196939,0.02581814,0.02514381,0.02555965,0.02730373,0.02618239
27,esen-sm-conserving-all-omol,ASE,-344215.53693414,-47962.79928265,-392172.16674816,-47529.09341267,-344646.42568818,0.03652173,0.03478118,0.03516571,0.03560778,0.03488347
27,esen-sm-direct-all-omol,ASE,-344217.61677776,-47962.80845313,-392170.23915232,-47529.09469569,-344646.01806627,0.01267847,0.01234615,0.01252283,0.01242432,0.01239432
27,orbmol_v1_conservative,ASE,-344237.67478295,-47962.80603750,-392170.21363299,-47529.10191362,-344645.47291374,0.01254263,0.01178094,0.01332216,0.01321018,0.01271042
27,orbmol_v1_direct,ASE,-344237.17285447,-47962.80948925,-392169.81311619,-47529.16953980,-344646.17682816,0.00756093,0.00747981,0.00753723,0.01083595,0.00756134
27,orbmol_v2,ASE,-344232.80827120,-47962.80154833,-392171.59189849,-47529.10775806,-344646.21763328,0.01506677,0.01359471,0.01317730,0.01370207,0.01564423
27,polar-1-l,ASE,-344218.23160742,-47962.83218860,-392172.36354225,-47529.08776340,-344644.17476242,0.12342181,0.12351911,0.13890586,0.11457491,0.12686580
27,polar-1-m,ASE,-344217.47563699,-47962.81124624,-392166.66455509,-47529.41224682,-344643.93028729,0.06664031,0.06615750,0.07156324,0.06444721,0.06780114
27,polar-1-s,ASE,-344216.57049935,-47962.82905708,-392170.58961179,-47529.30682627,-344641.57865089,0.03729827,0.03852036,0.04209715,0.03833763,0.03739984
27,uma-m-1p1,ASE,-344215.73634371,-47962.78008583,-392171.45205579,-47529.10479620,-344645.69307995,0.10199517,0.10053411,0.10296340,0.10205253,0.10127043
27,uma-s-1p1,ASE,-344241.68647787,-47962.80878543,-392173.99561624,-47528.84089783,-344646.28272307,0.04428617,0.04187034,0.04373187,0.04353813,0.04260912
27,uma-s-1p2,ASE,-344214.26302171,-47962.79413979,-392171.94911492,-47529.12583386,-344645.31494377,0.04309627,0.04308635,0.04365055,0.04462348,0.04382985
28,MACE-OMOL,ASE,-25408.54711031,-344216.23204717,-369619.44114201,-344646.88425374,-24989.80551262,0.03788323,0.03819137,0.03815883,0.03557479,0.12323946
28,aimnet2-nse,ASE,-25435.92547838,-344296.05732322,-369722.20374912,-344732.18194038,-25011.08314829,0.00448930,0.00337286,0.00331588,0.00323777,0.00406610
28,allscaip-md-conserving-all-omol,ASE,-25408.54226483,-344216.99041793,-369617.78059222,-344645.36965033,-24986.24519207,0.05811742,0.05747005,0.06222620,0.05682882,0.05618454
28,allscaip-md-direct-all-omol,ASE,-25408.51805548,-344218.77462743,-369619.28420807,-344645.13405831,-24986.50758440,0.01894097,0.01897253,0.01831422,0.01875744,0.01956084
28,esen-md-direct-all-omol,ASE,-25408.55051169,-344216.58194368,-369620.75938323,-344645.58196939,-24986.54187293,0.02570252,0.02581814,0.02533000,0.02618239,0.02597116
28,esen-sm-conserving-all-omol,ASE,-25408.54341310,-344215.53693414,-369618.40700626,-344646.42568818,-24986.69671243,0.03637607,0.03652173,0.03669378,0.03488347,0.03670235
28,esen-sm-direct-all-omol,ASE,-25408.54856216,-344217.61677776,-369618.16796525,-344646.01806627,-24986.45869217,0.01259269,0.01267847,0.01241909,0.01239432,0.01311101
28,orbmol_v1_conservative,ASE,-25408.54199538,-344237.67478295,-369618.42242731,-344645.47291374,-24986.17894929,0.01216263,0.01254263,0.01299749,0.01271042,0.01258395
28,orbmol_v1_direct,ASE,-25408.50278869,-344237.17285447,-369614.25923589,-344646.17682816,-24987.56108818,0.00808173,0.00756093,0.00751315,0.00756134,0.00879185
28,orbmol_v2,ASE,-25408.54487362,-344232.80827120,-369619.78532022,-344646.21763328,-24986.85993116,0.01402779,0.01506677,0.01389173,0.01564423,0.01459664
28,polar-1-l,ASE,-25408.39213272,-344218.23160742,-369618.69253141,-344644.17476242,-24985.95980008,0.13772646,0.12342181,0.14966948,0.12686580,0.21964244
28,polar-1-m,ASE,-25408.45943186,-344217.47563699,-369615.61208367,-344643.93028729,-24985.75123277,0.06995605,0.06664031,0.07556857,0.06780114,0.11127487
28,polar-1-s,ASE,-25408.54523154,-344216.57049935,-369614.14308056,-344641.57865089,-24985.18833698,0.03911988,0.03729827,0.03929818,0.03739984,0.06404936
28,uma-m-1p1,ASE,-25408.51224446,-344215.73634371,-369618.84578458,-344645.69307995,-24986.16415621,0.10144396,0.10199517,0.10363196,0.10127043,0.10544704
28,uma-s-1p1,ASE,-25408.53540335,-344241.68647787,-369621.10488959,-344646.28272307,-24986.85563523,0.04358633,0.04428617,0.04329465,0.04260912,0.04426401
28,uma-s-1p2,ASE,-25408.54110602,-344214.26302171,-369619.48204616,-344645.31494377,-24986.05767671,0.04346658,0.04309627,0.04300957,0.04382985,0.04468932
29,MACE-OMOL,ASE,-99399.34322665,-344216.23204717,-443613.67187232,-98987.07633411,-344646.88425374,0.05103398,0.03819137,0.06052740,0.04819646,0.03557479
29,aimnet2-nse,ASE,-99493.93436808,-344296.05732322,-443789.10297618,-99076.80930503,-344732.18194038,0.00327767,0.00337286,0.00330742,0.00330661,0.00323777
29,allscaip-md-conserving-all-omol,ASE,-99399.45202622,-344216.99041793,-443613.80225766,-98986.40356218,-344645.36965033,0.05761526,0.05747005,0.05905366,0.05852102,0.05682882
29,allscaip-md-direct-all-omol,ASE,-99399.47922238,-344218.77462743,-443615.40885498,-98986.35909376,-344645.13405831,0.01903480,0.01897253,0.01894632,0.01881310,0.01875744
29,esen-md-direct-all-omol,ASE,-99399.45674843,-344216.58194368,-443614.80116597,-98986.36936151,-344645.58196939,0.02579881,0.02581814,0.02597199,0.02556399,0.02618239
29,esen-sm-conserving-all-omol,ASE,-99399.46252484,-344215.53693414,-443615.12938150,-98986.46204317,-344646.42568818,0.03560313,0.03652173,0.03617684,0.03428013,0.03488347
29,esen-sm-direct-all-omol,ASE,-99399.47032024,-344217.61677776,-443613.51078197,-98986.41871312,-344646.01806627,0.01266996,0.01267847,0.01273254,0.01262679,0.01239432
29,orbmol_v1_conservative,ASE,-99399.43625615,-344237.67478295,-443613.67786732,-98986.66571267,-344645.47291374,0.01339579,0.01254263,0.01446056,0.01239268,0.01271042
29,orbmol_v1_direct,ASE,-99399.40066719,-344237.17285447,-443611.39829547,-98986.98031460,-344646.17682816,0.00754650,0.00756093,0.00768066,0.00748607,0.00756134
29,orbmol_v2,ASE,-99399.48041659,-344232.80827120,-443613.77468822,-98986.80963392,-344646.21763328,0.01364466,0.01506677,0.01329922,0.01420611,0.01564423
29,polar-1-l,ASE,-99399.46986541,-344218.23160742,-443618.09443313,-98986.20975747,-344644.17476242,0.14080995,0.12342181,0.15690439,0.13516523,0.12686580
29,polar-1-m,ASE,-99399.39478666,-344217.47563699,-443616.01923592,-98985.88618521,-344643.93028729,0.06879439,0.06664031,0.07678670,0.06897711,0.06780114
29,polar-1-s,ASE,-99399.51288530,-344216.57049935,-443616.81677630,-98986.83604261,-344641.57865089,0.03852928,0.03729827,0.04013976,0.03708626,0.03739984
29,uma-m-1p1,ASE,-99399.39672720,-344215.73634371,-443613.41278603,-98986.33247271,-344645.69307995,0.10210474,0.10199517,0.10367074,0.10287391,0.10127043
29,uma-s-1p1,ASE,-99399.44446414,-344241.68647787,-443614.17598143,-98986.54647104,-344646.28272307,0.04330811,0.04428617,0.04343993,0.04370771,0.04260912
29,uma-s-1p2,ASE,-99399.45902337,-344214.26302171,-443614.41468405,-98986.46481004,-344645.31494377,0.04512698,0.04309627,0.04952756,0.04422644,0.04382985
30,MACE-OMOL,ASE,-73967.98529728,-344216.23204717,-418182.47011775,-73564.73081942,-344646.88425374,0.04042797,0.03819137,0.04535162,0.03737201,0.03557479
30,aimnet2-nse,ASE,-74034.07590639,-344296.05732322,-418328.53424903,-73626.52867828,-344732.18194038,0.00504470,0.00337286,0.00330787,0.00327096,0.00323777
30,allscaip-md-conserving-all-omol,ASE,-73967.95302635,-344216.99041793,-418180.84742356,-73563.82575586,-344645.36965033,0.05887036,0.05747005,0.05827750,0.05884164,0.05682882
30,allscaip-md-direct-all-omol,ASE,-73967.98702706,-344218.77462743,-418182.31753970,-73563.75962791,-344645.13405831,0.01903182,0.01897253,0.01901905,0.01836621,0.01875744
30,esen-md-direct-all-omol,ASE,-73967.96872236,-344216.58194368,-418182.95356814,-73563.98932759,-344645.58196939,0.02587376,0.02581814,0.02575773,0.02555687,0.02618239
30,esen-sm-conserving-all-omol,ASE,-73967.96929539,-344215.53693414,-418182.11669375,-73563.46422211,-344646.42568818,0.03687077,0.03652173,0.03540600,0.03949682,0.03488347
30,esen-sm-direct-all-omol,ASE,-73967.98996715,-344217.61677776,-418179.64448151,-73563.70144205,-344646.01806627,0.01296654,0.01267847,0.01253146,0.01277225,0.01239432
30,orbmol_v1_conservative,ASE,-73967.94848474,-344237.67478295,-418180.32411853,-73563.81719447,-344645.47291374,0.01310018,0.01254263,0.01435745,0.01202932,0.01271042
30,orbmol_v1_direct,ASE,-73967.93413390,-344237.17285447,-418178.70111512,-73563.87484097,-344646.17682816,0.00759150,0.00756093,0.00797987,0.00752659,0.00756134
30,orbmol_v2,ASE,-73967.95276567,-344232.80827120,-418180.83541642,-73564.16633798,-344646.21763328,0.01335462,0.01506677,0.01329495,0.01423963,0.01564423
30,polar-1-l,ASE,-73967.96688851,-344218.23160742,-418183.33456891,-73563.06138107,-344644.17476242,0.17092500,0.12342181,0.13670691,0.15384788,0.12686580
30,polar-1-m,ASE,-73967.97464460,-344217.47563699,-418181.39502740,-73563.00225087,-344643.93028729,0.07848293,0.06664031,0.07025070,0.07426210,0.06780114
30,polar-1-s,ASE,-73967.85677564,-344216.57049935,-418183.08042075,-73559.35238271,-344641.57865089,0.04026693,0.03729827,0.03971112,0.03878422,0.03739984
30,uma-m-1p1,ASE,-73967.92092071,-344215.73634371,-418181.04147520,-73563.86973218,-344645.69307995,0.10313596,0.10199517,0.10315708,0.10222114,0.10127043
30,uma-s-1p1,ASE,-73967.95109340,-344241.68647787,-418181.90931943,-73563.68130810,-344646.28272307,0.04307452,0.04428617,0.04331815,0.04315661,0.04260912
30,uma-s-1p2,ASE,-73967.95855863,-344214.26302171,-418181.57400927,-73563.90198027,-344645.31494377,0.04333739,0.04309627,0.04412146,0.04279129,0.04382985
31,MACE-OMOL,ASE,-473212.60612562,,-473204.80938947,-473229.47299852,,0.09293775,,0.09237808,0.08981516,
31,aimnet2-nse,ASE,-473475.54707391,,-473456.68489235,-473487.62622369,,0.00328372,,0.00329871,0.00340207,
31,allscaip-md-conserving-all-omol,ASE,-473214.81380658,,-473206.47925397,-473228.79406195,,0.05982898,,0.05854431,0.05968431,
31,allscaip-md-direct-all-omol,ASE,-473214.63939152,,-473209.51009434,-473229.71760463,,0.01878957,,0.01889041,0.01892284,
31,esen-md-direct-all-omol,ASE,-473215.76948827,,-473209.34656049,-473228.76081917,,0.02618863,,0.02852239,0.02609013,
31,esen-sm-conserving-all-omol,ASE,-473213.63336865,,-473210.01731473,-473229.06067841,,0.03596593,,0.03571374,0.03620639,
31,esen-sm-direct-all-omol,ASE,-473216.70287865,,-473210.75394108,-473228.71501927,,0.01297154,,0.01291260,0.01284990,
31,orbmol_v1_conservative,ASE,-473214.87916139,,-473209.80049039,-473228.63862554,,0.01349046,,0.01287838,0.01313786,
31,orbmol_v1_direct,ASE,-473212.99921641,,-473204.76408996,-473227.29500941,,0.00827536,,0.00794272,0.00825351,
31,orbmol_v2,ASE,-473215.59318388,,-473207.87107154,-473229.82418942,,0.01447311,,0.01294152,0.01425336,
31,polar-1-l,ASE,-473215.09161377,,-473208.97278933,-473228.48274948,,0.19717319,,0.19868438,0.19486021,
31,polar-1-m,ASE,-473213.93909326,,-473209.61196602,-473227.47185378,,0.09338886,,0.09289436,0.09241549,
31,polar-1-s,ASE,-473212.72481805,,-473206.32063771,-473226.57789736,,0.04338775,,0.04311222,0.04319238,
31,uma-m-1p1,ASE,-473215.36689836,,-473208.85518609,-473229.25139687,,0.10382551,,0.10372867,0.10298748,
31,uma-s-1p1,ASE,-473214.41915793,,-473208.72021040,-473229.03362313,,0.04422833,,0.04367528,0.04354224,
31,uma-s-1p2,ASE,-473215.38178297,,-473208.54753095,-473229.38523435,,0.04780713,,0.04393504,0.04410230,
32,MACE-OMOL,ASE,-352887.79633760,,-352875.79939344,-352898.13374389,,0.06948135,,0.06995347,0.06844437,
32,aimnet2-nse,ASE,-353058.46600503,,-353045.26378284,-353071.00906185,,0.00329303,,0.00330010,0.00330052,
32,allscaip-md-conserving-all-omol,ASE,-352888.42276130,,-352878.69940891,-352897.98635647,,0.05865889,,0.05855907,0.05964638,
32,allscaip-md-direct-all-omol,ASE,-352888.31026543,,-352880.42408538,-352898.39761710,,0.01932716,,0.01895546,0.02098856,
32,esen-md-direct-all-omol,ASE,-352888.07741843,,-352879.71960974,-352898.37609173,,0.02564443,,0.02579726,0.02650363,
32,esen-sm-conserving-all-omol,ASE,-352888.24791461,,-352881.33930848,-352897.07616282,,0.03497995,,0.03545175,0.03592435,
32,esen-sm-direct-all-omol,ASE,-352888.75139829,,-352881.71929159,-352897.77486837,,0.01289079,,0.01301399,0.01275428,
32,orbmol_v1_conservative,ASE,-352887.58304054,,-352882.43810137,-352897.91426430,,0.01217456,,0.01277446,0.01215781,
32,orbmol_v1_direct,ASE,-352887.59470458,,-352878.58474524,-352896.95629825,,0.00762142,,0.00758241,0.00768616,
32,orbmol_v2,ASE,-352888.28081624,,-352880.17840286,-352898.31304982,,0.01290150,,0.01271658,0.01378706,
32,polar-1-l,ASE,-352887.06239126,,-352878.44105217,-352897.42818490,,0.16591654,,0.16667675,0.16574111,
32,polar-1-m,ASE,-352885.70238451,,-352878.20881362,-352896.99786249,,0.08029385,,0.08036223,0.08044290,
32,polar-1-s,ASE,-352886.09704820,,-352876.80059755,-352894.27631033,,0.04062015,,0.04103327,0.04063543,
32,uma-m-1p1,ASE,-352888.10541357,,-352880.13451704,-352898.04069688,,0.10281139,,0.10281047,0.10327137,
32,uma-s-1p1,ASE,-352888.19209264,,-352879.93774691,-352897.32577707,,0.04360823,,0.04420852,0.04321088,
32,uma-s-1p2,ASE,-352887.97717030,,-352880.80543513,-352898.09282727,,0.04156963,,0.04147166,0.04248622,
33,MACE-OMOL,ASE,-426114.33108286,,-426102.12434904,-426123.03999210,,0.09772162,,0.09779121,0.09751712,
33,aimnet2-nse,ASE,-426347.18264647,,-426325.63978272,-426356.09053049,,0.00336997,,0.00331124,0.00347307,
33,allscaip-md-conserving-all-omol,ASE,-426114.93054127,,-426104.96819906,-426123.40161628,,0.05892017,,0.05893035,0.05858392,
33,allscaip-md-direct-all-omol,ASE,-426115.19974294,,-426106.85279220,-426123.95900993,,0.01891918,,0.01881730,0.01891739,
33,esen-md-direct-all-omol,ASE,-426114.67406097,,-426105.73162705,-426123.80057279,,0.02600442,,0.02600131,0.02579852,
33,esen-sm-conserving-all-omol,ASE,-426113.91203306,,-426106.49243478,-426121.81191248,,0.03592286,,0.03574281,0.03729943,
33,esen-sm-direct-all-omol,ASE,-426115.10910565,,-426107.29940107,-426121.28453771,,0.01301511,,0.01290640,0.01325262,
33,orbmol_v1_conservative,ASE,-426114.45284024,,-426108.06912144,-426122.34855392,,0.01394549,,0.01262718,0.01306775,
33,orbmol_v1_direct,ASE,-426113.98694743,,-426103.44831665,-426121.90655435,,0.00765592,,0.00762172,0.00765704,
33,orbmol_v2,ASE,-426114.35984050,,-426104.62900524,-426123.50826591,,0.01429931,,0.01356744,0.01497409,
33,polar-1-l,ASE,-426113.41273893,,-426105.74736821,-426122.04459818,,0.19974656,,0.20037077,0.20001989,
33,polar-1-m,ASE,-426112.32630805,,-426102.94091047,-426122.39055557,,0.09280261,,0.09329533,0.09363407,
33,polar-1-s,ASE,-426112.57373610,,-426104.51256643,-426120.91901706,,0.04271545,,0.04264454,0.04309810,
33,uma-m-1p1,ASE,-426114.67122347,,-426105.85650641,-426123.14432364,,0.10316103,,0.10304841,0.10711530,
33,uma-s-1p1,ASE,-426115.37658907,,-426105.22434591,-426123.10050575,,0.04373326,,0.04384146,0.04336601,
33,uma-s-1p2,ASE,-426114.97801006,,-426106.43172934,-426122.92592771,,0.04632337,,0.04675981,0.04687974,
34,MACE-OMOL,ASE,-715285.53367487,,-715274.03453170,-715294.92452966,,0.10480941,,0.10514898,0.10449674,
34,aimnet2-nse,ASE,-715566.95218396,,-715547.04683100,-715575.39591935,,0.00351464,,0.00331789,0.00342384,
34,allscaip-md-conserving-all-omol,ASE,-715286.37872243,,-715276.18959611,-715295.20346861,,0.05921241,,0.05862695,0.05887462,
34,allscaip-md-direct-all-omol,ASE,-715286.64622795,,-715278.54547774,-715295.52935256,,0.01874419,,0.01882524,0.01886473,
34,esen-md-direct-all-omol,ASE,-715286.71332734,,-715277.34126431,-715295.51253820,,0.02615035,,0.02593502,0.02577177,
34,esen-sm-conserving-all-omol,ASE,-715285.97150130,,-715279.02405266,-715294.10624207,,0.03556686,,0.03581088,0.03468930,
34,esen-sm-direct-all-omol,ASE,-715287.88557071,,-715279.58185422,-715294.15801827,,0.01300037,,0.01293112,0.01268256,
34,orbmol_v1_conservative,ASE,-715285.72949948,,-715280.19627884,-715293.71328115,,0.01280527,,0.01245209,0.01323356,
34,orbmol_v1_direct,ASE,-715285.24983910,,-715275.46160516,-715294.12194669,,0.00766292,,0.00767478,0.00755723,
34,orbmol_v2,ASE,-715285.86205779,,-715277.16626868,-715295.38982207,,0.01349345,,0.01409132,0.01387378,
34,polar-1-l,ASE,-715285.82208197,,-715276.89821142,-715294.27860702,,0.20801606,,0.20696198,0.20624529,
34,polar-1-m,ASE,-715283.70564747,,-715275.46619621,-715294.44533189,,0.09872848,,0.09622944,0.09669018,
34,polar-1-s,ASE,-715284.67455580,,-715275.16598710,-715291.99123661,,0.04460962,,0.04325327,0.04371785,
34,uma-m-1p1,ASE,-715286.17153498,,-715277.56145462,-715294.94063661,,0.10284334,,0.10353050,0.10212740,
34,uma-s-1p1,ASE,-715286.00917054,,-715277.60813285,-715294.87127967,,0.04277217,,0.04428305,0.04380769,
34,uma-s-1p2,ASE,-715285.85837753,,-715278.06935098,-715294.60794622,,0.04636538,,0.04337547,0.04642657,
35,MACE-OMOL,ASE,-2041728.88263837,,-2041715.51769599,-2041739.06500556,,0.10491420,,0.10142557,0.10453959,
35,aimnet2-nse,ASE,-2042055.47912117,,-2042037.48586165,-2042065.87820747,,0.00329844,,0.00328596,0.00328611,
35,allscaip-md-conserving-all-omol,ASE,-2041729.22368949,,-2041718.74095559,-2041738.06985887,,0.05957720,,0.05969250,0.05933081,
35,allscaip-md-direct-all-omol,ASE,-2041729.39202369,,-2041721.00723528,-2041739.14131594,,0.01921677,,0.01880936,0.01883227,
35,esen-md-direct-all-omol,ASE,-2041728.99401495,,-2041720.65927352,-2041738.86193277,,0.02579124,,0.02619120,0.02574707,
35,esen-sm-conserving-all-omol,ASE,-2041728.46304701,,-2041722.30501593,-2041738.11751270,,0.03731745,,0.03625766,0.03541741,
35,esen-sm-direct-all-omol,ASE,-2041729.78345819,,-2041723.18929590,-2041737.09904505,,0.01280370,,0.01278608,0.01256046,
35,orbmol_v1_conservative,ASE,-2041729.04717993,,-2041721.94041908,-2041737.70036454,,0.01236946,,0.01215292,0.01267413,
35,orbmol_v1_direct,ASE,-2041728.66231137,,-2041718.66498087,-2041737.28347390,,0.00767915,,0.00771616,0.00762652,
35,orbmol_v2,ASE,-2041728.76222356,,-2041719.12075382,-2041737.98583773,,0.01349654,,0.01374456,0.01386284,
35,polar-1-l,ASE,-2041728.88720833,,-2041718.43665294,-2041737.78118653,,0.20793408,,0.20570379,0.20727181,
35,polar-1-m,ASE,-2041726.57396030,,-2041717.41893685,-2041736.84508271,,0.09674755,,0.09796996,0.09644239,
35,polar-1-s,ASE,-2041727.00308200,,-2041716.92124696,-2041735.78208264,,0.04371992,,0.04500180,0.04450932,
35,uma-m-1p1,ASE,-2041728.94658022,,-2041720.01806877,-2041738.26209527,,0.10247020,,0.10351375,0.10240898,
35,uma-s-1p1,ASE,-2041729.50646094,,-2041720.49175151,-2041738.51637190,,0.04420369,,0.04398110,0.04304382,
35,uma-s-1p2,ASE,-2041728.99575759,,-2041720.46466790,-2041738.06506450,,0.04209634,,0.04163397,0.04178562,
36,MACE-OMOL,ASE,-674496.40749471,,-674489.62681337,-674515.03560374,,0.08050590,,0.07915394,0.07877755,
36,aimnet2-nse,ASE,-674761.84531557,,-674741.25541645,-674776.02363991,,0.00328379,,0.00327911,0.00329898,
36,allscaip-md-conserving-all-omol,ASE,-674498.33194588,,-674490.34097824,-674515.04730629,,0.06046894,,0.05924228,0.05883124,
36,allscaip-md-direct-all-omol,ASE,-674499.46659769,,-674494.22468918,-674516.31417003,,0.01894196,,0.01892072,0.01894687,
36,esen-md-direct-all-omol,ASE,-674500.31058772,,-674493.79548512,-674514.86574485,,0.02614971,,0.02647445,0.02613830,
36,esen-sm-conserving-all-omol,ASE,-674496.16425764,,-674492.92811241,-674513.78447521,,0.03514870,,0.03588479,0.03584424,
36,esen-sm-direct-all-omol,ASE,-674499.38347567,,-674495.61353186,-674515.31567294,,0.01276597,,0.01290693,0.01276906,
36,orbmol_v1_conservative,ASE,-674497.38960838,,-674494.06078948,-674513.78619109,,0.01270102,,0.01352974,0.01254106,
36,orbmol_v1_direct,ASE,-674498.00536954,,-674489.14124692,-674512.87977997,,0.00763212,,0.00761302,0.00764631,
36,orbmol_v2,ASE,-674499.31258350,,-674492.27655798,-674514.74365681,,0.01274623,,0.01332585,0.01383489,
36,polar-1-l,ASE,-674498.51110158,,-674491.78812049,-674514.95170237,,0.17912539,,0.17756368,0.17682655,
36,polar-1-m,ASE,-674498.46204009,,-674492.53213492,-674512.93256700,,0.08941060,,0.08662697,0.08710713,
36,polar-1-s,ASE,-674501.88994943,,-674490.74128801,-674511.68591561,,0.04311023,,0.04300844,0.04259340,
36,uma-m-1p1,ASE,-674489.52134319,,-674492.75072177,-674515.21911567,,0.10395263,,0.10455105,0.10478543,
36,uma-s-1p1,ASE,-674496.65881216,,-674492.99009715,-674514.49489890,,0.04412160,,0.04398105,0.04677358,
36,uma-s-1p2,ASE,-674492.26794008,,-674493.10105228,-674514.82090075,,0.04166695,,0.04154345,0.04154294,
37,MACE-OMOL,ASE,-471835.26626482,,-471824.75180555,-471850.11375582,,0.07995530,,0.07939011,0.07928318,
37,aimnet2-nse,ASE,-472076.36604780,,-472056.19641416,-472089.93838583,,0.00326316,,0.00326652,0.00328580,
37,allscaip-md-conserving-all-omol,ASE,-471833.32614805,,-471826.23416325,-471850.49374616,,0.05939538,,0.06174362,0.05925237,
37,allscaip-md-direct-all-omol,ASE,-471825.24500668,,-471830.29153601,-471850.67561110,,0.01881064,,0.01900508,0.01901023,
37,esen-md-direct-all-omol,ASE,-471838.29690984,,-471830.05120656,-471850.37065946,,0.02813704,,0.02629177,0.02604057,
37,esen-sm-conserving-all-omol,ASE,-471835.37638774,,-471828.71101153,-471849.97296413,,0.03594115,,0.03809815,0.03550092,
37,esen-sm-direct-all-omol,ASE,-471837.32319597,,-471829.79034328,-471849.07805863,,0.01539059,,0.01328006,0.01296460,
37,orbmol_v1_conservative,ASE,-471834.53857912,,-471828.83561402,-471848.82840294,,0.01276511,,0.01286258,0.01312736,
37,orbmol_v1_direct,ASE,-471832.86677157,,-471827.25536048,-471847.57067771,,0.00757396,,0.00761800,0.00755253,
37,orbmol_v2,ASE,-471835.36695032,,-471827.36363954,-471850.01447264,,0.01335057,,0.01275066,0.01358462,
37,polar-1-l,ASE,-471836.37213857,,-471828.17464162,-471849.08641169,,0.17981121,,0.17759004,0.17889830,
37,polar-1-m,ASE,-471837.20001957,,-471829.53084142,-471848.27657997,,0.08710354,,0.08564304,0.08607976,
37,polar-1-s,ASE,-471838.97860787,,-471824.72286496,-471846.81398433,,0.04220937,,0.04098916,0.04191214,
37,uma-m-1p1,ASE,-471831.61217496,,-471829.33653815,-471850.43940387,,0.10377236,,0.10431301,0.10424389,
37,uma-s-1p1,ASE,-471835.86602952,,-471828.85902549,-471849.57710816,,0.04316873,,0.04313485,0.04438903,
37,uma-s-1p2,ASE,-471825.28803465,,-471828.85037609,-471850.29776742,,0.04243849,,0.04353879,0.04115464,
38,MACE-OMOL,ASE,-507302.33493974,,-507293.83207681,-218557.00849154,-288737.90873134,0.06701369,,0.06549706,0.06151151,0.03244190
38,aimnet2-nse,ASE,-507513.77851519,,-507501.95597084,-218726.03674547,-288773.89686937,0.00352674,,0.00338355,0.00332707,0.00315460
38,allscaip-md-conserving-all-omol,ASE,-507301.28225218,,-507293.52498523,-218556.50289717,-288733.51953906,0.05988041,,0.05974657,0.06129293,0.00110611
38,allscaip-md-direct-all-omol,ASE,-507302.83029238,,-507294.64371465,-218556.57332805,-288733.51953906,0.02240620,,0.01935713,0.01903500,0.00090791
38,esen-md-direct-all-omol,ASE,-507302.78722053,,-507294.43899155,-218556.63543055,-288733.51953906,0.02599192,,0.02612796,0.02640937,0.00110629
38,esen-sm-conserving-all-omol,ASE,-507301.04475990,,-507292.32457505,-218556.50983279,-288733.51953906,0.03553713,,0.03532987,0.03669256,0.00098555
38,esen-sm-direct-all-omol,ASE,-507300.81839284,,-507294.17381573,-218556.69557657,-288733.51953906,0.01297040,,0.01335537,0.01516705,0.00078102
38,orbmol_v1_conservative,ASE,-507302.17922585,,-507292.15480501,-218556.31863775,-288731.06830177,0.01331255,,0.01317127,0.01324334,0.01142648
38,orbmol_v1_direct,ASE,-507298.88808471,,-507293.70892988,-218556.26391300,-288733.83706046,0.00808067,,0.00769160,0.00813659,0.00705435
38,orbmol_v2,ASE,-507303.59512284,,-507293.51611998,-218556.97378697,-288743.09296476,0.01292001,,0.01327385,0.01322210,0.01223652
38,polar-1-l,ASE,-507301.91967647,,-507294.78893518,-218555.25312812,-288734.88917135,0.16415820,,0.16452305,0.16111916,0.08362680
38,polar-1-m,ASE,-507300.32655250,,-507292.76715236,-218555.08622676,-288732.62317856,0.08105779,,0.08110048,0.07967916,0.05439921
38,polar-1-s,ASE,-507293.22513868,,-507280.01878143,-218551.26112764,-288726.44025969,0.04157370,,0.04096368,0.04123295,0.03291517
38,uma-m-1p1,ASE,-507301.77669597,,-507293.15697513,-218556.32931064,-288733.51953906,0.10493883,,0.10473629,0.10423357,0.00109537
38,uma-s-1p1,ASE,-507300.38138163,,-507294.94709285,-218556.07490543,-288733.51953906,0.04535856,,0.04425694,0.04263147,0.00116957
38,uma-s-1p2,ASE,-507302.42675078,,-507294.54657637,-218556.68405511,-288733.54908402,0.04200455,,0.04181982,0.04469260,0.04011753
39,MACE-OMOL,ASE,-1833747.13124132,,-1833743.68890167,-218557.00849154,-1615193.89700759,0.06640598,,0.06663634,0.06151151,0.03003242
39,aimnet2-nse,ASE,-1834004.94838126,,-1833998.46855271,-218726.03674547,-1615278.93662441,0.00333407,,0.00330307,0.00332707,0.00311586
39,allscaip-md-conserving-all-omol,ASE,-1833745.80586867,,-1833743.47637775,-218556.50289717,-1615189.66250222,0.05956904,,0.06015134,0.06129293,0.00102507
39,allscaip-md-direct-all-omol,ASE,-1833747.39410521,,-1833745.07334246,-218556.57332805,-1615189.66250222,0.01898702,,0.01889445,0.01903500,0.00075836
39,esen-md-direct-all-omol,ASE,-1833747.41252696,,-1833744.49310096,-218556.63543055,-1615189.66250222,0.02601854,,0.02599312,0.02640937,0.00092496
39,esen-sm-conserving-all-omol,ASE,-1833745.57392441,,-1833742.99998051,-218556.50983279,-1615189.66250222,0.03588264,,0.03624888,0.03669256,0.00087357
39,esen-sm-direct-all-omol,ASE,-1833745.88851102,,-1833745.20027151,-218556.69557657,-1615189.66250222,0.01384492,,0.01325152,0.01516705,0.00088656
39,orbmol_v1_conservative,ASE,-1833746.51839697,,-1833743.50249759,-218556.31863775,-1615187.87691821,0.01319483,,0.01269955,0.01324334,0.01062418
39,orbmol_v1_direct,ASE,-1833743.95544207,,-1833742.93498051,-218556.26391300,-1615190.05329082,0.00757557,,0.00759503,0.00813659,0.00643644
39,orbmol_v2,ASE,-1833748.12254490,,-1833744.70070701,-218556.97378697,-1615194.38729589,0.01331789,,0.01381681,0.01322210,0.01153115
39,polar-1-l,ASE,-1833746.59934249,,-1833744.35802804,-218555.25312812,-1615191.32426816,0.16435286,,0.16513443,0.16111916,0.08406623
39,polar-1-m,ASE,-1833745.06750906,,-1833742.22818411,-218555.08622676,-1615190.05699822,0.08089966,,0.08050031,0.07967916,0.05266998
39,polar-1-s,ASE,-1833737.02415102,,-1833725.18436999,-218551.26112764,-1615185.55426199,0.04374159,,0.04611154,0.04123295,0.03647269
39,uma-m-1p1,ASE,-1833746.36431458,,-1833743.74579705,-218556.32931064,-1615189.66250222,0.10846916,,0.10576397,0.10423357,0.00103625
39,uma-s-1p1,ASE,-1833744.92572295,,-1833744.06343696,-218556.07490543,-1615189.66250222,0.04486471,,0.04442974,0.04263147,0.00090975
39,uma-s-1p2,ASE,-1833747.05613852,,-1833744.86947734,-218556.68405511,-1615189.68453680,0.04541938,,0.04599433,0.04469260,0.04064897
40,MACE-OMOL,ASE,-579171.67312089,,-579163.23343659,-290423.27815060,-288737.90873134,0.07842683,,0.07627888,0.07458587,0.03244190
40,aimnet2-nse,ASE,-579422.26565663,,-579413.13256457,-290634.20963905,-288773.89686937,0.00330687,,0.00561509,0.00331561,0.00315460
40,allscaip-md-conserving-all-omol,ASE,-579170.94040198,,-579163.23451168,-290423.18978499,-288733.51953906,0.06161599,,0.06049215,0.06266183,0.00110611
40,allscaip-md-direct-all-omol,ASE,-579172.39228105,,-579164.36591413,-290423.11535083,-288733.51953906,0.01887741,,0.01892796,0.01893790,0.00090791
40,esen-md-direct-all-omol,ASE,-579172.77195007,,-579164.58792118,-290423.09360707,-288733.51953906,0.02597679,,0.02631739,0.02652434,0.00110629
40,esen-sm-conserving-all-omol,ASE,-579170.57788190,,-579162.24921424,-290422.69423111,-288733.51953906,0.03549499,,0.03453201,0.03605242,0.00098555
40,esen-sm-direct-all-omol,ASE,-579169.70409739,,-579164.29535859,-290422.72874357,-288733.51953906,0.01263535,,0.01279971,0.01267598,0.00078102
40,orbmol_v1_conservative,ASE,-579171.70071986,,-579161.74443102,-290423.28980700,-288731.06830177,0.01305677,,0.01295524,0.01263733,0.01142648
40,orbmol_v1_direct,ASE,-579168.71399497,,-579164.12551740,-290422.77150496,-288733.83706046,0.00869469,,0.00840746,0.00870289,0.00705435
40,orbmol_v2,ASE,-579172.91011509,,-579162.80925193,-290423.00577155,-288743.09296476,0.01342786,,0.01337598,0.01238823,0.01223652
40,polar-1-l,ASE,-579171.40719371,,-579164.53588200,-290421.47848642,-288734.88917135,0.17754979,,0.17509749,0.17373961,0.08362680
40,polar-1-m,ASE,-579170.40666941,,-579163.05669426,-290421.77500866,-288732.62317856,0.08591083,,0.08634211,0.08469898,0.05439921
40,polar-1-s,ASE,-579163.91037902,,-579150.39130034,-290417.35953061,-288726.44025969,0.04882785,,0.04498579,0.04541062,0.03291517
40,uma-m-1p1,ASE,-579171.19903710,,-579162.88560588,-290422.83229909,-288733.51953906,0.10508187,,0.10900144,0.10847283,0.00109537
40,uma-s-1p1,ASE,-579169.33446457,,-579164.51757905,-290422.95972148,-288733.51953906,0.04373686,,0.04565925,0.04634349,0.00116957
40,uma-s-1p2,ASE,-579171.90178821,,-579164.42656309,-290422.81686304,-288733.54908402,0.04273088,,0.04191073,0.04581798,0.04011753
41,MACE-OMOL,ASE,-805004.42235200,,-804999.37251777,-516257.32037745,-288737.90873134,0.07364536,,0.07328361,0.07219239,0.03244190
41,aimnet2-nse,ASE,-805282.55808233,,-805281.30421309,-516497.63260082,-288773.89686937,0.00359354,,0.00359897,0.00349183,0.00315460
41,allscaip-md-conserving-all-omol,ASE,-805005.38097648,,-804999.60390436,-516256.48518816,-288733.51953906,0.06278729,,0.06132911,0.06131782,0.00110611
41,allscaip-md-direct-all-omol,ASE,-805007.20556238,,-804999.85564144,-516256.55231470,-288733.51953906,0.01895905,,0.01894589,0.01886926,0.00090791
41,esen-md-direct-all-omol,ASE,-805006.48984886,,-805000.70144694,-516256.55287523,-288733.51953906,0.02653051,,0.02625940,0.02657658,0.00110629
41,esen-sm-conserving-all-omol,ASE,-805004.91826304,,-804999.01181022,-516256.23312283,-288733.51953906,0.03579073,,0.03541519,0.03619566,0.00098555
41,esen-sm-direct-all-omol,ASE,-805004.41339758,,-805000.68773439,-516256.28524680,-288733.51953906,0.01293334,,0.01270143,0.01290950,0.00078102
41,orbmol_v1_conservative,ASE,-805005.61307545,,-804998.25327173,-516256.75539203,-288731.06830177,0.01269529,,0.01346291,0.01246445,0.01142648
41,orbmol_v1_direct,ASE,-805003.06803190,,-805002.05860825,-516256.45578882,-288733.83706046,0.00834994,,0.00842508,0.00837115,0.00705435
41,orbmol_v2,ASE,-805007.05429927,,-804999.64330858,-516256.35781471,-288743.09296476,0.01316511,,0.01379438,0.01258837,0.01223652
41,polar-1-l,ASE,-805005.11326342,,-805001.24771850,-516254.69548702,-288734.88917135,0.17449117,,0.17445514,0.17196713,0.08362680
41,polar-1-m,ASE,-805003.15122924,,-805000.42145990,-516254.72073552,-288732.62317856,0.08362445,,0.08460564,0.08356575,0.05439921
41,polar-1-s,ASE,-804995.21655518,,-804993.41993325,-516250.16104898,-288726.44025969,0.04494998,,0.04540183,0.04570515,0.03291517
41,uma-m-1p1,ASE,-805005.93028889,,-804999.98196803,-516256.39585011,-288733.51953906,0.10434120,,0.10749281,0.10226565,0.00109537
41,uma-s-1p1,ASE,-805004.90386387,,-805000.41468310,-516256.47727117,-288733.51953906,0.04589382,,0.04285247,0.04363827,0.00116957
41,uma-s-1p2,ASE,-805005.00729866,,-804999.66242300,-516256.27468839,-288733.54908402,0.04171213,,0.04144921,0.04174791,0.04011753
42,MACE-OMOL,ASE,-270320.29240898,-49301.30115614,-319606.68972390,-319643.58087172,,0.04330232,0.04091162,0.06121124,0.06121188,
42,aimnet2-nse,ASE,-270471.83364859,-49345.79513674,-319793.23984423,-319835.57803266,,0.00327839,0.00329745,0.00330880,0.00332681,
42,allscaip-md-conserving-all-omol,ASE,-270320.94155304,-49301.23990124,-319611.11194165,-319643.41280498,,0.05980580,0.05772811,0.06480787,0.06058915,
42,allscaip-md-direct-all-omol,ASE,-270321.19359526,-49301.26302609,-319613.41865409,-319643.80839063,,0.01888456,0.02045495,0.01895968,0.01908201,
42,esen-md-direct-all-omol,ASE,-270321.45448248,-49301.24580207,-319613.53874587,-319643.51621351,,0.02642310,0.02519268,0.02619799,0.02682172,
42,esen-sm-conserving-all-omol,ASE,-270321.15864931,-49301.25448861,-319610.02606223,-319642.12737834,,0.03613346,0.03491650,0.03489580,0.03674215,
42,esen-sm-direct-all-omol,ASE,-270322.02301013,-49301.25243921,-319612.54269184,-319643.69518989,,0.01295421,0.01258283,0.01455916,0.01282732,
42,orbmol_v1_conservative,ASE,-270321.48687267,-49301.23546416,-319608.95985357,-319643.41501753,,0.01194449,0.01092536,0.01236564,0.01300341,
42,orbmol_v1_direct,ASE,-270319.85710123,-49301.20195573,-319606.22047958,-319643.81961564,,0.00755895,0.00962253,0.00758633,0.00794262,
42,orbmol_v2,ASE,-270320.68115349,-49301.23434874,-319611.77458706,-319642.83913389,,0.01341719,0.02113577,0.01425019,0.01336494,
42,polar-1-l,ASE,-270321.35025341,-49301.21778557,-319609.32838619,-319642.29301588,,0.13398773,0.14390102,0.15856201,0.15738878,
42,polar-1-m,ASE,-270318.90576279,-49301.21669343,-319607.37928711,-319641.58523884,,0.06526507,0.07105985,0.07437371,0.07425187,
42,polar-1-s,ASE,-270316.30695741,-49301.16739638,-319602.76083514,-319635.85635041,,0.04099118,0.03753023,0.04084927,0.04155619,
42,uma-m-1p1,ASE,-270321.48980240,-49301.21509613,-319612.29013808,-319643.18925218,,0.10563582,0.09493454,0.10641479,0.10680377,
42,uma-s-1p1,ASE,-270321.63511790,-49301.23625493,-319609.73395988,-319643.42801194,,0.04402234,0.04510554,0.04237029,0.04531278,
42,uma-s-1p2,ASE,-270320.95543006,-49301.24110367,-319610.32251054,-319643.51643275,,0.04095733,0.05403212,0.04106788,0.04167942,
43,MACE-OMOL,ASE,-191193.55295745,,-191183.33841495,-191212.04608394,,0.05321221,,0.05316198,0.05364518,
43,aimnet2-nse,ASE,-191319.79045547,,-191308.28631438,-191346.92624533,,0.00353316,,0.00342407,0.00340404,
43,allscaip-md-conserving-all-omol,ASE,-191193.19870268,,-191184.22900281,-191213.19900745,,0.06090658,,0.06143586,0.06203185,
43,allscaip-md-direct-all-omol,ASE,-191192.90292887,,-191183.79441389,-191212.78032993,,0.01890375,,0.01880616,0.01904561,
43,esen-md-direct-all-omol,ASE,-191193.72721939,,-191183.76410914,-191213.70995205,,0.02598274,,0.02638437,0.02637754,
43,esen-sm-conserving-all-omol,ASE,-191193.47757753,,-191181.66791961,-191213.45090095,,0.03539088,,0.03633284,0.03585955,
43,esen-sm-direct-all-omol,ASE,-191194.52535646,,-191182.30313814,-191213.57265643,,0.01248104,,0.01275778,0.01271677,
43,orbmol_v1_conservative,ASE,-191191.17606787,,-191179.29936051,-191211.54058085,,0.01227642,,0.01328763,0.01280607,
43,orbmol_v1_direct,ASE,-191188.27237902,,-191178.00590704,-191212.04918984,,0.00755749,,0.00754408,0.00765369,
43,orbmol_v2,ASE,-191192.20180305,,-191181.52803345,-191211.57870992,,0.01364372,,0.01408116,0.01406399,
43,polar-1-l,ASE,-191192.79780578,,-191181.01598541,-191211.76680569,,0.13906662,,0.14025628,0.14332122,
43,polar-1-m,ASE,-191192.69677014,,-191179.02235766,-191209.39854495,,0.06795596,,0.06823349,0.06839530,
43,polar-1-s,ASE,-191188.70590587,,-191172.68186934,-191207.35605920,,0.03953207,,0.04060287,0.04037413,
43,uma-m-1p1,ASE,-191192.69931297,,-191183.75582333,-191213.15084043,,0.10301598,,0.10375023,0.10614530,
43,uma-s-1p1,ASE,-191192.56113984,,-191183.90596177,-191212.91688752,,0.04505585,,0.04279838,0.04384359,
43,uma-s-1p2,ASE,-191192.46598922,,-191182.95373632,-191212.48109117,,0.04108398,,0.04125626,0.04323912,
44,MACE-OMOL,ASE,-191212.04608394,,-191209.14498243,-68745.28342407,-122482.63295590,0.05364518,,0.05417538,0.03986929,0.04796700
44,aimnet2-nse,ASE,-191346.92624533,,-191342.89880435,-68783.09008160,-122583.30200223,0.00340404,,0.00341349,0.00336876,0.00339683
44,allscaip-md-conserving-all-omol,ASE,-191213.19900745,,-191210.20367907,-68745.30884695,-122483.02740425,0.06203185,,0.06137337,0.06026147,0.06155447
44,allscaip-md-direct-all-omol,ASE,-191212.78032993,,-191209.38868466,-68745.31132864,-122483.07023966,0.01904561,,0.02131254,0.01847647,0.02084625
44,esen-md-direct-all-omol,ASE,-191213.70995205,,-191211.60745941,-68745.29616274,-122483.21687982,0.02637754,,0.02613845,0.02577186,0.02610283
44,esen-sm-conserving-all-omol,ASE,-191213.45090095,,-191211.04983769,-68745.29495435,-122482.79667193,0.03585955,,0.03576504,0.03398204,0.03542432
44,esen-sm-direct-all-omol,ASE,-191213.57265643,,-191207.97410556,-68745.31050451,-122483.80090809,0.01271677,,0.01314118,0.01253512,0.01284389
44,orbmol_v1_conservative,ASE,-191211.54058085,,-191207.48611656,-68745.28374344,-122482.71310434,0.01280607,,0.01213295,0.01291067,0.01313663
44,orbmol_v1_direct,ASE,-191212.04918984,,-191207.59023836,-68745.29686663,-122483.10891541,0.00765369,,0.00754512,0.00740196,0.00751478
44,orbmol_v2,ASE,-191211.57870992,,-191209.64510154,-68745.30266296,-122483.32959118,0.01406399,,0.01291382,0.01272638,0.01337189
44,polar-1-l,ASE,-191211.76680569,,-191207.54396718,-68745.40137269,-122482.59742036,0.14332122,,0.13917216,0.11234069,0.13529795
44,polar-1-m,ASE,-191209.39854495,,-191206.08323688,-68745.23708268,-122484.14304841,0.06839530,,0.06801244,0.06009061,0.06553965
44,polar-1-s,ASE,-191207.35605920,,-191199.61462485,-68745.22074053,-122477.97565024,0.04037413,,0.04094628,0.03933151,0.03970137
44,uma-m-1p1,ASE,-191213.15084043,,-191209.75396191,-68745.26371299,-122483.14505904,0.10614530,,0.09877922,0.09996148,0.10248225
44,uma-s-1p1,ASE,-191212.91688752,,-191209.28140533,-68745.28794606,-122483.23124993,0.04384359,,0.04477086,0.04206539,0.04582090
44,uma-s-1p2,ASE,-191212.48109117,,-191209.89701618,-68745.28414388,-122482.88432818,0.04323912,,0.04525699,0.04000899,0.04184264
45,MACE-OMOL,ASE,-265190.72622287,,-265177.26891077,-265199.75841582,,0.08716484,,0.08719163,0.08700072,
45,aimnet2-nse,ASE,-265392.80573638,,-265372.59058355,-265403.72733013,,0.00339921,,0.00333286,0.00344940,
45,allscaip-md-conserving-all-omol,ASE,-265191.22847525,,-265178.57893812,-265201.32205622,,0.06168155,,0.06080258,0.06144763,
45,allscaip-md-direct-all-omol,ASE,-265189.45311488,,-265176.05520612,-265200.99799488,,0.01825877,,0.01829981,0.01824135,
45,esen-md-direct-all-omol,ASE,-265191.15131996,,-265179.02333885,-265201.60166525,,0.02642843,,0.02601739,0.02663743,
45,esen-sm-conserving-all-omol,ASE,-265187.83586888,,-265174.02389081,-265200.16561656,,0.03602700,,0.03629608,0.03554225,
45,esen-sm-direct-all-omol,ASE,-265188.65477694,,-265175.38187300,-265200.96036202,,0.01291150,,0.01263661,0.01311325,
45,orbmol_v1_conservative,ASE,-265189.69797050,,-265171.72666000,-265198.56082926,,0.01272612,,0.01192727,0.01233453,
45,orbmol_v1_direct,ASE,-265191.92538750,,-265172.56362614,-265198.36641061,,0.00767099,,0.00756063,0.00761327,
45,orbmol_v2,ASE,-265189.77034151,,-265176.69820125,-265200.02713799,,0.01333798,,0.01396123,0.01297270,
45,polar-1-l,ASE,-265188.86228979,,-265175.59831128,-265199.83639319,,0.18026041,,0.17997694,0.18014630,
45,polar-1-m,ASE,-265189.32319511,,-265170.99535724,-265194.55366182,,0.08442445,,0.08439509,0.08406096,
45,polar-1-s,ASE,-265182.31759597,,-265166.91345949,-265187.21333645,,0.04408515,,0.04241265,0.04308343,
45,uma-m-1p1,ASE,-265189.85890262,,-265177.35215820,-265200.62196662,,0.10188671,,0.09706163,0.10738621,
45,uma-s-1p1,ASE,-265191.48612259,,-265176.61507875,-265200.57167682,,0.04369139,,0.04393672,0.04404276,
45,uma-s-1p2,ASE,-265189.76717879,,-265177.31010640,-265201.37563915,,0.04292938,,0.04209618,0.04408865,
46,MACE-OMOL,ASE,-265199.75841582,,-265198.92366704,-196484.97977877,-68745.28342407,0.08700072,,0.08705003,0.07929021,0.03986929
46,aimnet2-nse,ASE,-265403.72733013,,-265401.68274240,-196653.06224142,-68783.09008160,0.00344940,,0.00334767,0.00335409,0.00336876
46,allscaip-md-conserving-all-omol,ASE,-265201.32205622,,-265200.24449080,-196484.69146469,-68745.30884695,0.06144763,,0.05618084,0.05895360,0.06026147
46,allscaip-md-direct-all-omol,ASE,-265200.99799488,,-265198.95169820,-196484.29150395,-68745.31132864,0.01824135,,0.01825523,0.01886666,0.01847647
46,esen-md-direct-all-omol,ASE,-265201.60166525,,-265200.49455179,-196484.56834555,-68745.29616274,0.02663743,,0.02652524,0.02636139,0.02577186
46,esen-sm-conserving-all-omol,ASE,-265200.16561656,,-265200.00202113,-196483.69282965,-68745.29495435,0.03554225,,0.03585910,0.03673411,0.03398204
46,esen-sm-direct-all-omol,ASE,-265200.96036202,,-265199.24893431,-196481.57847447,-68745.31050451,0.01311325,,0.01289425,0.01287768,0.01253512
46,orbmol_v1_conservative,ASE,-265198.56082926,,-265196.81051806,-196483.62303028,-68745.28374344,0.01233453,,0.01451994,0.01258889,0.01291067
46,orbmol_v1_direct,ASE,-265198.36641061,,-265197.28801318,-196484.18146624,-68745.29686663,0.00761327,,0.00764204,0.00757411,0.00740196
46,orbmol_v2,ASE,-265200.02713799,,-265199.43262966,-196484.59304946,-68745.30266296,0.01297270,,0.01344086,0.01428046,0.01272638
46,polar-1-l,ASE,-265199.83639319,,-265197.94374056,-196484.51460530,-68745.40137269,0.18014630,,0.17953396,0.17300525,0.11234069
46,polar-1-m,ASE,-265194.55366182,,-265193.53913327,-196482.01022420,-68745.23708268,0.08406096,,0.08374872,0.08063311,0.06009061
46,polar-1-s,ASE,-265187.21333645,,-265184.36106069,-196476.30005969,-68745.22074053,0.04308343,,0.04289128,0.04305755,0.03933151
46,uma-m-1p1,ASE,-265200.62196662,,-265200.06023305,-196484.10438189,-68745.26371299,0.10738621,,0.09756382,0.10033515,0.09996148
46,uma-s-1p1,ASE,-265200.57167682,,-265198.88913986,-196484.33446971,-68745.28794606,0.04404276,,0.04405328,0.04562327,0.04206539
46,uma-s-1p2,ASE,-265201.37563915,,-265200.34450784,-196483.83667145,-68745.28414388,0.04408865,,0.04224999,0.04175463,0.04000899
47,MACE-OMOL,ASE,-262970.84972074,,-262957.19663687,-194226.77720587,-68745.28342407,0.06141552,,0.06167171,0.05332226,0.03986929
47,aimnet2-nse,ASE,-263158.42207166,,-263139.91975110,-194375.98183040,-68783.09008160,0.00342697,,0.00433390,0.00344315,0.00336876
47,allscaip-md-conserving-all-omol,ASE,-262971.34910950,,-262957.43532571,-194226.41189108,-68745.30884695,0.05860479,,0.05552265,0.05863679,0.06026147
47,allscaip-md-direct-all-omol,ASE,-262971.29560785,,-262956.96034253,-194226.65524636,-68745.31132864,0.01891932,,0.01897118,0.01845325,0.01847647
47,esen-md-direct-all-omol,ASE,-262970.38884931,,-262957.92165029,-194226.65239838,-68745.29616274,0.02636940,,0.03229043,0.02638749,0.02577186
47,esen-sm-conserving-all-omol,ASE,-262969.32732721,,-262956.46125457,-194226.07742934,-68745.29495435,0.03622053,,0.03498439,0.03652609,0.03398204
47,esen-sm-direct-all-omol,ASE,-262971.29187568,,-262952.50020003,-194225.94095291,-68745.31050451,0.01278730,,0.01275838,0.01289698,0.01253512
47,orbmol_v1_conservative,ASE,-262969.94405809,,-262955.78879937,-194225.44190558,-68745.28374344,0.01391369,,0.01206136,0.01378606,0.01291067
47,orbmol_v1_direct,ASE,-262970.57675709,,-262957.09216819,-194225.75155008,-68745.29686663,0.00767833,,0.00763295,0.00881299,0.00740196
47,orbmol_v2,ASE,-262971.20481348,,-262957.83134637,-194227.34890333,-68745.30266296,0.01421420,,0.01357059,0.01413023,0.01272638
47,polar-1-l,ASE,-262968.97537413,,-262954.28939011,-194225.88577712,-68745.40137269,0.15813130,,0.15802951,0.14679265,0.11234069
47,polar-1-m,ASE,-262968.30137156,,-262951.13165223,-194226.00479351,-68745.23708268,0.07601185,,0.07599223,0.07592716,0.06009061
47,polar-1-s,ASE,-262960.21363816,,-262938.70438786,-194222.65504556,-68745.22074053,0.04154622,,0.04238674,0.04564249,0.03933151
47,uma-m-1p1,ASE,-262971.27276106,,-262956.78882485,-194226.16138738,-68745.26371299,0.09627221,,0.09607641,0.09750688,0.09996148
47,uma-s-1p1,ASE,-262970.97630716,,-262956.71171533,-194226.18337665,-68745.28794606,0.04784053,,0.04379254,0.04436467,0.04206539
47,uma-s-1p2,ASE,-262970.54988641,,-262955.98997379,-194226.44768449,-68745.28414388,0.04546737,,0.04598562,0.04628657,0.04000899
48,MACE-OMOL,ASE,-665811.21941043,,-665808.32336752,-597091.95913001,-68745.28342407,0.13031924,,0.12786347,0.11953609,0.03986929
48,aimnet2-nse,ASE,-666206.71353012,,-666206.20823674,-597452.42407201,-68783.09008160,0.00348388,,0.00333756,0.00439474,0.00336876
48,allscaip-md-conserving-all-omol,ASE,-665812.04126725,,-665808.42005584,-597092.61356970,-68745.30884695,0.06250419,,0.06066991,0.06029266,0.06026147
48,allscaip-md-direct-all-omol,ASE,-665812.67198858,,-665808.57441947,-597093.30449756,-68745.31132864,0.01932474,,0.01884135,0.01911614,0.01847647
48,esen-md-direct-all-omol,ASE,-665812.33679579,,-665810.25711538,-597093.31056512,-68745.29616274,0.04258956,,0.02754425,0.02668815,0.02577186
48,esen-sm-conserving-all-omol,ASE,-665812.25344221,,-665808.29645093,-597092.38075744,-68745.29495435,0.03637337,,0.03571480,0.03612267,0.03398204
48,esen-sm-direct-all-omol,ASE,-665812.40824063,,-665805.47636003,-597092.30417714,-68745.31050451,0.02598294,,0.01373720,0.01308653,0.01253512
48,orbmol_v1_conservative,ASE,-665811.55456422,,-665806.65169378,-597092.41174198,-68745.28374344,0.01227597,,0.01303025,0.01438010,0.01291067
48,orbmol_v1_direct,ASE,-665810.95052499,,-665805.89768853,-597090.35336586,-68745.29686663,0.00826352,,0.00766553,0.00778299,0.00740196
48,orbmol_v2,ASE,-665810.89276784,,-665809.14460364,-597092.89053807,-68745.30266296,0.01502782,,0.01353490,0.01430476,0.01272638
48,polar-1-l,ASE,-665809.67086882,,-665807.30372463,-597090.02618406,-68745.40137269,0.26697093,,0.26715058,0.25721694,0.11234069
48,polar-1-m,ASE,-665806.28410117,,-665804.59488626,-597086.17306984,-68745.23708268,0.11739307,,0.11787688,0.11488135,0.06009061
48,polar-1-s,ASE,-665801.28594084,,-665796.92133929,-597086.60913264,-68745.22074053,0.05014297,,0.05154343,0.05154479,0.03933151
48,uma-m-1p1,ASE,-665811.58446484,,-665808.23382384,-597092.32242034,-68745.26371299,0.10722988,,0.10652976,0.09864080,0.09996148
48,uma-s-1p1,ASE,-665811.18936040,,-665806.58162277,-597092.70407192,-68745.28794606,0.04398243,,0.04591079,0.04294837,0.04206539
48,uma-s-1p2,ASE,-665811.30505184,,-665807.78823329,-597092.70005214,-68745.28414388,0.04697360,,0.04715576,0.04685722,0.04000899
49,MACE-OMOL,ASE,-368179.49061163,,-368174.23318933,-299487.61446868,-68745.28342407,0.07179006,,0.06947999,0.06277090,0.03986929
49,aimnet2-nse,ASE,-368408.52416967,,-368406.23254132,-299680.94905662,-68783.09008160,0.00356367,,0.00338550,0.00335873,0.00336876
49,allscaip-md-conserving-all-omol,ASE,-368180.70670598,,-368174.89252606,-299487.02909156,-68745.30884695,0.05516543,,0.05404295,0.05724622,0.06026147
49,allscaip-md-direct-all-omol,ASE,-368181.11271596,,-368175.05973316,-299487.95086936,-68745.31132864,0.01882781,,0.01878143,0.01899848,0.01847647
49,esen-md-direct-all-omol,ASE,-368181.26053464,,-368175.02379852,-299487.21669003,-68745.29616274,0.02669117,,0.02650943,0.02641032,0.02577186
49,esen-sm-conserving-all-omol,ASE,-368180.21029604,,-368173.46414604,-299486.21484580,-68745.29495435,0.03635954,,0.03582992,0.03623856,0.03398204
49,esen-sm-direct-all-omol,ASE,-368180.83470535,,-368175.14382547,-299485.34503274,-68745.31050451,0.01304505,,0.01285627,0.01530116,0.01253512
49,orbmol_v1_conservative,ASE,-368178.99193231,,-368172.24729315,-299486.55948493,-68745.28374344,0.01225003,,0.01317090,0.01158972,0.01291067
49,orbmol_v1_direct,ASE,-368178.41619849,,-368172.20186952,-299487.17845599,-68745.29686663,0.00763347,,0.00761410,0.00760730,0.00740196
49,orbmol_v2,ASE,-368181.46412546,,-368173.74128188,-299486.22367972,-68745.30266296,0.01348412,,0.01415694,0.01272937,0.01272638
49,polar-1-l,ASE,-368178.04325355,,-368173.96909916,-299484.67250724,-68745.40137269,0.16743395,,0.16628650,0.16029400,0.11234069
49,polar-1-m,ASE,-368174.36921654,,-368171.60189183,-299483.32418233,-68745.23708268,0.08117869,,0.08204709,0.07787394,0.06009061
49,polar-1-s,ASE,-368159.69866435,,-368158.60210110,-299476.46895380,-68745.22074053,0.04466506,,0.04301716,0.04390359,0.03933151
49,uma-m-1p1,ASE,-368180.40780271,,-368175.64125051,-299486.32134713,-68745.26371299,0.09688621,,0.30474854,0.09793477,0.09996148
49,uma-s-1p1,ASE,-368180.57858159,,-368174.30611103,-299486.55747078,-68745.28794606,0.04321265,,0.04387435,0.04332136,0.04206539
49,uma-s-1p2,ASE,-368180.48820446,,-368174.18191064,-299486.72606351,-68745.28414388,0.04639889,,0.04875504,0.04651242,0.04000899
50,MACE-OMOL,ASE,-404754.97137535,-261026.15430155,-665780.62768662,-665811.21941043,,0.07010701,0.05054090,0.12406808,0.13031924,
50,aimnet2-nse,ASE,-404996.14800297,-261185.37485415,-666170.77425478,-666206.71353012,,0.00435182,0.00420730,0.00332132,0.00348388,
50,allscaip-md-conserving-all-omol,ASE,-404755.24803528,-261026.27130276,-665782.44459885,-665812.04126725,,0.05491213,0.05477886,0.05469213,0.06250419,
50,allscaip-md-direct-all-omol,ASE,-404754.96726018,-261026.32045269,-665783.09192433,-665812.67198858,,0.01893364,0.01913867,0.02064447,0.01932474,
50,esen-md-direct-all-omol,ASE,-404756.60964004,-261026.27879895,-665782.04234715,-665812.33679579,,0.02626721,0.02583184,0.02678995,0.04258956,
50,esen-sm-conserving-all-omol,ASE,-404752.92544343,-261026.23376329,-665780.11294125,-665812.25344221,,0.03610254,0.03571577,0.03679225,0.03637337,
50,esen-sm-direct-all-omol,ASE,-404753.45700802,-261026.37534487,-665780.40664532,-665812.40824063,,0.01333025,0.01303862,0.01366864,0.02598294,
50,orbmol_v1_conservative,ASE,-404754.74882171,-261026.36461282,-665777.53978413,-665811.55456422,,0.01300270,0.01286645,0.01363317,0.01227597,
50,orbmol_v1_direct,ASE,-404753.40700421,-261026.20175229,-665776.05129569,-665810.95052499,,0.00752213,0.00759385,0.00767513,0.00826352,
50,orbmol_v2,ASE,-404754.02223616,-261026.23302493,-665779.51694266,-665810.89276784,,0.01388383,0.01383448,0.01412130,0.01502782,
50,polar-1-l,ASE,-404754.47494769,-261025.99297330,-665779.36319354,-665809.67086882,,0.16903991,0.13924367,0.26364013,0.26697093,
50,polar-1-m,ASE,-404753.72276730,-261026.32470045,-665774.88129678,-665806.28410117,,0.08275766,0.06858916,0.11721166,0.11739307,
50,polar-1-s,ASE,-404752.76570923,-261026.05519555,-665770.56324571,-665801.28594084,,0.04676178,0.04250636,0.05154700,0.05014297,
50,uma-m-1p1,ASE,-404754.56571433,-261026.29126968,-665781.95398965,-665811.58446484,,0.09934157,0.09820278,0.10138306,0.10722988,
50,uma-s-1p1,ASE,-404755.07518767,-261026.28863870,-665778.83044613,-665811.18936040,,0.04332045,0.04244960,0.04303131,0.04398243,
50,uma-s-1p2,ASE,-404754.93538375,-261026.31013315,-665779.66820316,-665811.30505184,,0.04548266,0.04546754,0.05205730,0.04697360,
